ccode;cname;year;ccode_qog;cname_qog;ccodealp;ccodecow;cname_year;ccodealp_year;bicc_gmi;bicc_hw;bicc_milexp;bicc_milper
4,00;Afghanistan;2004;4;Afghanistan;AFG;700,00;Afghanistan 2004;AFG04;87,48;0,03;1,48;0,90
4,00;Afghanistan;2005;4;Afghanistan;AFG;700,00;Afghanistan 2005;AFG05;69,43;0,03;1,30;0,59
4,00;Afghanistan;2006;4;Afghanistan;AFG;700,00;Afghanistan 2006;AFG06;74,30;0,03;1,25;0,77
4,00;Afghanistan;2007;4;Afghanistan;AFG;700,00;Afghanistan 2007;AFG07;83,21;0,02;1,52;0,75
4,00;Afghanistan;2008;4;Afghanistan;AFG;700,00;Afghanistan 2008;AFG08;80,49;0,03;1,43;0,76
4,00;Afghanistan;2009;4;Afghanistan;AFG;700,00;Afghanistan 2009;AFG09;94,67;0,35;1,34;0,91
4,00;Afghanistan;2010;4;Afghanistan;AFG;700,00;Afghanistan 2010;AFG10;111,42;0,34;1,30;1,41
4,00;Afghanistan;2011;4;Afghanistan;AFG;700,00;Afghanistan 2011;AFG11;117,74;0,47;1,25;1,50
4,00;Afghanistan;2012;4;Afghanistan;AFG;700,00;Afghanistan 2012;AFG12;107,78;0,46;0,93;1,56
4,00;Afghanistan;2013;4;Afghanistan;AFG;700,00;Afghanistan 2013;AFG13;117,14;0,85;0,86;1,49
4,00;Afghanistan;2014;4;Afghanistan;AFG;700,00;Afghanistan 2014;AFG14;122,07;0,93;0,98;1,43
4,00;Afghanistan;2015;4;Afghanistan;AFG;700,00;Afghanistan 2015;AFG15;115,64;0,99;0,80;1,37
4,00;Afghanistan;2016;4;Afghanistan;AFG;700,00;Afghanistan 2016;AFG16;114,51;0,98;0,77;1,38
4,00;Afghanistan;2017;4;Afghanistan;AFG;700,00;Afghanistan 2017;AFG17;114,50;0,97;0,76;1,41
4,00;Afghanistan;2018;4;Afghanistan;AFG;700,00;Afghanistan 2018;AFG18;113,21;0,98;0,79;1,33
4,00;Afghanistan;2019;4;Afghanistan;AFG;700,00;Afghanistan 2019;AFG19;114,89;0,97;0,87;1,29
4,00;Afghanistan;2020;4;Afghanistan;AFG;700,00;Afghanistan 2020;AFG20;115,81;0,96;0,97;1,24
4,00;Afghanistan;2021;4;Afghanistan;AFG;700,00;Afghanistan 2021;AFG21;85,14;0,00;1,16;1,18
4,00;Afghanistan;2022;4;Afghanistan;AFG;700,00;Afghanistan 2022;AFG22;69,51;0,01;1,16;0,75
4,00;Afghanistan;2023;4;Afghanistan;AFG;700,00;Afghanistan 2023;AFG23;75,28;0,01;1,16;0,91
8,00;Albania;1990;8;Albania;ALB;339,00;Albania 1990;ALB90;261,52;2,62;2,53;1,95
8,00;Albania;1991;8;Albania;ALB;339,00;Albania 1991;ALB91;260,61;2,62;2,51;1,94
8,00;Albania;1992;8;Albania;ALB;339,00;Albania 1992;ALB92;253,93;2,80;2,24;1,85
8,00;Albania;1993;8;Albania;ALB;339,00;Albania 1993;ALB93;261,92;2,79;1,81;2,51
8,00;Albania;1994;8;Albania;ALB;339,00;Albania 1994;ALB94;255,25;2,86;1,58;2,49
8,00;Albania;1995;8;Albania;ALB;339,00;Albania 1995;ALB95;249,46;2,88;1,39;2,50
8,00;Albania;1996;8;Albania;ALB;339,00;Albania 1996;ALB96;224,06;2,88;1,05;2,15
8,00;Albania;1997;8;Albania;ALB;339,00;Albania 1997;ALB97;186,32;2,89;0,99;1,18
8,00;Albania;1998;8;Albania;ALB;339,00;Albania 1998;ALB98;186,15;2,89;0,98;1,19
8,00;Albania;1999;8;Albania;ALB;339,00;Albania 1999;ALB99;155,06;2,85;0,99;0,38
8,00;Albania;2000;8;Albania;ALB;339,00;Albania 2000;ALB00;188,98;2,72;1,01;1,41
8,00;Albania;2001;8;Albania;ALB;339,00;Albania 2001;ALB01;163,17;2,42;1,04;0,98
8,00;Albania;2002;8;Albania;ALB;339,00;Albania 2002;ALB02;162,39;2,35;1,06;1,01
8,00;Albania;2003;8;Albania;ALB;339,00;Albania 2003;ALB03;153,93;2,25;1,06;0,88
8,00;Albania;2004;8;Albania;ALB;339,00;Albania 2004;ALB04;154,53;2,25;1,08;0,87
8,00;Albania;2005;8;Albania;ALB;339,00;Albania 2005;ALB05;154,24;2,26;1,07;0,87
8,00;Albania;2006;8;Albania;ALB;339,00;Albania 2006;ALB06;133,52;1,88;1,19;0,57
8,00;Albania;2007;8;Albania;ALB;339,00;Albania 2007;ALB07;138,09;1,89;1,31;0,57
8,00;Albania;2008;8;Albania;ALB;339,00;Albania 2008;ALB08;94,00;0,50;1,40;0,68
8,00;Albania;2009;8;Albania;ALB;339,00;Albania 2009;ALB09;82,97;0,44;1,16;0,68
8,00;Albania;2010;8;Albania;ALB;339,00;Albania 2010;ALB10;83,37;0,44;1,17;0,68
8,00;Albania;2011;8;Albania;ALB;339,00;Albania 2011;ALB11;83,09;0,45;1,15;0,68
8,00;Albania;2012;8;Albania;ALB;339,00;Albania 2012;ALB12;82,09;0,45;1,13;0,68
8,00;Albania;2013;8;Albania;ALB;339,00;Albania 2013;ALB13;80,43;0,45;1,09;0,68
8,00;Albania;2014;8;Albania;ALB;339,00;Albania 2014;ALB14;54,46;0,00;1,05;0,46
8,00;Albania;2015;8;Albania;ALB;339,00;Albania 2015;ALB15;50,54;0,00;0,94;0,46
8,00;Albania;2016;8;Albania;ALB;339,00;Albania 2016;ALB16;49,44;0,00;0,90;0,47
8,00;Albania;2017;8;Albania;ALB;339,00;Albania 2017;ALB17;49,67;0,00;0,91;0,47
8,00;Albania;2018;8;Albania;ALB;339,00;Albania 2018;ALB18;49,66;0,07;0,94;0,37
8,00;Albania;2019;8;Albania;ALB;339,00;Albania 2019;ALB19;75,35;0,67;1,01;0,40
8,00;Albania;2020;8;Albania;ALB;339,00;Albania 2020;ALB20;74,58;0,67;1,00;0,38
8,00;Albania;2021;8;Albania;ALB;339,00;Albania 2021;ALB21;73,14;0,68;0,98;0,36
8,00;Albania;2022;8;Albania;ALB;339,00;Albania 2022;ALB22;72,72;0,68;0,96;0,36
8,00;Albania;2023;8;Albania;ALB;339,00;Albania 2023;ALB23;83,23;0,69;1,24;0,37
12,00;Algeria;1990;12;Algeria;DZA;615,00;Algeria 1990;DZA90;138,66;1,85;1,22;0,33
12,00;Algeria;1991;12;Algeria;DZA;615,00;Algeria 1991;DZA91;129,33;1,79;1,07;0,33
12,00;Algeria;1992;12;Algeria;DZA;615,00;Algeria 1992;DZA92;152,94;1,77;1,58;0,40
12,00;Algeria;1993;12;Algeria;DZA;615,00;Algeria 1993;DZA93;156,10;1,74;1,75;0,34
12,00;Algeria;1994;12;Algeria;DZA;615,00;Algeria 1994;DZA94;166,16;1,73;2,01;0,33
12,00;Algeria;1995;12;Algeria;DZA;615,00;Algeria 1995;DZA95;161,52;1,71;1,92;0,32
12,00;Algeria;1996;12;Algeria;DZA;615,00;Algeria 1996;DZA96;167,01;1,75;2,02;0,32
12,00;Algeria;1997;12;Algeria;DZA;615,00;Algeria 1997;DZA97;179,92;1,72;2,19;0,49
12,00;Algeria;1998;12;Algeria;DZA;615,00;Algeria 1998;DZA98;184,79;1,74;2,30;0,48
12,00;Algeria;1999;12;Algeria;DZA;615,00;Algeria 1999;DZA99;184,47;1,73;2,25;0,53
12,00;Algeria;2000;12;Algeria;DZA;615,00;Algeria 2000;DZA00;179,91;1,75;2,13;0,53
12,00;Algeria;2001;12;Algeria;DZA;615,00;Algeria 2001;DZA01;184,50;1,77;2,22;0,52
12,00;Algeria;2002;12;Algeria;DZA;615,00;Algeria 2002;DZA02;188,62;1,79;2,19;1,14
12,00;Algeria;2003;12;Algeria;DZA;615,00;Algeria 2003;DZA03;181,22;1,77;2,05;1,11
12,00;Algeria;2004;12;Algeria;DZA;615,00;Algeria 2004;DZA04;179,58;1,71;2,07;1,10
12,00;Algeria;2005;12;Algeria;DZA;615,00;Algeria 2005;DZA05;176,29;1,74;1,93;1,13
12,00;Algeria;2006;12;Algeria;DZA;615,00;Algeria 2006;DZA06;172,87;1,73;1,84;1,14
12,00;Algeria;2007;12;Algeria;DZA;615,00;Algeria 2007;DZA07;172,01;1,67;1,90;1,10
12,00;Algeria;2008;12;Algeria;DZA;615,00;Algeria 2008;DZA08;172,13;1,68;1,91;1,10
12,00;Algeria;2009;12;Algeria;DZA;615,00;Algeria 2009;DZA09;179,43;1,69;2,10;1,09
12,00;Algeria;2010;12;Algeria;DZA;615,00;Algeria 2010;DZA10;175,13;1,67;2,01;1,08
12,00;Algeria;2011;12;Algeria;DZA;615,00;Algeria 2011;DZA11;180,99;1,64;2,25;1,03
12,00;Algeria;2012;12;Algeria;DZA;615,00;Algeria 2012;DZA12;179,84;1,63;2,24;1,02
12,00;Algeria;2013;12;Algeria;DZA;615,00;Algeria 2013;DZA13;180,54;1,64;2,34;0,44
12,00;Algeria;2014;12;Algeria;DZA;615,00;Algeria 2014;DZA14;187,25;1,67;2,48;0,44
12,00;Algeria;2015;12;Algeria;DZA;615,00;Algeria 2015;DZA15;192,79;1,68;2,61;0,43
12,00;Algeria;2016;12;Algeria;DZA;615,00;Algeria 2016;DZA16;190,90;1,68;2,66;0,86
12,00;Algeria;2017;12;Algeria;DZA;615,00;Algeria 2017;DZA17;186,66;1,66;2,56;0,85
12,00;Algeria;2018;12;Algeria;DZA;615,00;Algeria 2018;DZA18;183,58;1,67;2,47;0,84
12,00;Algeria;2019;12;Algeria;DZA;615,00;Algeria 2019;DZA19;189,49;1,69;2,62;0,84
12,00;Algeria;2020;12;Algeria;DZA;615,00;Algeria 2020;DZA20;193,48;1,69;2,74;0,83
12,00;Algeria;2021;12;Algeria;DZA;615,00;Algeria 2021;DZA21;186,55;1,68;2,55;0,84
12,00;Algeria;2022;12;Algeria;DZA;615,00;Algeria 2022;DZA22;179,04;1,70;2,33;0,83
12,00;Algeria;2023;12;Algeria;DZA;615,00;Algeria 2023;DZA23;206,01;1,69;3,08;0,83
24,00;Angola;1990;24;Angola;AGO;540,00;Angola 1990;AGO90;262,12;1,89;4,03;0,48
24,00;Angola;1991;24;Angola;AGO;540,00;Angola 1991;AGO91;207,58;1,87;2,76;0,45
24,00;Angola;1992;24;Angola;AGO;540,00;Angola 1992;AGO92;195,07;1,71;2,50;0,56
24,00;Angola;1993;24;Angola;AGO;540,00;Angola 1993;AGO93;239,03;1,38;4,18;0,28
24,00;Angola;1994;24;Angola;AGO;540,00;Angola 1994;AGO94;180,56;1,36;2,58;0,48
24,00;Angola;1995;24;Angola;AGO;540,00;Angola 1995;AGO95;165,19;1,33;2,28;0,44
24,00;Angola;1996;24;Angola;AGO;540,00;Angola 1996;AGO96;149,01;1,47;1,82;0,37
24,00;Angola;1997;24;Angola;AGO;540,00;Angola 1997;AGO97;219,96;1,38;2,87;1,73
24,00;Angola;1998;24;Angola;AGO;540,00;Angola 1998;AGO98;182,44;1,39;1,84;1,73
24,00;Angola;1999;24;Angola;AGO;540,00;Angola 1999;AGO99;319,63;1,53;4,56;1,71
24,00;Angola;2000;24;Angola;AGO;540,00;Angola 2000;AGO00;242,78;1,62;3,32;1,65
24,00;Angola;2001;24;Angola;AGO;540,00;Angola 2001;AGO01;215,11;1,70;2,37;1,77
24,00;Angola;2002;24;Angola;AGO;540,00;Angola 2002;AGO02;191,03;1,67;1,93;1,58
24,00;Angola;2003;24;Angola;AGO;540,00;Angola 2003;AGO03;172,70;1,61;2,24;0,38
24,00;Angola;2004;24;Angola;AGO;540,00;Angola 2004;AGO04;187,70;1,48;2,09;1,53
24,00;Angola;2005;24;Angola;AGO;540,00;Angola 2005;AGO05;194,70;1,46;2,31;1,52
24,00;Angola;2006;24;Angola;AGO;540,00;Angola 2006;AGO06;195,21;1,44;2,36;1,50
24,00;Angola;2007;24;Angola;AGO;540,00;Angola 2007;AGO07;182,09;1,41;2,08;1,46
24,00;Angola;2008;24;Angola;AGO;540,00;Angola 2008;AGO08;186,58;1,39;2,20;1,48
24,00;Angola;2009;24;Angola;AGO;540,00;Angola 2009;AGO09;187,44;1,37;2,49;1,23
24,00;Angola;2010;24;Angola;AGO;540,00;Angola 2010;AGO10;186,91;1,36;2,50;1,22
24,00;Angola;2011;24;Angola;AGO;540,00;Angola 2011;AGO11;174,28;1,34;2,18;1,21
24,00;Angola;2012;24;Angola;AGO;540,00;Angola 2012;AGO12;174,61;1,32;2,22;1,21
24,00;Angola;2013;24;Angola;AGO;540,00;Angola 2013;AGO13;186,77;1,30;2,58;1,20
24,00;Angola;2014;24;Angola;AGO;540,00;Angola 2014;AGO14;190,71;1,28;2,72;1,19
24,00;Angola;2015;24;Angola;AGO;540,00;Angola 2015;AGO15;146,77;1,26;2,13;0,21
24,00;Angola;2016;24;Angola;AGO;540,00;Angola 2016;AGO16;138,55;1,24;1,96;0,20
24,00;Angola;2017;24;Angola;AGO;540,00;Angola 2017;AGO17;148,26;1,22;1,85;0,97
24,00;Angola;2018;24;Angola;AGO;540,00;Angola 2018;AGO18;139,49;1,24;1,60;0,96
24,00;Angola;2019;24;Angola;AGO;540,00;Angola 2019;AGO19;134,73;1,23;1,50;0,95
24,00;Angola;2020;24;Angola;AGO;540,00;Angola 2020;AGO20;130,68;1,21;1,41;0,95
24,00;Angola;2021;24;Angola;AGO;540,00;Angola 2021;AGO21;121,12;1,19;1,18;0,94
24,00;Angola;2022;24;Angola;AGO;540,00;Angola 2022;AGO22;121,71;1,20;1,19;0,93
24,00;Angola;2023;24;Angola;AGO;540,00;Angola 2023;AGO23;120,80;1,17;1,20;0,93
31,00;Azerbaijan;1992;31;Azerbaijan;AZE;373,00;Azerbaijan 1992;AZE92;174,79;2,06;1,55;1,15
31,00;Azerbaijan;1993;31;Azerbaijan;AZE;373,00;Azerbaijan 1993;AZE93;208,98;2,05;2,37;1,26
31,00;Azerbaijan;1994;31;Azerbaijan;AZE;373,00;Azerbaijan 1994;AZE94;181,27;2,02;1,36;1,55
31,00;Azerbaijan;1995;31;Azerbaijan;AZE;373,00;Azerbaijan 1995;AZE95;203,50;2,04;1,70;1,78
31,00;Azerbaijan;1996;31;Azerbaijan;AZE;373,00;Azerbaijan 1996;AZE96;188,34;1,98;1,50;1,64
31,00;Azerbaijan;1997;31;Azerbaijan;AZE;373,00;Azerbaijan 1997;AZE97;183,55;1,84;1,55;1,60
31,00;Azerbaijan;1998;31;Azerbaijan;AZE;373,00;Azerbaijan 1998;AZE98;174,37;1,71;1,59;1,44
31,00;Azerbaijan;1999;31;Azerbaijan;AZE;373,00;Azerbaijan 1999;AZE99;175,62;1,68;1,68;1,41
31,00;Azerbaijan;2000;31;Azerbaijan;AZE;373,00;Azerbaijan 2000;AZE00;179,65;1,75;1,71;1,42
31,00;Azerbaijan;2001;31;Azerbaijan;AZE;373,00;Azerbaijan 2001;AZE01;184,84;1,86;1,76;1,41
31,00;Azerbaijan;2002;31;Azerbaijan;AZE;373,00;Azerbaijan 2002;AZE02;170,86;1,76;1,73;1,16
31,00;Azerbaijan;2003;31;Azerbaijan;AZE;373,00;Azerbaijan 2003;AZE03;173,85;1,80;1,82;1,11
31,00;Azerbaijan;2004;31;Azerbaijan;AZE;373,00;Azerbaijan 2004;AZE04;177,07;1,80;1,92;1,10
31,00;Azerbaijan;2005;31;Azerbaijan;AZE;373,00;Azerbaijan 2005;AZE05;176,90;1,89;1,84;1,09
31,00;Azerbaijan;2006;31;Azerbaijan;AZE;373,00;Azerbaijan 2006;AZE06;195,93;1,88;2,37;1,08
31,00;Azerbaijan;2007;31;Azerbaijan;AZE;373,00;Azerbaijan 2007;AZE07;187,32;1,87;2,16;1,06
31,00;Azerbaijan;2008;31;Azerbaijan;AZE;373,00;Azerbaijan 2008;AZE08;194,34;1,91;2,32;1,05
31,00;Azerbaijan;2009;31;Azerbaijan;AZE;373,00;Azerbaijan 2009;AZE09;188,21;1,90;2,19;1,03
31,00;Azerbaijan;2010;31;Azerbaijan;AZE;373,00;Azerbaijan 2010;AZE10;180,01;1,88;1,99;1,02
31,00;Azerbaijan;2011;31;Azerbaijan;AZE;373,00;Azerbaijan 2011;AZE11;205,72;1,89;2,67;1,02
31,00;Azerbaijan;2012;31;Azerbaijan;AZE;373,00;Azerbaijan 2012;AZE12;204,70;1,98;2,57;1,01
31,00;Azerbaijan;2013;31;Azerbaijan;AZE;373,00;Azerbaijan 2013;AZE13;205,71;2,07;2,52;1,00
31,00;Azerbaijan;2014;31;Azerbaijan;AZE;373,00;Azerbaijan 2014;AZE14;203,55;2,06;2,48;0,99
31,00;Azerbaijan;2015;31;Azerbaijan;AZE;373,00;Azerbaijan 2015;AZE15;208,62;2,05;2,63;0,98
31,00;Azerbaijan;2016;31;Azerbaijan;AZE;373,00;Azerbaijan 2016;AZE16;189,19;2,04;2,12;0,98
31,00;Azerbaijan;2017;31;Azerbaijan;AZE;373,00;Azerbaijan 2017;AZE17;190,81;2,04;2,18;0,97
31,00;Azerbaijan;2018;31;Azerbaijan;AZE;373,00;Azerbaijan 2018;AZE18;190,46;2,08;2,13;0,96
31,00;Azerbaijan;2019;31;Azerbaijan;AZE;373,00;Azerbaijan 2019;AZE19;192,59;2,08;2,20;0,96
31,00;Azerbaijan;2020;31;Azerbaijan;AZE;373,00;Azerbaijan 2020;AZE20;202,04;2,08;2,45;0,96
31,00;Azerbaijan;2021;31;Azerbaijan;AZE;373,00;Azerbaijan 2021;AZE21;199,73;2,01;2,46;0,96
31,00;Azerbaijan;2022;31;Azerbaijan;AZE;373,00;Azerbaijan 2022;AZE22;196,18;2,26;2,14;0,93
31,00;Azerbaijan;2023;31;Azerbaijan;AZE;373,00;Azerbaijan 2023;AZE23;206,29;2,27;2,37;0,97
32,00;Argentina;1990;32;Argentina;ARG;160,00;Argentina 1990;ARG90;104,56;1,23;1,10;0,24
32,00;Argentina;1991;32;Argentina;ARG;160,00;Argentina 1991;ARG91;105,68;1,23;1,13;0,25
32,00;Argentina;1992;32;Argentina;ARG;160,00;Argentina 1992;ARG92;99,67;1,24;1,08;0,42
32,00;Argentina;1993;32;Argentina;ARG;160,00;Argentina 1993;ARG93;99,90;1,23;1,07;0,43
32,00;Argentina;1994;32;Argentina;ARG;160,00;Argentina 1994;ARG94;100,16;1,23;1,08;0,43
32,00;Argentina;1995;32;Argentina;ARG;160,00;Argentina 1995;ARG95;98,86;1,21;1,08;0,42
32,00;Argentina;1996;32;Argentina;ARG;160,00;Argentina 1996;ARG96;94,21;1,19;0,96;0,43
32,00;Argentina;1997;32;Argentina;ARG;160,00;Argentina 1997;ARG97;90,79;1,16;0,90;0,43
32,00;Argentina;1998;32;Argentina;ARG;160,00;Argentina 1998;ARG98;89,86;1,17;0,90;0,40
32,00;Argentina;1999;32;Argentina;ARG;160,00;Argentina 1999;ARG99;89,17;1,12;0,94;0,39
32,00;Argentina;2000;32;Argentina;ARG;160,00;Argentina 2000;ARG00;83,97;1,09;0,91;0,31
32,00;Argentina;2001;32;Argentina;ARG;160,00;Argentina 2001;ARG01;84,21;1,08;0,93;0,31
32,00;Argentina;2002;32;Argentina;ARG;160,00;Argentina 2002;ARG02;81,64;1,05;0,89;0,31
32,00;Argentina;2003;32;Argentina;ARG;160,00;Argentina 2003;ARG03;80,93;1,04;0,88;0,31
32,00;Argentina;2004;32;Argentina;ARG;160,00;Argentina 2004;ARG04;77,31;1,02;0,76;0,13
32,00;Argentina;2005;32;Argentina;ARG;160,00;Argentina 2005;ARG05;77,20;1,05;0,73;0,13
32,00;Argentina;2006;32;Argentina;ARG;160,00;Argentina 2006;ARG06;77,00;1,09;0,69;0,13
32,00;Argentina;2007;32;Argentina;ARG;160,00;Argentina 2007;ARG07;74,35;1,02;0,69;0,13
32,00;Argentina;2008;32;Argentina;ARG;160,00;Argentina 2008;ARG08;73,78;1,03;0,67;0,13
32,00;Argentina;2009;32;Argentina;ARG;160,00;Argentina 2009;ARG09;76,33;1,02;0,74;0,13
32,00;Argentina;2010;32;Argentina;ARG;160,00;Argentina 2010;ARG10;73,85;1,01;0,69;0,13
32,00;Argentina;2011;32;Argentina;ARG;160,00;Argentina 2011;ARG11;71,13;0,98;0,66;0,13
32,00;Argentina;2012;32;Argentina;ARG;160,00;Argentina 2012;ARG12;73,55;1,03;0,67;0,12
32,00;Argentina;2013;32;Argentina;ARG;160,00;Argentina 2013;ARG13;74,58;1,02;0,71;0,12
32,00;Argentina;2014;32;Argentina;ARG;160,00;Argentina 2014;ARG14;75,91;1,03;0,73;0,12
32,00;Argentina;2015;32;Argentina;ARG;160,00;Argentina 2015;ARG15;71,55;1,01;0,71;0,25
32,00;Argentina;2016;32;Argentina;ARG;160,00;Argentina 2016;ARG16;67,83;0,94;0,69;0,25
32,00;Argentina;2017;32;Argentina;ARG;160,00;Argentina 2017;ARG17;68,40;0,93;0,71;0,24
32,00;Argentina;2018;32;Argentina;ARG;160,00;Argentina 2018;ARG18;65,75;0,94;0,63;0,24
32,00;Argentina;2019;32;Argentina;ARG;160,00;Argentina 2019;ARG19;64,37;0,93;0,61;0,24
32,00;Argentina;2020;32;Argentina;ARG;160,00;Argentina 2020;ARG20;64,79;0,92;0,63;0,24
32,00;Argentina;2021;32;Argentina;ARG;160,00;Argentina 2021;ARG21;57,96;0,81;0,56;0,23
32,00;Argentina;2022;32;Argentina;ARG;160,00;Argentina 2022;ARG22;62,71;0,90;0,60;0,23
32,00;Argentina;2023;32;Argentina;ARG;160,00;Argentina 2023;ARG23;56,53;0,89;0,44;0,23
36,00;Australia;1990;36;Australia;AUS;900,00;Australia 1990;AUS90;121,26;1,42;1,40;0,48
36,00;Australia;1991;36;Australia;AUS;900,00;Australia 1991;AUS91;123,53;1,46;1,44;0,47
36,00;Australia;1992;36;Australia;AUS;900,00;Australia 1992;AUS92;122,90;1,46;1,44;0,46
36,00;Australia;1993;36;Australia;AUS;900,00;Australia 1993;AUS93;123,67;1,51;1,44;0,43
36,00;Australia;1994;36;Australia;AUS;900,00;Australia 1994;AUS94;121,92;1,51;1,41;0,42
36,00;Australia;1995;36;Australia;AUS;900,00;Australia 1995;AUS95;117,25;1,46;1,36;0,39
36,00;Australia;1996;36;Australia;AUS;900,00;Australia 1996;AUS96;114,59;1,42;1,32;0,40
36,00;Australia;1997;36;Australia;AUS;900,00;Australia 1997;AUS97;112,03;1,39;1,29;0,39
36,00;Australia;1998;36;Australia;AUS;900,00;Australia 1998;AUS98;111,64;1,38;1,29;0,38
36,00;Australia;1999;36;Australia;AUS;900,00;Australia 1999;AUS99;110,86;1,38;1,29;0,36
36,00;Australia;2000;36;Australia;AUS;900,00;Australia 2000;AUS00;108,06;1,36;1,27;0,33
36,00;Australia;2001;36;Australia;AUS;900,00;Australia 2001;AUS01;108,09;1,35;1,29;0,33
36,00;Australia;2002;36;Australia;AUS;900,00;Australia 2002;AUS02;107,90;1,35;1,28;0,32
36,00;Australia;2003;36;Australia;AUS;900,00;Australia 2003;AUS03;108,27;1,36;1,27;0,33
36,00;Australia;2004;36;Australia;AUS;900,00;Australia 2004;AUS04;104,74;1,29;1,26;0,31
36,00;Australia;2005;36;Australia;AUS;900,00;Australia 2005;AUS05;104,53;1,30;1,25;0,31
36,00;Australia;2006;36;Australia;AUS;900,00;Australia 2006;AUS06;106,82;1,37;1,26;0,30
36,00;Australia;2007;36;Australia;AUS;900,00;Australia 2007;AUS07;106,69;1,38;1,25;0,29
36,00;Australia;2008;36;Australia;AUS;900,00;Australia 2008;AUS08;109,28;1,45;1,24;0,30
36,00;Australia;2009;36;Australia;AUS;900,00;Australia 2009;AUS09;110,53;1,44;1,29;0,29
36,00;Australia;2010;36;Australia;AUS;900,00;Australia 2010;AUS10;105,35;1,34;1,26;0,28
36,00;Australia;2011;36;Australia;AUS;900,00;Australia 2011;AUS11;110,33;1,52;1,22;0,28
36,00;Australia;2012;36;Australia;AUS;900,00;Australia 2012;AUS12;111,81;1,60;1,18;0,28
36,00;Australia;2013;36;Australia;AUS;900,00;Australia 2013;AUS13;109,67;1,57;1,16;0,27
36,00;Australia;2014;36;Australia;AUS;900,00;Australia 2014;AUS14;111,07;1,56;1,21;0,27
36,00;Australia;2015;36;Australia;AUS;900,00;Australia 2015;AUS15;111,76;1,51;1,28;0,26
36,00;Australia;2016;36;Australia;AUS;900,00;Australia 2016;AUS16;113,72;1,51;1,34;0,26
36,00;Australia;2017;36;Australia;AUS;900,00;Australia 2017;AUS17;111,80;1,50;1,30;0,25
36,00;Australia;2018;36;Australia;AUS;900,00;Australia 2018;AUS18;110,03;1,51;1,26;0,25
36,00;Australia;2019;36;Australia;AUS;900,00;Australia 2019;AUS19;109,93;1,52;1,25;0,24
36,00;Australia;2020;36;Australia;AUS;900,00;Australia 2020;AUS20;111,22;1,50;1,30;0,24
36,00;Australia;2021;36;Australia;AUS;900,00;Australia 2021;AUS21;111,26;1,51;1,29;0,24
36,00;Australia;2022;36;Australia;AUS;900,00;Australia 2022;AUS22;116,45;1,68;1,26;0,24
36,00;Australia;2023;36;Australia;AUS;900,00;Australia 2023;AUS23;115,92;1,67;1,26;0,23
40,00;Austria;1990;40;Austria;AUT;305,00;Austria 1990;AUT90;125,98;1,72;0,93;0,78
40,00;Austria;1991;40;Austria;AUT;305,00;Austria 1991;AUT91;124,39;1,70;0,91;0,79
40,00;Austria;1992;40;Austria;AUT;305,00;Austria 1992;AUT92;123,86;1,70;0,87;0,81
40,00;Austria;1993;40;Austria;AUT;305,00;Austria 1993;AUT93;120,91;1,69;0,88;0,73
40,00;Austria;1994;40;Austria;AUT;305,00;Austria 1994;AUT94;119,60;1,69;0,87;0,71
40,00;Austria;1995;40;Austria;AUT;305,00;Austria 1995;AUT95;121,70;1,72;0,85;0,75
40,00;Austria;1996;40;Austria;AUT;305,00;Austria 1996;AUT96;120,72;1,74;0,84;0,72
40,00;Austria;1997;40;Austria;AUT;305,00;Austria 1997;AUT97;116,72;1,73;0,83;0,63
40,00;Austria;1998;40;Austria;AUT;305,00;Austria 1998;AUT98;118,64;1,81;0,82;0,62
40,00;Austria;1999;40;Austria;AUT;305,00;Austria 1999;AUT99;119,93;1,92;0,79;0,57
40,00;Austria;2000;40;Austria;AUT;305,00;Austria 2000;AUT00;115,93;1,88;0,80;0,49
40,00;Austria;2001;40;Austria;AUT;305,00;Austria 2001;AUT01;113,94;1,89;0,75;0,47
40,00;Austria;2002;40;Austria;AUT;305,00;Austria 2002;AUT02;111,25;1,84;0,74;0,47
40,00;Austria;2003;40;Austria;AUT;305,00;Austria 2003;AUT03;111,20;1,82;0,76;0,46
40,00;Austria;2004;40;Austria;AUT;305,00;Austria 2004;AUT04;112,11;1,86;0,74;0,47
40,00;Austria;2005;40;Austria;AUT;305,00;Austria 2005;AUT05;113,66;1,89;0,71;0,50
40,00;Austria;2006;40;Austria;AUT;305,00;Austria 2006;AUT06;115,47;1,99;0,67;0,49
40,00;Austria;2007;40;Austria;AUT;305,00;Austria 2007;AUT07;112,26;1,83;0,75;0,49
40,00;Austria;2008;40;Austria;AUT;305,00;Austria 2008;AUT08;114,14;1,84;0,73;0,55
40,00;Austria;2009;40;Austria;AUT;305,00;Austria 2009;AUT09;109,75;1,83;0,70;0,47
40,00;Austria;2010;40;Austria;AUT;305,00;Austria 2010;AUT10;104,65;1,71;0,69;0,46
40,00;Austria;2011;40;Austria;AUT;305,00;Austria 2011;AUT11;103,70;1,72;0,67;0,45
40,00;Austria;2012;40;Austria;AUT;305,00;Austria 2012;AUT12;78,84;1,09;0,66;0,41
40,00;Austria;2013;40;Austria;AUT;305,00;Austria 2013;AUT13;78,59;1,12;0,64;0,40
40,00;Austria;2014;40;Austria;AUT;305,00;Austria 2014;AUT14;77,78;1,12;0,64;0,38
40,00;Austria;2015;40;Austria;AUT;305,00;Austria 2015;AUT15;73,22;1,04;0,61;0,37
40,00;Austria;2016;40;Austria;AUT;305,00;Austria 2016;AUT16;75,48;1,10;0,63;0,35
40,00;Austria;2017;40;Austria;AUT;305,00;Austria 2017;AUT17;76,47;1,10;0,65;0,36
40,00;Austria;2018;40;Austria;AUT;305,00;Austria 2018;AUT18;81,13;1,24;0,64;0,35
40,00;Austria;2019;40;Austria;AUT;305,00;Austria 2019;AUT19;86,68;1,38;0,64;0,35
40,00;Austria;2020;40;Austria;AUT;305,00;Austria 2020;AUT20;89,05;1,39;0,73;0,33
40,00;Austria;2021;40;Austria;AUT;305,00;Austria 2021;AUT21;88,18;1,38;0,72;0,33
40,00;Austria;2022;40;Austria;AUT;305,00;Austria 2022;AUT22;85,54;1,38;0,65;0,32
40,00;Austria;2023;40;Austria;AUT;305,00;Austria 2023;AUT23;86,95;1,38;0,70;0,31
48,00;Bahrain;1990;48;Bahrain;BHR;692,00;Bahrain 1990;BHR90;244,47;2,54;2,64;0,79
48,00;Bahrain;1991;48;Bahrain;BHR;692,00;Bahrain 1991;BHR91;283,68;2,65;2,74;1,54
48,00;Bahrain;1992;48;Bahrain;BHR;692,00;Bahrain 1992;BHR92;286,72;2,84;2,77;1,38
48,00;Bahrain;1993;48;Bahrain;BHR;692,00;Bahrain 1993;BHR93;296,08;3,16;2,64;1,42
48,00;Bahrain;1994;48;Bahrain;BHR;692,00;Bahrain 1994;BHR94;328,81;3,11;2,57;1,44
48,00;Bahrain;1995;48;Bahrain;BHR;692,00;Bahrain 1995;BHR95;300,34;3,14;2,59;1,60
48,00;Bahrain;1996;48;Bahrain;BHR;692,00;Bahrain 1996;BHR96;300,47;3,14;2,62;1,57
48,00;Bahrain;1997;48;Bahrain;BHR;692,00;Bahrain 1997;BHR97;300,93;3,24;2,53;1,57
48,00;Bahrain;1998;48;Bahrain;BHR;692,00;Bahrain 1998;BHR98;299,55;3,18;2,60;1,53
48,00;Bahrain;1999;48;Bahrain;BHR;692,00;Bahrain 1999;BHR99;298,28;3,11;2,66;1,50
48,00;Bahrain;2000;48;Bahrain;BHR;692,00;Bahrain 2000;BHR00;288,65;3,12;2,33;2,38
48,00;Bahrain;2001;48;Bahrain;BHR;692,00;Bahrain 2001;BHR01;282,59;2,98;2,37;2,32
48,00;Bahrain;2002;48;Bahrain;BHR;692,00;Bahrain 2002;BHR02;284,90;3,00;2,48;2,24
48,00;Bahrain;2003;48;Bahrain;BHR;692,00;Bahrain 2003;BHR03;279,65;2,89;2,47;2,22
48,00;Bahrain;2004;48;Bahrain;BHR;692,00;Bahrain 2004;BHR04;270,57;2,87;2,33;2,14
48,00;Bahrain;2005;48;Bahrain;BHR;692,00;Bahrain 2005;BHR05;253,87;2,80;2,08;2,01
48,00;Bahrain;2006;48;Bahrain;BHR;692,00;Bahrain 2006;BHR06;250,13;2,76;2,05;1,98
48,00;Bahrain;2007;48;Bahrain;BHR;692,00;Bahrain 2007;BHR07;234,30;2,71;1,97;1,68
48,00;Bahrain;2008;48;Bahrain;BHR;692,00;Bahrain 2008;BHR08;228,18;2,64;1,92;1,64
48,00;Bahrain;2009;48;Bahrain;BHR;692,00;Bahrain 2009;BHR09;236,79;2,74;2,11;1,58
48,00;Bahrain;2010;48;Bahrain;BHR;692,00;Bahrain 2010;BHR10;231,46;2,72;2,01;1,55
48,00;Bahrain;2011;48;Bahrain;BHR;692,00;Bahrain 2011;BHR11;240,06;2,83;2,14;1,54
48,00;Bahrain;2012;48;Bahrain;BHR;692,00;Bahrain 2012;BHR12;241,42;2,82;2,20;1,53
48,00;Bahrain;2013;48;Bahrain;BHR;692,00;Bahrain 2013;BHR13;242,48;2,80;2,28;1,50
48,00;Bahrain;2014;48;Bahrain;BHR;692,00;Bahrain 2014;BHR14;236,63;2,61;2,35;1,47
48,00;Bahrain;2015;48;Bahrain;BHR;692,00;Bahrain 2015;BHR15;235,26;2,58;2,36;1,44
48,00;Bahrain;2016;48;Bahrain;BHR;692,00;Bahrain 2016;BHR16;236,56;2,61;2,38;1,43
48,00;Bahrain;2017;48;Bahrain;BHR;692,00;Bahrain 2017;BHR17;232,41;2,59;2,31;1,41
48,00;Bahrain;2018;48;Bahrain;BHR;692,00;Bahrain 2018;BHR18;229,75;2,58;2,26;1,40
48,00;Bahrain;2019;48;Bahrain;BHR;692,00;Bahrain 2019;BHR19;233,57;2,67;2,28;1,40
48,00;Bahrain;2020;48;Bahrain;BHR;692,00;Bahrain 2020;BHR20;231,69;2,68;2,21;1,40
48,00;Bahrain;2021;48;Bahrain;BHR;692,00;Bahrain 2021;BHR21;227,56;2,68;2,09;1,41
48,00;Bahrain;2022;48;Bahrain;BHR;692,00;Bahrain 2022;BHR22;216,05;2,68;1,95;0,65
48,00;Bahrain;2023;48;Bahrain;BHR;692,00;Bahrain 2023;BHR23;215,37;2,68;1,94;0,65
50,00;Bangladesh;1990;50;Bangladesh;BGD;771,00;Bangladesh 1990;BGD90;50,74;0,16;1,04;0,07
50,00;Bangladesh;1991;50;Bangladesh;BGD;771,00;Bangladesh 1991;BGD91;50,94;0,15;1,05;0,07
50,00;Bangladesh;1992;50;Bangladesh;BGD;771,00;Bangladesh 1992;BGD92;55,03;0,15;1,15;0,07
50,00;Bangladesh;1993;50;Bangladesh;BGD;771,00;Bangladesh 1993;BGD93;58,08;0,17;1,21;0,07
50,00;Bangladesh;1994;50;Bangladesh;BGD;771,00;Bangladesh 1994;BGD94;70,51;0,20;1,28;0,07
50,00;Bangladesh;1995;50;Bangladesh;BGD;771,00;Bangladesh 1995;BGD95;64,51;0,21;1,32;0,07
50,00;Bangladesh;1996;50;Bangladesh;BGD;771,00;Bangladesh 1996;BGD96;63,90;0,20;1,32;0,07
50,00;Bangladesh;1997;50;Bangladesh;BGD;771,00;Bangladesh 1997;BGD97;68,02;0,19;1,43;0,07
50,00;Bangladesh;1998;50;Bangladesh;BGD;771,00;Bangladesh 1998;BGD98;67,72;0,19;1,43;0,07
50,00;Bangladesh;1999;50;Bangladesh;BGD;771,00;Bangladesh 1999;BGD99;70,28;0,24;1,43;0,08
50,00;Bangladesh;2000;50;Bangladesh;BGD;771,00;Bangladesh 2000;BGD00;67,57;0,24;1,36;0,07
50,00;Bangladesh;2001;50;Bangladesh;BGD;771,00;Bangladesh 2001;BGD01;78,19;0,24;1,32;0,59
50,00;Bangladesh;2002;50;Bangladesh;BGD;771,00;Bangladesh 2002;BGD02;70,48;0,24;1,11;0,59
50,00;Bangladesh;2003;50;Bangladesh;BGD;771,00;Bangladesh 2003;BGD03;67,30;0,24;1,07;0,55
50,00;Bangladesh;2004;50;Bangladesh;BGD;771,00;Bangladesh 2004;BGD04;67,05;0,25;1,06;0,53
50,00;Bangladesh;2005;50;Bangladesh;BGD;771,00;Bangladesh 2005;BGD05;64,92;0,25;1,03;0,51
50,00;Bangladesh;2006;50;Bangladesh;BGD;771,00;Bangladesh 2006;BGD06;64,58;0,24;1,04;0,50
50,00;Bangladesh;2007;50;Bangladesh;BGD;771,00;Bangladesh 2007;BGD07;66,01;0,26;1,04;0,53
50,00;Bangladesh;2008;50;Bangladesh;BGD;771,00;Bangladesh 2008;BGD08;66,26;0,31;1,00;0,52
50,00;Bangladesh;2009;50;Bangladesh;BGD;771,00;Bangladesh 2009;BGD09;68,74;0,32;1,06;0,51
50,00;Bangladesh;2010;50;Bangladesh;BGD;771,00;Bangladesh 2010;BGD10;71,64;0,32;1,17;0,49
50,00;Bangladesh;2011;50;Bangladesh;BGD;771,00;Bangladesh 2011;BGD11;72,22;0,32;1,18;0,49
50,00;Bangladesh;2012;50;Bangladesh;BGD;771,00;Bangladesh 2012;BGD12;71,30;0,33;1,15;0,48
50,00;Bangladesh;2013;50;Bangladesh;BGD;771,00;Bangladesh 2013;BGD13;69,58;0,34;1,11;0,46
50,00;Bangladesh;2014;50;Bangladesh;BGD;771,00;Bangladesh 2014;BGD14;69,33;0,35;1,13;0,43
50,00;Bangladesh;2015;50;Bangladesh;BGD;771,00;Bangladesh 2015;BGD15;70,97;0,34;1,18;0,43
50,00;Bangladesh;2016;50;Bangladesh;BGD;771,00;Bangladesh 2016;BGD16;70,60;0,34;1,18;0,42
50,00;Bangladesh;2017;50;Bangladesh;BGD;771,00;Bangladesh 2017;BGD17;67,23;0,34;1,11;0,40
50,00;Bangladesh;2018;50;Bangladesh;BGD;771,00;Bangladesh 2018;BGD18;69,13;0,38;1,14;0,39
50,00;Bangladesh;2019;50;Bangladesh;BGD;771,00;Bangladesh 2019;BGD19;71,52;0,39;1,21;0,37
50,00;Bangladesh;2020;50;Bangladesh;BGD;771,00;Bangladesh 2020;BGD20;71,44;0,40;1,21;0,36
50,00;Bangladesh;2021;50;Bangladesh;BGD;771,00;Bangladesh 2021;BGD21;68,94;0,40;1,14;0,36
50,00;Bangladesh;2022;50;Bangladesh;BGD;771,00;Bangladesh 2022;BGD22;66,67;0,43;1,06;0,36
50,00;Bangladesh;2023;50;Bangladesh;BGD;771,00;Bangladesh 2023;BGD23;66,74;0,44;1,04;0,36
51,00;Armenia;1992;51;Armenia;ARM;371,00;Armenia 1992;ARM92;215,42;2,10;1,46;1,71
51,00;Armenia;1993;51;Armenia;ARM;371,00;Armenia 1993;ARM93;185,91;2,12;1,50;0,93
51,00;Armenia;1994;51;Armenia;ARM;371,00;Armenia 1994;ARM94;192,05;2,06;1,51;1,14
51,00;Armenia;1995;51;Armenia;ARM;371,00;Armenia 1995;ARM95;233,54;2,04;2,11;1,56
51,00;Armenia;1996;51;Armenia;ARM;371,00;Armenia 1996;ARM96;222,42;2,01;1,90;1,53
51,00;Armenia;1997;51;Armenia;ARM;371,00;Armenia 1997;ARM97;232,17;2,00;2,10;1,58
51,00;Armenia;1998;51;Armenia;ARM;371,00;Armenia 1998;ARM98;223,62;1,99;1,98;1,49
51,00;Armenia;1999;51;Armenia;ARM;371,00;Armenia 1999;ARM99;225,13;1,95;2,04;1,51
51,00;Armenia;2000;51;Armenia;ARM;371,00;Armenia 2000;ARM00;217,65;1,99;2,10;1,82
51,00;Armenia;2001;51;Armenia;ARM;371,00;Armenia 2001;ARM01;204,53;1,99;1,91;1,66
51,00;Armenia;2002;51;Armenia;ARM;371,00;Armenia 2002;ARM02;199,15;2,07;1,62;1,72
51,00;Armenia;2003;51;Armenia;ARM;371,00;Armenia 2003;ARM03;194,46;1,89;1,65;1,75
51,00;Armenia;2004;51;Armenia;ARM;371,00;Armenia 2004;ARM04;196,88;1,90;1,69;1,76
51,00;Armenia;2005;51;Armenia;ARM;371,00;Armenia 2005;ARM05;212,23;2,19;1,75;1,83
51,00;Armenia;2006;51;Armenia;ARM;371,00;Armenia 2006;ARM06;212,78;2,19;1,78;1,82
51,00;Armenia;2007;51;Armenia;ARM;371,00;Armenia 2007;ARM07;214,01;2,19;1,83;1,79
51,00;Armenia;2008;51;Armenia;ARM;371,00;Armenia 2008;ARM08;212,87;2,20;1,89;1,69
51,00;Armenia;2009;51;Armenia;ARM;371,00;Armenia 2009;ARM09;226,81;2,21;2,05;1,90
51,00;Armenia;2010;51;Armenia;ARM;371,00;Armenia 2010;ARM10;230,64;2,21;2,06;1,99
51,00;Armenia;2011;51;Armenia;ARM;371,00;Armenia 2011;ARM11;226,56;2,22;1,94;1,99
51,00;Armenia;2012;51;Armenia;ARM;371,00;Armenia 2012;ARM12;224,19;2,22;1,87;2,00
51,00;Armenia;2013;51;Armenia;ARM;371,00;Armenia 2013;ARM13;222,22;2,21;1,96;1,87
51,00;Armenia;2014;51;Armenia;ARM;371,00;Armenia 2014;ARM14;222,05;2,21;1,95;1,87
51,00;Armenia;2015;51;Armenia;ARM;371,00;Armenia 2015;ARM15;205,57;2,21;2,03;1,35
51,00;Armenia;2016;51;Armenia;ARM;371,00;Armenia 2016;ARM16;223,65;2,20;1,99;1,88
51,00;Armenia;2017;51;Armenia;ARM;371,00;Armenia 2017;ARM17;217,89;2,20;1,92;1,80
51,00;Armenia;2018;51;Armenia;ARM;371,00;Armenia 2018;ARM18;225,90;2,33;2,00;1,80
51,00;Armenia;2019;51;Armenia;ARM;371,00;Armenia 2019;ARM19;231,06;2,33;2,13;1,81
51,00;Armenia;2020;51;Armenia;ARM;371,00;Armenia 2020;ARM20;232,51;2,34;2,16;1,82
51,00;Armenia;2021;51;Armenia;ARM;371,00;Armenia 2021;ARM21;224,56;2,28;2,04;1,78
51,00;Armenia;2022;51;Armenia;ARM;371,00;Armenia 2022;ARM22;221,30;2,28;1,94;1,79
51,00;Armenia;2023;51;Armenia;ARM;371,00;Armenia 2023;ARM23;243,27;2,30;2,26;1,39
56,00;Belgium;1990;56;Belgium;BEL;211,00;Belgium 1990;BEL90;184,71;2,26;1,50;1,26
56,00;Belgium;1991;56;Belgium;BEL;211,00;Belgium 1991;BEL91;176,52;2,28;1,47;1,05
56,00;Belgium;1992;56;Belgium;BEL;211,00;Belgium 1992;BEL92;166,70;2,26;1,27;1,01
56,00;Belgium;1993;56;Belgium;BEL;211,00;Belgium 1993;BEL93;164,62;2,25;1,23;1,00
56,00;Belgium;1994;56;Belgium;BEL;211,00;Belgium 1994;BEL94;139,50;1,86;1,20;0,75
56,00;Belgium;1995;56;Belgium;BEL;211,00;Belgium 1995;BEL95;133,08;1,83;1,14;0,65
56,00;Belgium;1996;56;Belgium;BEL;211,00;Belgium 1996;BEL96;123,25;1,76;1,12;0,49
56,00;Belgium;1997;56;Belgium;BEL;211,00;Belgium 1997;BEL97;122,44;1,72;1,09;0,53
56,00;Belgium;1998;56;Belgium;BEL;211,00;Belgium 1998;BEL98;116,10;1,56;1,09;0,53
56,00;Belgium;1999;56;Belgium;BEL;211,00;Belgium 1999;BEL99;115,06;1,55;1,04;0,55
56,00;Belgium;2000;56;Belgium;BEL;211,00;Belgium 2000;BEL00;112,84;1,54;1,02;0,53
56,00;Belgium;2001;56;Belgium;BEL;211,00;Belgium 2001;BEL01;107,40;1,47;0,98;0,49
56,00;Belgium;2002;56;Belgium;BEL;211,00;Belgium 2002;BEL02;105,85;1,47;0,95;0,48
56,00;Belgium;2003;56;Belgium;BEL;211,00;Belgium 2003;BEL03;104,06;1,48;0,94;0,43
56,00;Belgium;2004;56;Belgium;BEL;211,00;Belgium 2004;BEL04;103,45;1,50;0,90;0,43
56,00;Belgium;2005;56;Belgium;BEL;211,00;Belgium 2005;BEL05;90,76;1,22;0,87;0,40
56,00;Belgium;2006;56;Belgium;BEL;211,00;Belgium 2006;BEL06;87,57;1,15;0,85;0,41
56,00;Belgium;2007;56;Belgium;BEL;211,00;Belgium 2007;BEL07;88,25;1,14;0,87;0,41
56,00;Belgium;2008;56;Belgium;BEL;211,00;Belgium 2008;BEL08;88,81;1,11;0,94;0,39
56,00;Belgium;2009;56;Belgium;BEL;211,00;Belgium 2009;BEL09;84,23;1,03;0,90;0,39
56,00;Belgium;2010;56;Belgium;BEL;211,00;Belgium 2010;BEL10;88,21;1,18;0,86;0,38
56,00;Belgium;2011;56;Belgium;BEL;211,00;Belgium 2011;BEL11;85,66;1,17;0,83;0,35
56,00;Belgium;2012;56;Belgium;BEL;211,00;Belgium 2012;BEL12;82,96;1,12;0,83;0,33
56,00;Belgium;2013;56;Belgium;BEL;211,00;Belgium 2013;BEL13;82,58;1,15;0,81;0,31
56,00;Belgium;2014;56;Belgium;BEL;211,00;Belgium 2014;BEL14;80,59;1,12;0,78;0,31
56,00;Belgium;2015;56;Belgium;BEL;211,00;Belgium 2015;BEL15;78,94;1,12;0,74;0,31
56,00;Belgium;2016;56;Belgium;BEL;211,00;Belgium 2016;BEL16;91,90;1,49;0,74;0,30
56,00;Belgium;2017;56;Belgium;BEL;211,00;Belgium 2017;BEL17;91,21;1,49;0,73;0,29
56,00;Belgium;2018;56;Belgium;BEL;211,00;Belgium 2018;BEL18;89,48;1,46;0,73;0,27
56,00;Belgium;2019;56;Belgium;BEL;211,00;Belgium 2019;BEL19;89,03;1,45;0,73;0,26
56,00;Belgium;2020;56;Belgium;BEL;211,00;Belgium 2020;BEL20;90,64;1,44;0,80;0,25
56,00;Belgium;2021;56;Belgium;BEL;211,00;Belgium 2021;BEL21;88,31;1,42;0,82;0,19
56,00;Belgium;2022;56;Belgium;BEL;211,00;Belgium 2022;BEL22;91,30;1,43;0,90;0,18
56,00;Belgium;2023;56;Belgium;BEL;211,00;Belgium 2023;BEL23;89,30;1,36;0,92;0,17
68,00;Bolivia (Plurinational State of);1990;68;Bolivia;BOL;145,00;Bolivia 1990;BOL90;153,42;0,94;2,53;0,29
68,00;Bolivia (Plurinational State of);1991;68;Bolivia;BOL;145,00;Bolivia 1991;BOL91;140,68;0,93;2,21;0,31
68,00;Bolivia (Plurinational State of);1992;68;Bolivia;BOL;145,00;Bolivia 1992;BOL92;132,01;0,95;1,98;0,32
68,00;Bolivia (Plurinational State of);1993;68;Bolivia;BOL;145,00;Bolivia 1993;BOL93;120,54;0,96;1,58;0,42
68,00;Bolivia (Plurinational State of);1994;68;Bolivia;BOL;145,00;Bolivia 1994;BOL94;139,77;0,95;1,68;0,41
68,00;Bolivia (Plurinational State of);1995;68;Bolivia;BOL;145,00;Bolivia 1995;BOL95;120,74;1,01;1,55;0,41
68,00;Bolivia (Plurinational State of);1996;68;Bolivia;BOL;145,00;Bolivia 1996;BOL96;115,42;1,00;1,44;0,40
68,00;Bolivia (Plurinational State of);1997;68;Bolivia;BOL;145,00;Bolivia 1997;BOL97;121,77;0,96;1,60;0,43
68,00;Bolivia (Plurinational State of);1998;68;Bolivia;BOL;145,00;Bolivia 1998;BOL98;127,23;0,98;1,72;0,42
68,00;Bolivia (Plurinational State of);1999;68;Bolivia;BOL;145,00;Bolivia 1999;BOL99;110,21;0,86;1,44;0,41
68,00;Bolivia (Plurinational State of);2000;68;Bolivia;BOL;145,00;Bolivia 2000;BOL00;112,71;0,88;1,49;0,40
68,00;Bolivia (Plurinational State of);2001;68;Bolivia;BOL;145,00;Bolivia 2001;BOL01;122,15;0,83;1,58;0,92
68,00;Bolivia (Plurinational State of);2002;68;Bolivia;BOL;145,00;Bolivia 2002;BOL02;115,93;0,82;1,43;0,92
68,00;Bolivia (Plurinational State of);2003;68;Bolivia;BOL;145,00;Bolivia 2003;BOL03;117,89;0,82;1,49;0,91
68,00;Bolivia (Plurinational State of);2004;68;Bolivia;BOL;145,00;Bolivia 2004;BOL04;113,64;0,81;1,39;0,90
68,00;Bolivia (Plurinational State of);2005;68;Bolivia;BOL;145,00;Bolivia 2005;BOL05;108,11;0,77;1,29;0,90
68,00;Bolivia (Plurinational State of);2006;68;Bolivia;BOL;145,00;Bolivia 2006;BOL06;113,79;0,93;1,17;1,01
68,00;Bolivia (Plurinational State of);2007;68;Bolivia;BOL;145,00;Bolivia 2007;BOL07;124,29;0,92;1,18;1,29
68,00;Bolivia (Plurinational State of);2008;68;Bolivia;BOL;145,00;Bolivia 2008;BOL08;136,97;0,91;1,54;1,29
68,00;Bolivia (Plurinational State of);2009;68;Bolivia;BOL;145,00;Bolivia 2009;BOL09;127,75;0,90;1,31;1,28
68,00;Bolivia (Plurinational State of);2010;68;Bolivia;BOL;145,00;Bolivia 2010;BOL10;141,97;0,93;1,75;1,19
68,00;Bolivia (Plurinational State of);2011;68;Bolivia;BOL;145,00;Bolivia 2011;BOL11;123,15;0,93;1,27;1,16
68,00;Bolivia (Plurinational State of);2012;68;Bolivia;BOL;145,00;Bolivia 2012;BOL12;125,47;0,92;1,35;1,16
68,00;Bolivia (Plurinational State of);2013;68;Bolivia;BOL;145,00;Bolivia 2013;BOL13;124,39;0,91;1,33;1,15
68,00;Bolivia (Plurinational State of);2014;68;Bolivia;BOL;145,00;Bolivia 2014;BOL14;124,36;0,90;1,35;1,15
68,00;Bolivia (Plurinational State of);2015;68;Bolivia;BOL;145,00;Bolivia 2015;BOL15;117,03;0,89;1,26;1,05
68,00;Bolivia (Plurinational State of);2016;68;Bolivia;BOL;145,00;Bolivia 2016;BOL16;102,04;0,91;1,14;0,74
68,00;Bolivia (Plurinational State of);2017;68;Bolivia;BOL;145,00;Bolivia 2017;BOL17;105,40;0,91;1,15;0,83
68,00;Bolivia (Plurinational State of);2018;68;Bolivia;BOL;145,00;Bolivia 2018;BOL18;103,15;0,87;1,13;0,82
68,00;Bolivia (Plurinational State of);2019;68;Bolivia;BOL;145,00;Bolivia 2019;BOL19;101,61;0,87;1,10;0,82
68,00;Bolivia (Plurinational State of);2020;68;Bolivia;BOL;145,00;Bolivia 2020;BOL20;99,30;0,86;1,05;0,81
68,00;Bolivia (Plurinational State of);2021;68;Bolivia;BOL;145,00;Bolivia 2021;BOL21;97,51;0,85;1,01;0,81
68,00;Bolivia (Plurinational State of);2022;68;Bolivia;BOL;145,00;Bolivia 2022;BOL22;89,62;0,85;0,81;0,81
68,00;Bolivia (Plurinational State of);2023;68;Bolivia;BOL;145,00;Bolivia 2023;BOL23;87,68;0,84;1,04;0,29
70,00;Bosnia and Herzegovina;2002;70;Bosnia and Herzegovina;BIH;346,00;Bosnia and Herzegovina 2002;BIH02;140,07;0,00;2,02;1,04
70,00;Bosnia and Herzegovina;2003;70;Bosnia and Herzegovina;BIH;346,00;Bosnia and Herzegovina 2003;BIH03;115,97;0,00;1,50;1,04
70,00;Bosnia and Herzegovina;2004;70;Bosnia and Herzegovina;BIH;346,00;Bosnia and Herzegovina 2004;BIH04;96,33;0,00;1,27;0,84
70,00;Bosnia and Herzegovina;2005;70;Bosnia and Herzegovina;BIH;346,00;Bosnia and Herzegovina 2005;BIH05;164,85;2,53;1,11;0,85
70,00;Bosnia and Herzegovina;2006;70;Bosnia and Herzegovina;BIH;346,00;Bosnia and Herzegovina 2006;BIH06;122,54;1,88;1,03;0,44
70,00;Bosnia and Herzegovina;2007;70;Bosnia and Herzegovina;BIH;346,00;Bosnia and Herzegovina 2007;BIH07;139,24;2,50;0,94;0,35
70,00;Bosnia and Herzegovina;2008;70;Bosnia and Herzegovina;BIH;346,00;Bosnia and Herzegovina 2008;BIH08;138,07;2,50;0,93;0,33
70,00;Bosnia and Herzegovina;2009;70;Bosnia and Herzegovina;BIH;346,00;Bosnia and Herzegovina 2009;BIH09;144,74;2,52;1,02;0,40
70,00;Bosnia and Herzegovina;2010;70;Bosnia and Herzegovina;BIH;346,00;Bosnia and Herzegovina 2010;BIH10;142,38;2,52;0,97;0,39
70,00;Bosnia and Herzegovina;2011;70;Bosnia and Herzegovina;BIH;346,00;Bosnia and Herzegovina 2011;BIH11;139,65;2,53;0,89;0,39
70,00;Bosnia and Herzegovina;2012;70;Bosnia and Herzegovina;BIH;346,00;Bosnia and Herzegovina 2012;BIH12;139,86;2,54;0,89;0,38
70,00;Bosnia and Herzegovina;2013;70;Bosnia and Herzegovina;BIH;346,00;Bosnia and Herzegovina 2013;BIH13;92,10;1,28;0,86;0,38
70,00;Bosnia and Herzegovina;2014;70;Bosnia and Herzegovina;BIH;346,00;Bosnia and Herzegovina 2014;BIH14;91,03;1,29;0,82;0,38
70,00;Bosnia and Herzegovina;2015;70;Bosnia and Herzegovina;BIH;346,00;Bosnia and Herzegovina 2015;BIH15;88,92;1,26;0,80;0,38
70,00;Bosnia and Herzegovina;2016;70;Bosnia and Herzegovina;BIH;346,00;Bosnia and Herzegovina 2016;BIH16;89,51;1,31;0,76;0,38
70,00;Bosnia and Herzegovina;2017;70;Bosnia and Herzegovina;BIH;346,00;Bosnia and Herzegovina 2017;BIH17;88,26;1,32;0,72;0,38
70,00;Bosnia and Herzegovina;2018;70;Bosnia and Herzegovina;BIH;346,00;Bosnia and Herzegovina 2018;BIH18;88,61;1,33;0,71;0,39
70,00;Bosnia and Herzegovina;2019;70;Bosnia and Herzegovina;BIH;346,00;Bosnia and Herzegovina 2019;BIH19;88,07;1,34;0,69;0,39
70,00;Bosnia and Herzegovina;2020;70;Bosnia and Herzegovina;BIH;346,00;Bosnia and Herzegovina 2020;BIH20;88,70;1,35;0,70;0,39
70,00;Bosnia and Herzegovina;2021;70;Bosnia and Herzegovina;BIH;346,00;Bosnia and Herzegovina 2021;BIH21;87,89;1,35;0,64;0,17
70,00;Bosnia and Herzegovina;2022;70;Bosnia and Herzegovina;BIH;346,00;Bosnia and Herzegovina 2022;BIH22;83,49;1,29;0,60;0,18
70,00;Bosnia and Herzegovina;2023;70;Bosnia and Herzegovina;BIH;346,00;Bosnia and Herzegovina 2023;BIH23;90,29;1,36;0,69;0,18
72,00;Botswana;1990;72;Botswana;BWA;571,00;Botswana 1990;BWA90;155,89;1,28;2,34;0,20
72,00;Botswana;1991;72;Botswana;BWA;571,00;Botswana 1991;BWA91;157,13;1,26;2,39;0,20
72,00;Botswana;1992;72;Botswana;BWA;571,00;Botswana 1992;BWA92;159,27;1,29;2,36;0,25
72,00;Botswana;1993;72;Botswana;BWA;571,00;Botswana 1993;BWA93;165,73;1,32;2,50;0,24
72,00;Botswana;1994;72;Botswana;BWA;571,00;Botswana 1994;BWA94;175,49;1,30;2,24;0,28
72,00;Botswana;1995;72;Botswana;BWA;571,00;Botswana 1995;BWA95;157,69;1,50;2,09;0,27
72,00;Botswana;1996;72;Botswana;BWA;571,00;Botswana 1996;BWA96;145,98;1,44;1,88;0,27
72,00;Botswana;1997;72;Botswana;BWA;571,00;Botswana 1997;BWA97;149,69;1,44;1,97;0,26
72,00;Botswana;1998;72;Botswana;BWA;571,00;Botswana 1998;BWA98;184,38;1,66;2,21;1,14
72,00;Botswana;1999;72;Botswana;BWA;571,00;Botswana 1999;BWA99;188,17;1,54;1,98;1,09
72,00;Botswana;2000;72;Botswana;BWA;571,00;Botswana 2000;BWA00;164,88;1,55;1,85;1,09
72,00;Botswana;2001;72;Botswana;BWA;571,00;Botswana 2001;BWA01;174,69;1,63;2,04;1,08
72,00;Botswana;2002;72;Botswana;BWA;571,00;Botswana 2002;BWA02;177,55;1,64;2,11;1,09
72,00;Botswana;2003;72;Botswana;BWA;571,00;Botswana 2003;BWA03;172,72;1,52;2,09;1,09
72,00;Botswana;2004;72;Botswana;BWA;571,00;Botswana 2004;BWA04;164,40;1,52;1,95;1,00
72,00;Botswana;2005;72;Botswana;BWA;571,00;Botswana 2005;BWA05;163,70;1,58;1,77;1,11
72,00;Botswana;2006;72;Botswana;BWA;571,00;Botswana 2006;BWA06;170,58;1,84;1,76;1,04
72,00;Botswana;2007;72;Botswana;BWA;571,00;Botswana 2007;BWA07;169,83;1,83;1,78;1,02
72,00;Botswana;2008;72;Botswana;BWA;571,00;Botswana 2008;BWA08;170,09;1,82;1,83;0,98
72,00;Botswana;2009;72;Botswana;BWA;571,00;Botswana 2009;BWA09;170,58;1,80;1,85;0,99
72,00;Botswana;2010;72;Botswana;BWA;571,00;Botswana 2010;BWA10;162,40;1,79;1,69;0,94
72,00;Botswana;2011;72;Botswana;BWA;571,00;Botswana 2011;BWA11;157,15;1,78;1,57;0,94
72,00;Botswana;2012;72;Botswana;BWA;571,00;Botswana 2012;BWA12;155,18;1,77;1,53;0,93
72,00;Botswana;2013;72;Botswana;BWA;571,00;Botswana 2013;BWA13;152,98;1,80;1,44;0,93
72,00;Botswana;2014;72;Botswana;BWA;571,00;Botswana 2014;BWA14;154,20;1,79;1,49;0,92
72,00;Botswana;2015;72;Botswana;BWA;571,00;Botswana 2015;BWA15;162,25;1,78;1,72;0,92
72,00;Botswana;2016;72;Botswana;BWA;571,00;Botswana 2016;BWA16;166,74;1,76;1,94;0,84
72,00;Botswana;2017;72;Botswana;BWA;571,00;Botswana 2017;BWA17;162,62;1,74;1,85;0,84
72,00;Botswana;2018;72;Botswana;BWA;571,00;Botswana 2018;BWA18;158,24;1,72;1,76;0,83
72,00;Botswana;2019;72;Botswana;BWA;571,00;Botswana 2019;BWA19;159,58;1,71;1,81;0,82
72,00;Botswana;2020;72;Botswana;BWA;571,00;Botswana 2020;BWA20;162,21;1,70;1,90;0,82
72,00;Botswana;2021;72;Botswana;BWA;571,00;Botswana 2021;BWA21;159,49;1,73;1,79;0,82
72,00;Botswana;2022;72;Botswana;BWA;571,00;Botswana 2022;BWA22;155,00;1,87;1,54;0,81
72,00;Botswana;2023;72;Botswana;BWA;571,00;Botswana 2023;BWA23;156,68;1,85;1,60;0,81
76,00;Brazil;1990;76;Brazil;BRA;140,00;Brazil 1990;BRA90;103,98;0,65;1,54;0,66
76,00;Brazil;1991;76;Brazil;BRA;140,00;Brazil 1991;BRA91;96,15;0,64;1,36;0,63
76,00;Brazil;1992;76;Brazil;BRA;140,00;Brazil 1992;BRA92;87,57;0,64;1,15;0,61
76,00;Brazil;1993;76;Brazil;BRA;140,00;Brazil 1993;BRA93;93,59;0,62;1,34;0,60
76,00;Brazil;1994;76;Brazil;BRA;140,00;Brazil 1994;BRA94;98,13;0,60;1,38;0,71
76,00;Brazil;1995;76;Brazil;BRA;140,00;Brazil 1995;BRA95;93,63;0,59;1,31;0,67
76,00;Brazil;1996;76;Brazil;BRA;140,00;Brazil 1996;BRA96;87,46;0,54;1,21;0,66
76,00;Brazil;1997;76;Brazil;BRA;140,00;Brazil 1997;BRA97;85,53;0,53;1,17;0,65
76,00;Brazil;1998;76;Brazil;BRA;140,00;Brazil 1998;BRA98;86,86;0,52;1,21;0,65
76,00;Brazil;1999;76;Brazil;BRA;140,00;Brazil 1999;BRA99;85,58;0,54;1,20;0,61
76,00;Brazil;2000;76;Brazil;BRA;140,00;Brazil 2000;BRA00;85,62;0,53;1,21;0,61
76,00;Brazil;2001;76;Brazil;BRA;140,00;Brazil 2001;BRA01;89,15;0,54;1,30;0,61
76,00;Brazil;2002;76;Brazil;BRA;140,00;Brazil 2002;BRA02;87,64;0,53;1,28;0,60
76,00;Brazil;2003;76;Brazil;BRA;140,00;Brazil 2003;BRA03;82,24;0,56;1,10;0,60
76,00;Brazil;2004;76;Brazil;BRA;140,00;Brazil 2004;BRA04;81,47;0,55;1,08;0,61
76,00;Brazil;2005;76;Brazil;BRA;140,00;Brazil 2005;BRA05;76,83;0,55;1,11;0,24
76,00;Brazil;2006;76;Brazil;BRA;140,00;Brazil 2006;BRA06;73,34;0,50;1,09;0,23
76,00;Brazil;2007;76;Brazil;BRA;140,00;Brazil 2007;BRA07;74,81;0,52;1,08;0,25
76,00;Brazil;2008;76;Brazil;BRA;140,00;Brazil 2008;BRA08;73,33;0,51;1,07;0,24
76,00;Brazil;2009;76;Brazil;BRA;140,00;Brazil 2009;BRA09;75,63;0,52;1,12;0,24
76,00;Brazil;2010;76;Brazil;BRA;140,00;Brazil 2010;BRA10;75,39;0,51;1,12;0,23
76,00;Brazil;2011;76;Brazil;BRA;140,00;Brazil 2011;BRA11;75,28;0,50;1,06;0,51
76,00;Brazil;2012;76;Brazil;BRA;140,00;Brazil 2012;BRA12;75,62;0,53;1,04;0,51
76,00;Brazil;2013;76;Brazil;BRA;140,00;Brazil 2013;BRA13;74,17;0,52;1,01;0,50
76,00;Brazil;2014;76;Brazil;BRA;140,00;Brazil 2014;BRA14;74,05;0,53;1,01;0,50
76,00;Brazil;2015;76;Brazil;BRA;140,00;Brazil 2015;BRA15;74,39;0,52;1,02;0,51
76,00;Brazil;2016;76;Brazil;BRA;140,00;Brazil 2016;BRA16;74,47;0,54;1,01;0,51
76,00;Brazil;2017;76;Brazil;BRA;140,00;Brazil 2017;BRA17;74,36;0,53;1,04;0,48
76,00;Brazil;2018;76;Brazil;BRA;140,00;Brazil 2018;BRA18;76,01;0,55;1,07;0,47
76,00;Brazil;2019;76;Brazil;BRA;140,00;Brazil 2019;BRA19;75,21;0,58;1,02;0,47
76,00;Brazil;2020;76;Brazil;BRA;140,00;Brazil 2020;BRA20;73,14;0,56;0,99;0,47
76,00;Brazil;2021;76;Brazil;BRA;140,00;Brazil 2021;BRA21;70,38;0,56;0,90;0,48
76,00;Brazil;2022;76;Brazil;BRA;140,00;Brazil 2022;BRA22;68,68;0,57;0,85;0,48
76,00;Brazil;2023;76;Brazil;BRA;140,00;Brazil 2023;BRA23;68,26;0,55;0,85;0,48
84,00;Belize;1990;84;Belize;BLZ;80,00;Belize 1990;BLZ90;52,95;0,30;0,80;0,23
84,00;Belize;1991;84;Belize;BLZ;80,00;Belize 1991;BLZ91;49,24;0,29;0,75;0,20
84,00;Belize;1992;84;Belize;BLZ;80,00;Belize 1992;BLZ92;56,43;0,49;0,73;0,19
84,00;Belize;1993;84;Belize;BLZ;80,00;Belize 1993;BLZ93;58,07;0,48;0,77;0,20
84,00;Belize;1994;84;Belize;BLZ;80,00;Belize 1994;BLZ94;66,78;0,47;0,92;0,26
84,00;Belize;1995;84;Belize;BLZ;80,00;Belize 1995;BLZ95;66,38;0,46;0,89;0,29
84,00;Belize;1996;84;Belize;BLZ;80,00;Belize 1996;BLZ96;65,25;0,45;0,88;0,29
84,00;Belize;1997;84;Belize;BLZ;80,00;Belize 1997;BLZ97;68,06;0,44;0,97;0,28
84,00;Belize;1998;84;Belize;BLZ;80,00;Belize 1998;BLZ98;67,44;0,43;0,98;0,27
84,00;Belize;1999;84;Belize;BLZ;80,00;Belize 1999;BLZ99;49,55;0,00;0,98;0,26
84,00;Belize;2000;84;Belize;BLZ;80,00;Belize 2000;BLZ00;49,22;0,00;0,68;0,69
84,00;Belize;2001;84;Belize;BLZ;80,00;Belize 2001;BLZ01;48,23;0,00;0,66;0,68
84,00;Belize;2002;84;Belize;BLZ;80,00;Belize 2002;BLZ02;47,64;0,00;0,65;0,68
84,00;Belize;2003;84;Belize;BLZ;80,00;Belize 2003;BLZ03;48,15;0,00;0,67;0,67
84,00;Belize;2004;84;Belize;BLZ;80,00;Belize 2004;BLZ04;48,79;0,00;0,69;0,66
84,00;Belize;2005;84;Belize;BLZ;80,00;Belize 2005;BLZ05;50,04;0,00;0,74;0,66
84,00;Belize;2006;84;Belize;BLZ;80,00;Belize 2006;BLZ06;38,53;0,00;0,77;0,21
84,00;Belize;2007;84;Belize;BLZ;80,00;Belize 2007;BLZ07;37,85;0,00;0,77;0,18
84,00;Belize;2008;84;Belize;BLZ;80,00;Belize 2008;BLZ08;45,49;0,00;0,95;0,20
84,00;Belize;2009;84;Belize;BLZ;80,00;Belize 2009;BLZ09;56,00;0,00;0,91;0,64
84,00;Belize;2010;84;Belize;BLZ;80,00;Belize 2010;BLZ10;52,16;0,00;0,81;0,64
84,00;Belize;2011;84;Belize;BLZ;80,00;Belize 2011;BLZ11;50,36;0,00;0,78;0,62
84,00;Belize;2012;84;Belize;BLZ;80,00;Belize 2012;BLZ12;45,55;0,00;0,76;0,52
84,00;Belize;2013;84;Belize;BLZ;80,00;Belize 2013;BLZ13;47,39;0,00;0,81;0,51
84,00;Belize;2014;84;Belize;BLZ;80,00;Belize 2014;BLZ14;48,22;0,00;0,83;0,51
84,00;Belize;2015;84;Belize;BLZ;80,00;Belize 2015;BLZ15;47,32;0,00;0,81;0,50
84,00;Belize;2016;84;Belize;BLZ;80,00;Belize 2016;BLZ16;53,77;0,00;0,86;0,63
84,00;Belize;2017;84;Belize;BLZ;80,00;Belize 2017;BLZ17;55,76;0,00;0,89;0,65
84,00;Belize;2018;84;Belize;BLZ;80,00;Belize 2018;BLZ18;55,61;0,00;0,89;0,65
84,00;Belize;2019;84;Belize;BLZ;80,00;Belize 2019;BLZ19;55,44;0,00;0,89;0,65
84,00;Belize;2020;84;Belize;BLZ;80,00;Belize 2020;BLZ20;63,94;0,00;1,03;0,74
84,00;Belize;2021;84;Belize;BLZ;80,00;Belize 2021;BLZ21;60,07;0,00;0,92;0,74
84,00;Belize;2022;84;Belize;BLZ;80,00;Belize 2022;BLZ22;53,34;0,00;0,75;0,73
84,00;Belize;2023;84;Belize;BLZ;80,00;Belize 2023;BLZ23;53,52;0,00;0,76;0,73
96,00;Brunei Darussalam;1990;96;Brunei;BRN;835,00;Brunei 1990;BRN90;282,07;2,30;3,29;1,30
96,00;Brunei Darussalam;1991;96;Brunei;BRN;835,00;Brunei 1991;BRN91;277,94;2,30;3,21;1,28
96,00;Brunei Darussalam;1992;96;Brunei;BRN;835,00;Brunei 1992;BRN92;273,14;2,28;3,11;1,28
96,00;Brunei Darussalam;1993;96;Brunei;BRN;835,00;Brunei 1993;BRN93;273,67;2,26;2,93;1,48
96,00;Brunei Darussalam;1994;96;Brunei;BRN;835,00;Brunei 1994;BRN94;270,97;2,22;2,95;1,45
96,00;Brunei Darussalam;1995;96;Brunei;BRN;835,00;Brunei 1995;BRN95;254,71;1,90;2,83;1,49
96,00;Brunei Darussalam;1996;96;Brunei;BRN;835,00;Brunei 1996;BRN96;254,94;1,85;2,89;1,48
96,00;Brunei Darussalam;1997;96;Brunei;BRN;835,00;Brunei 1997;BRN97;275,01;2,17;3,09;1,44
96,00;Brunei Darussalam;1998;96;Brunei;BRN;835,00;Brunei 1998;BRN98;272,09;2,16;3,07;1,41
96,00;Brunei Darussalam;1999;96;Brunei;BRN;835,00;Brunei 1999;BRN99;259,65;2,15;2,85;1,34
96,00;Brunei Darussalam;2000;96;Brunei;BRN;835,00;Brunei 2000;BRN00;250,55;2,12;2,49;2,18
96,00;Brunei Darussalam;2001;96;Brunei;BRN;835,00;Brunei 2001;BRN01;249,34;2,02;2,43;2,31
96,00;Brunei Darussalam;2002;96;Brunei;BRN;835,00;Brunei 2002;BRN02;252,81;2,01;2,43;2,42
96,00;Brunei Darussalam;2003;96;Brunei;BRN;835,00;Brunei 2003;BRN03;248,77;2,00;2,36;2,39
96,00;Brunei Darussalam;2004;96;Brunei;BRN;835,00;Brunei 2004;BRN04;228,72;1,99;1,90;2,33
96,00;Brunei Darussalam;2005;96;Brunei;BRN;835,00;Brunei 2005;BRN05;227,83;1,98;1,86;2,34
96,00;Brunei Darussalam;2006;96;Brunei;BRN;835,00;Brunei 2006;BRN06;228,08;1,97;1,91;2,31
96,00;Brunei Darussalam;2007;96;Brunei;BRN;835,00;Brunei 2007;BRN07;217,89;1,96;1,94;2,02
96,00;Brunei Darussalam;2008;96;Brunei;BRN;835,00;Brunei 2008;BRN08;213,56;1,95;1,90;1,96
96,00;Brunei Darussalam;2009;96;Brunei;BRN;835,00;Brunei 2009;BRN09;220,51;1,89;2,10;2,00
96,00;Brunei Darussalam;2010;96;Brunei;BRN;835,00;Brunei 2010;BRN10;221,15;1,99;2,09;1,92
96,00;Brunei Darussalam;2011;96;Brunei;BRN;835,00;Brunei 2011;BRN11;209,81;1,93;1,89;1,88
96,00;Brunei Darussalam;2012;96;Brunei;BRN;835,00;Brunei 2012;BRN12;207,64;1,92;1,85;1,87
96,00;Brunei Darussalam;2013;96;Brunei;BRN;835,00;Brunei 2013;BRN13;207,86;1,91;1,90;1,83
96,00;Brunei Darussalam;2014;96;Brunei;BRN;835,00;Brunei 2014;BRN14;221,50;1,91;2,27;1,84
96,00;Brunei Darussalam;2015;96;Brunei;BRN;835,00;Brunei 2015;BRN15;217,99;1,90;2,24;1,78
96,00;Brunei Darussalam;2016;96;Brunei;BRN;835,00;Brunei 2016;BRN16;221,88;1,95;2,31;1,77
96,00;Brunei Darussalam;2017;96;Brunei;BRN;835,00;Brunei 2017;BRN17;228,44;1,94;2,10;2,16
96,00;Brunei Darussalam;2018;96;Brunei;BRN;835,00;Brunei 2018;BRN18;200,55;1,94;1,97;1,55
96,00;Brunei Darussalam;2019;96;Brunei;BRN;835,00;Brunei 2019;BRN19;208,79;1,93;2,20;1,54
96,00;Brunei Darussalam;2020;96;Brunei;BRN;835,00;Brunei 2020;BRN20;214,74;1,93;2,37;1,53
96,00;Brunei Darussalam;2021;96;Brunei;BRN;835,00;Brunei 2021;BRN21;208,20;1,92;2,26;1,47
96,00;Brunei Darussalam;2022;96;Brunei;BRN;835,00;Brunei 2022;BRN22;195,71;1,86;2,00;1,47
96,00;Brunei Darussalam;2023;96;Brunei;BRN;835,00;Brunei 2023;BRN23;201,15;1,85;2,15;1,46
100,00;Bulgaria;1990;100;Bulgaria;BGR;355,00;Bulgaria 1990;BGR90;253,63;2,88;2,29;1,71
100,00;Bulgaria;1991;100;Bulgaria;BGR;355,00;Bulgaria 1991;BGR91;237,60;2,91;1,98;1,56
100,00;Bulgaria;1992;100;Bulgaria;BGR;355,00;Bulgaria 1992;BGR92;246,55;3,06;1,93;1,70
100,00;Bulgaria;1993;100;Bulgaria;BGR;355,00;Bulgaria 1993;BGR93;227,66;2,92;1,76;1,50
100,00;Bulgaria;1994;100;Bulgaria;BGR;355,00;Bulgaria 1994;BGR94;225,04;2,89;1,70;1,52
100,00;Bulgaria;1995;100;Bulgaria;BGR;355,00;Bulgaria 1995;BGR95;221,20;2,87;1,61;1,52
100,00;Bulgaria;1996;100;Bulgaria;BGR;355,00;Bulgaria 1996;BGR96;221,75;2,85;1,63;1,54
100,00;Bulgaria;1997;100;Bulgaria;BGR;355,00;Bulgaria 1997;BGR97;221,62;2,85;1,64;1,53
100,00;Bulgaria;1998;100;Bulgaria;BGR;355,00;Bulgaria 1998;BGR98;221,38;2,82;1,65;1,54
100,00;Bulgaria;1999;100;Bulgaria;BGR;355,00;Bulgaria 1999;BGR99;215,62;2,80;1,66;1,39
100,00;Bulgaria;2000;100;Bulgaria;BGR;355,00;Bulgaria 2000;BGR00;215,73;2,80;1,67;1,39
100,00;Bulgaria;2001;100;Bulgaria;BGR;355,00;Bulgaria 2001;BGR01;217,01;2,79;1,71;1,40
100,00;Bulgaria;2002;100;Bulgaria;BGR;355,00;Bulgaria 2002;BGR02;213,90;2,80;1,67;1,34
100,00;Bulgaria;2003;100;Bulgaria;BGR;355,00;Bulgaria 2003;BGR03;206,99;2,80;1,63;1,20
100,00;Bulgaria;2004;100;Bulgaria;BGR;355,00;Bulgaria 2004;BGR04;204,62;2,83;1,52;1,21
100,00;Bulgaria;2005;100;Bulgaria;BGR;355,00;Bulgaria 2005;BGR05;202,60;2,83;1,46;1,21
100,00;Bulgaria;2006;100;Bulgaria;BGR;355,00;Bulgaria 2006;BGR06;200,66;2,83;1,41;1,21
100,00;Bulgaria;2007;100;Bulgaria;BGR;355,00;Bulgaria 2007;BGR07;197,98;2,76;1,48;1,13
100,00;Bulgaria;2008;100;Bulgaria;BGR;355,00;Bulgaria 2008;BGR08;186,39;2,49;1,44;1,14
100,00;Bulgaria;2009;100;Bulgaria;BGR;355,00;Bulgaria 2009;BGR09;166,77;2,20;1,25;1,09
100,00;Bulgaria;2010;100;Bulgaria;BGR;355,00;Bulgaria 2010;BGR10;158,15;2,06;1,19;1,06
100,00;Bulgaria;2011;100;Bulgaria;BGR;355,00;Bulgaria 2011;BGR11;161,32;2,31;1,02;1,06
100,00;Bulgaria;2012;100;Bulgaria;BGR;355,00;Bulgaria 2012;BGR12;121,52;1,41;1,02;0,88
100,00;Bulgaria;2013;100;Bulgaria;BGR;355,00;Bulgaria 2013;BGR13;124,44;1,42;1,09;0,89
100,00;Bulgaria;2014;100;Bulgaria;BGR;355,00;Bulgaria 2014;BGR14;121,50;1,42;1,01;0,89
100,00;Bulgaria;2015;100;Bulgaria;BGR;355,00;Bulgaria 2015;BGR15;120,60;1,43;0,98;0,89
100,00;Bulgaria;2016;100;Bulgaria;BGR;355,00;Bulgaria 2016;BGR16;108,48;1,41;0,97;0,59
100,00;Bulgaria;2017;100;Bulgaria;BGR;355,00;Bulgaria 2017;BGR17;101,81;1,41;0,96;0,42
100,00;Bulgaria;2018;100;Bulgaria;BGR;355,00;Bulgaria 2018;BGR18;107,43;1,44;1,09;0,41
100,00;Bulgaria;2019;100;Bulgaria;BGR;355,00;Bulgaria 2019;BGR19;137,20;1,47;1,79;0,48
100,00;Bulgaria;2020;100;Bulgaria;BGR;355,00;Bulgaria 2020;BGR20;113,38;1,48;1,14;0,48
100,00;Bulgaria;2021;100;Bulgaria;BGR;355,00;Bulgaria 2021;BGR21;112,42;1,49;1,10;0,48
100,00;Bulgaria;2022;100;Bulgaria;BGR;355,00;Bulgaria 2022;BGR22;115,93;1,53;1,14;0,50
100,00;Bulgaria;2023;100;Bulgaria;BGR;355,00;Bulgaria 2023;BGR23;120,53;1,53;1,26;0,50
104,00;Myanmar;1990;104;Myanmar;MMR;775,00;Myanmar 1990;MMR90;136,80;0,30;2,18;1,25
104,00;Myanmar;1991;104;Myanmar;MMR;775,00;Myanmar 1991;MMR91;138,24;0,31;2,12;1,35
104,00;Myanmar;1992;104;Myanmar;MMR;775,00;Myanmar 1992;MMR92;146,31;0,42;2,21;1,35
104,00;Myanmar;1993;104;Myanmar;MMR;775,00;Myanmar 1993;MMR93;149,62;0,42;2,31;1,35
104,00;Myanmar;1994;104;Myanmar;MMR;775,00;Myanmar 1994;MMR94;150,76;0,50;2,35;0,44
104,00;Myanmar;1995;104;Myanmar;MMR;775,00;Myanmar 1995;MMR95;142,23;0,61;2,45;0,43
104,00;Myanmar;1996;104;Myanmar;MMR;775,00;Myanmar 1996;MMR96;142,62;0,65;2,39;0,46
104,00;Myanmar;1997;104;Myanmar;MMR;775,00;Myanmar 1997;MMR97;129,50;0,66;1,94;0,58
104,00;Myanmar;1998;104;Myanmar;MMR;775,00;Myanmar 1998;MMR98;121,51;0,67;1,83;0,48
104,00;Myanmar;1999;104;Myanmar;MMR;775,00;Myanmar 1999;MMR99;112,61;0,63;1,67;0,47
104,00;Myanmar;2000;104;Myanmar;MMR;775,00;Myanmar 2000;MMR00;115,18;0,64;1,73;0,46
104,00;Myanmar;2001;104;Myanmar;MMR;775,00;Myanmar 2001;MMR01;104,43;0,65;1,44;0,48
104,00;Myanmar;2002;104;Myanmar;MMR;775,00;Myanmar 2002;MMR02;89,73;0,65;1,09;0,47
104,00;Myanmar;2003;104;Myanmar;MMR;775,00;Myanmar 2003;MMR03;107,92;0,67;1,47;0,52
104,00;Myanmar;2004;104;Myanmar;MMR;775,00;Myanmar 2004;MMR04;131,13;0,72;1,47;1,39
104,00;Myanmar;2005;104;Myanmar;MMR;775,00;Myanmar 2005;MMR05;119,96;0,72;1,28;1,28
104,00;Myanmar;2006;104;Myanmar;MMR;775,00;Myanmar 2006;MMR06;122,34;0,71;1,29;1,34
104,00;Myanmar;2007;104;Myanmar;MMR;775,00;Myanmar 2007;MMR07;124,55;0,71;1,32;1,37
104,00;Myanmar;2008;104;Myanmar;MMR;775,00;Myanmar 2008;MMR08;123,03;0,71;1,31;1,34
104,00;Myanmar;2012;104;Myanmar;MMR;775,00;Myanmar 2012;MMR12;165,40;0,78;2,45;1,27
104,00;Myanmar;2013;104;Myanmar;MMR;775,00;Myanmar 2013;MMR13;162,84;0,81;2,36;1,27
104,00;Myanmar;2014;104;Myanmar;MMR;775,00;Myanmar 2014;MMR14;155,49;0,81;2,16;1,26
104,00;Myanmar;2015;104;Myanmar;MMR;775,00;Myanmar 2015;MMR15;158,20;0,82;2,23;1,26
104,00;Myanmar;2016;104;Myanmar;MMR;775,00;Myanmar 2016;MMR16;155,76;0,82;2,19;1,23
104,00;Myanmar;2017;104;Myanmar;MMR;775,00;Myanmar 2017;MMR17;147,38;0,82;2,06;1,14
104,00;Myanmar;2018;104;Myanmar;MMR;775,00;Myanmar 2018;MMR18;132,50;0,82;1,60;1,20
104,00;Myanmar;2019;104;Myanmar;MMR;775,00;Myanmar 2019;MMR19;129,12;0,82;1,53;1,17
104,00;Myanmar;2020;104;Myanmar;MMR;775,00;Myanmar 2020;MMR20;141,25;0,82;1,86;1,17
104,00;Myanmar;2021;104;Myanmar;MMR;775,00;Myanmar 2021;MMR21;150,61;0,80;2,21;1,09
104,00;Myanmar;2022;104;Myanmar;MMR;775,00;Myanmar 2022;MMR22;148,07;0,79;2,16;1,09
104,00;Myanmar;2023;104;Myanmar;MMR;775,00;Myanmar 2023;MMR23;135,84;0,79;2,07;0,85
108,00;Burundi;1990;108;Burundi;BDI;516,00;Burundi 1990;BDI90;104,72;0,47;2,05;0,07
108,00;Burundi;1991;108;Burundi;BDI;516,00;Burundi 1991;BDI91;106,60;0,40;2,16;0,06
108,00;Burundi;1992;108;Burundi;BDI;516,00;Burundi 1992;BDI92;103,62;0,39;2,10;0,06
108,00;Burundi;1993;108;Burundi;BDI;516,00;Burundi 1993;BDI93;108,95;0,48;2,14;0,06
108,00;Burundi;1994;108;Burundi;BDI;516,00;Burundi 1994;BDI94;129,22;0,49;2,20;0,13
108,00;Burundi;1995;108;Burundi;BDI;516,00;Burundi 1995;BDI95;117,11;0,47;2,29;0,12
108,00;Burundi;1996;108;Burundi;BDI;516,00;Burundi 1996;BDI96;137,49;0,48;2,71;0,18
108,00;Burundi;1997;108;Burundi;BDI;516,00;Burundi 1997;BDI97;143,79;0,47;2,87;0,18
108,00;Burundi;1998;108;Burundi;BDI;516,00;Burundi 1998;BDI98;157,15;0,74;2,87;0,25
108,00;Burundi;1999;108;Burundi;BDI;516,00;Burundi 1999;BDI99;184,59;0,83;2,81;0,37
108,00;Burundi;2000;108;Burundi;BDI;516,00;Burundi 2000;BDI00;149,88;0,82;2,49;0,37
108,00;Burundi;2001;108;Burundi;BDI;516,00;Burundi 2001;BDI01;155,77;0,81;2,65;0,36
108,00;Burundi;2002;108;Burundi;BDI;516,00;Burundi 2002;BDI02;152,19;0,85;2,53;0,35
108,00;Burundi;2003;108;Burundi;BDI;516,00;Burundi 2003;BDI03;162,66;0,83;2,56;0,59
108,00;Burundi;2004;108;Burundi;BDI;516,00;Burundi 2004;BDI04;182,42;0,52;2,30;2,15
108,00;Burundi;2005;108;Burundi;BDI;516,00;Burundi 2005;BDI05;176,00;0,50;2,16;2,13
108,00;Burundi;2006;108;Burundi;BDI;516,00;Burundi 2006;BDI06;158,06;0,49;1,86;1,96
108,00;Burundi;2007;108;Burundi;BDI;516,00;Burundi 2007;BDI07;155,44;0,48;1,82;1,94
108,00;Burundi;2008;108;Burundi;BDI;516,00;Burundi 2008;BDI08;141,42;0,46;1,63;1,77
108,00;Burundi;2009;108;Burundi;BDI;516,00;Burundi 2009;BDI09;140,36;0,49;1,59;1,75
108,00;Burundi;2010;108;Burundi;BDI;516,00;Burundi 2010;BDI10;130,82;0,47;1,56;1,54
108,00;Burundi;2011;108;Burundi;BDI;516,00;Burundi 2011;BDI11;132,11;0,45;1,57;1,58
108,00;Burundi;2012;108;Burundi;BDI;516,00;Burundi 2012;BDI12;126,57;0,44;1,53;1,48
108,00;Burundi;2013;108;Burundi;BDI;516,00;Burundi 2013;BDI13;124,15;0,43;1,52;1,44
108,00;Burundi;2014;108;Burundi;BDI;516,00;Burundi 2014;BDI14;123,03;0,47;1,48;1,41
108,00;Burundi;2015;108;Burundi;BDI;516,00;Burundi 2015;BDI15;125,57;0,54;1,44;1,45
108,00;Burundi;2016;108;Burundi;BDI;516,00;Burundi 2016;BDI16;126,07;0,53;1,46;1,45
108,00;Burundi;2017;108;Burundi;BDI;516,00;Burundi 2017;BDI17;114,60;0,52;1,36;1,25
108,00;Burundi;2018;108;Burundi;BDI;516,00;Burundi 2018;BDI18;117,17;0,55;1,42;1,24
108,00;Burundi;2019;108;Burundi;BDI;516,00;Burundi 2019;BDI19;124,20;0,53;1,63;1,23
108,00;Burundi;2020;108;Burundi;BDI;516,00;Burundi 2020;BDI20;116,35;0,52;1,37;1,29
108,00;Burundi;2021;108;Burundi;BDI;516,00;Burundi 2021;BDI21;109,12;0,56;1,33;1,09
108,00;Burundi;2022;108;Burundi;BDI;516,00;Burundi 2022;BDI22;116,64;0,55;1,55;1,09
108,00;Burundi;2023;108;Burundi;BDI;516,00;Burundi 2023;BDI23;128,86;0,54;1,89;1,08
112,00;Belarus;1992;112;Belarus;BLR;370,00;Belarus 1992;BLR92;208,15;3,05;1,18;0,86
112,00;Belarus;1993;112;Belarus;BLR;370,00;Belarus 1993;BLR93;223,39;3,04;1,68;0,74
112,00;Belarus;1994;112;Belarus;BLR;370,00;Belarus 1994;BLR94;231,49;3,00;1,96;0,70
112,00;Belarus;1995;112;Belarus;BLR;370,00;Belarus 1995;BLR95;198,63;2,90;1,23;0,73
112,00;Belarus;1996;112;Belarus;BLR;370,00;Belarus 1996;BLR96;186,61;2,89;1,01;0,67
112,00;Belarus;1997;112;Belarus;BLR;370,00;Belarus 1997;BLR97;194,00;2,83;1,26;0,65
112,00;Belarus;1998;112;Belarus;BLR;370,00;Belarus 1998;BLR98;187,73;2,79;1,14;0,66
112,00;Belarus;1999;112;Belarus;BLR;370,00;Belarus 1999;BLR99;204,83;2,79;1,07;1,15
112,00;Belarus;2000;112;Belarus;BLR;370,00;Belarus 2000;BLR00;205,40;2,77;1,08;1,17
112,00;Belarus;2001;112;Belarus;BLR;370,00;Belarus 2001;BLR01;206,97;2,77;1,12;1,17
112,00;Belarus;2002;112;Belarus;BLR;370,00;Belarus 2002;BLR02;204,41;2,73;1,10;1,17
112,00;Belarus;2003;112;Belarus;BLR;370,00;Belarus 2003;BLR03;201,00;2,73;1,04;1,14
112,00;Belarus;2004;112;Belarus;BLR;370,00;Belarus 2004;BLR04;204,39;2,78;1,07;1,15
112,00;Belarus;2005;112;Belarus;BLR;370,00;Belarus 2005;BLR05;207,68;2,78;1,14;1,16
112,00;Belarus;2006;112;Belarus;BLR;370,00;Belarus 2006;BLR06;213,07;2,78;1,27;1,16
112,00;Belarus;2007;112;Belarus;BLR;370,00;Belarus 2007;BLR07;212,05;2,78;1,23;1,17
112,00;Belarus;2008;112;Belarus;BLR;370,00;Belarus 2008;BLR08;208,54;2,78;1,14;1,17
112,00;Belarus;2009;112;Belarus;BLR;370,00;Belarus 2009;BLR09;206,74;2,79;1,09;1,18
112,00;Belarus;2010;112;Belarus;BLR;370,00;Belarus 2010;BLR10;187,93;2,35;1,07;1,18
112,00;Belarus;2011;112;Belarus;BLR;370,00;Belarus 2011;BLR11;183,48;2,36;1,02;1,61
112,00;Belarus;2012;112;Belarus;BLR;370,00;Belarus 2012;BLR12;176,90;2,35;1,01;1,45
112,00;Belarus;2013;112;Belarus;BLR;370,00;Belarus 2013;BLR13;177,17;2,35;1,03;1,45
112,00;Belarus;2014;112;Belarus;BLR;370,00;Belarus 2014;BLR14;172,78;2,37;0,89;1,44
112,00;Belarus;2015;112;Belarus;BLR;370,00;Belarus 2015;BLR15;173,60;2,35;0,94;1,43
112,00;Belarus;2016;112;Belarus;BLR;370,00;Belarus 2016;BLR16;181,89;2,32;1,16;1,46
112,00;Belarus;2017;112;Belarus;BLR;370,00;Belarus 2017;BLR17;178,34;2,32;1,08;1,45
112,00;Belarus;2018;112;Belarus;BLR;370,00;Belarus 2018;BLR18;179,35;2,25;1,18;1,44
112,00;Belarus;2019;112;Belarus;BLR;370,00;Belarus 2019;BLR19;176,19;2,26;1,09;1,45
112,00;Belarus;2020;112;Belarus;BLR;370,00;Belarus 2020;BLR20;176,15;2,26;1,08;1,45
112,00;Belarus;2021;112;Belarus;BLR;370,00;Belarus 2021;BLR21;176,61;2,27;1,06;1,48
112,00;Belarus;2022;112;Belarus;BLR;370,00;Belarus 2022;BLR22;182,41;2,27;1,21;1,48
112,00;Belarus;2023;112;Belarus;BLR;370,00;Belarus 2023;BLR23;186,44;2,30;1,28;1,49
116,00;Cambodia;1990;116;Cambodia;KHM;811,00;Cambodia 1990;KHM90;124,44;1,04;1,39;0,62
116,00;Cambodia;1991;116;Cambodia;KHM;811,00;Cambodia 1991;KHM91;124,43;0,95;1,51;0,60
116,00;Cambodia;1992;116;Cambodia;KHM;811,00;Cambodia 1992;KHM92;147,84;1,13;1,81;0,69
116,00;Cambodia;1993;116;Cambodia;KHM;811,00;Cambodia 1993;KHM93;116,23;1,10;1,26;0,49
116,00;Cambodia;1994;116;Cambodia;KHM;811,00;Cambodia 1994;KHM94;162,36;1,08;2,04;0,41
116,00;Cambodia;1995;116;Cambodia;KHM;811,00;Cambodia 1995;KHM95;161,97;1,55;2,02;0,40
116,00;Cambodia;1996;116;Cambodia;KHM;811,00;Cambodia 1996;KHM96;174,92;1,43;1,81;1,51
116,00;Cambodia;1997;116;Cambodia;KHM;811,00;Cambodia 1997;KHM97;185,51;1,42;1,77;1,85
116,00;Cambodia;1998;116;Cambodia;KHM;811,00;Cambodia 1998;KHM98;176,85;1,40;1,66;1,75
116,00;Cambodia;1999;116;Cambodia;KHM;811,00;Cambodia 1999;KHM99;176,80;1,39;1,62;1,80
116,00;Cambodia;2000;116;Cambodia;KHM;811,00;Cambodia 2000;KHM00;179,12;1,35;1,46;2,06
116,00;Cambodia;2001;116;Cambodia;KHM;811,00;Cambodia 2001;KHM01;170,50;1,34;1,26;2,05
116,00;Cambodia;2002;116;Cambodia;KHM;811,00;Cambodia 2002;KHM02;162,40;1,34;1,13;1,95
116,00;Cambodia;2003;116;Cambodia;KHM;811,00;Cambodia 2003;KHM03;161,17;1,35;1,09;1,94
116,00;Cambodia;2004;116;Cambodia;KHM;811,00;Cambodia 2004;KHM04;157,05;1,34;1,01;1,92
116,00;Cambodia;2005;116;Cambodia;KHM;811,00;Cambodia 2005;KHM05;154,54;1,38;0,92;1,91
116,00;Cambodia;2006;116;Cambodia;KHM;811,00;Cambodia 2006;KHM06;120,08;1,37;0,88;0,70
116,00;Cambodia;2007;116;Cambodia;KHM;811,00;Cambodia 2007;KHM07;116,77;1,36;0,82;0,69
116,00;Cambodia;2008;116;Cambodia;KHM;811,00;Cambodia 2008;KHM08;139,53;1,35;0,71;1,74
116,00;Cambodia;2009;116;Cambodia;KHM;811,00;Cambodia 2009;KHM09;150,13;1,34;1,01;1,74
116,00;Cambodia;2010;116;Cambodia;KHM;811,00;Cambodia 2010;KHM10;153,64;1,33;1,12;1,73
116,00;Cambodia;2011;116;Cambodia;KHM;811,00;Cambodia 2011;KHM11;152,64;1,33;1,11;1,72
116,00;Cambodia;2012;116;Cambodia;KHM;811,00;Cambodia 2012;KHM12;157,66;1,36;1,14;1,79
116,00;Cambodia;2013;116;Cambodia;KHM;811,00;Cambodia 2013;KHM13;157,77;1,36;1,16;1,78
116,00;Cambodia;2014;116;Cambodia;KHM;811,00;Cambodia 2014;KHM14;157,17;1,35;1,21;1,73
116,00;Cambodia;2015;116;Cambodia;KHM;811,00;Cambodia 2015;KHM15;159,69;1,34;1,29;1,72
116,00;Cambodia;2016;116;Cambodia;KHM;811,00;Cambodia 2016;KHM16;161,09;1,33;1,34;1,71
116,00;Cambodia;2017;116;Cambodia;KHM;811,00;Cambodia 2017;KHM17;163,79;1,33;1,43;1,70
116,00;Cambodia;2018;116;Cambodia;KHM;811,00;Cambodia 2018;KHM18;164,97;1,32;1,48;1,69
116,00;Cambodia;2019;116;Cambodia;KHM;811,00;Cambodia 2019;KHM19;161,75;1,31;1,45;1,64
116,00;Cambodia;2020;116;Cambodia;KHM;811,00;Cambodia 2020;KHM20;163,98;1,30;1,52;1,64
116,00;Cambodia;2021;116;Cambodia;KHM;811,00;Cambodia 2021;KHM21;163,06;1,33;1,48;1,63
116,00;Cambodia;2022;116;Cambodia;KHM;811,00;Cambodia 2022;KHM22;159,69;1,34;1,39;1,62
116,00;Cambodia;2023;116;Cambodia;KHM;811,00;Cambodia 2023;KHM23;159,24;1,33;1,38;1,62
120,00;Cameroon;1990;120;Cameroon;CMR;471,00;Cameroon 1990;CMR90;68,08;0,44;1,20;0,05
120,00;Cameroon;1991;120;Cameroon;CMR;471,00;Cameroon 1991;CMR91;69,11;0,45;1,22;0,05
120,00;Cameroon;1992;120;Cameroon;CMR;471,00;Cameroon 1992;CMR92;68,98;0,44;1,23;0,05
120,00;Cameroon;1993;120;Cameroon;CMR;471,00;Cameroon 1993;CMR93;63,63;0,43;1,11;0,05
120,00;Cameroon;1994;120;Cameroon;CMR;471,00;Cameroon 1994;CMR94;74,88;0,46;1,09;0,09
120,00;Cameroon;1995;120;Cameroon;CMR;471,00;Cameroon 1995;CMR95;72,72;0,43;1,08;0,09
120,00;Cameroon;1996;120;Cameroon;CMR;471,00;Cameroon 1996;CMR96;66,82;0,38;1,01;0,08
120,00;Cameroon;1997;120;Cameroon;CMR;471,00;Cameroon 1997;CMR97;71,59;0,42;1,08;0,08
120,00;Cameroon;1998;120;Cameroon;CMR;471,00;Cameroon 1998;CMR98;73,42;0,40;1,14;0,08
120,00;Cameroon;1999;120;Cameroon;CMR;471,00;Cameroon 1999;CMR99;74,20;0,39;1,17;0,07
120,00;Cameroon;2000;120;Cameroon;CMR;471,00;Cameroon 2000;CMR00;63,13;0,38;1,12;0,07
120,00;Cameroon;2001;120;Cameroon;CMR;471,00;Cameroon 2001;CMR01;62,35;0,37;1,11;0,07
120,00;Cameroon;2002;120;Cameroon;CMR;471,00;Cameroon 2002;CMR02;64,20;0,40;1,13;0,07
120,00;Cameroon;2003;120;Cameroon;CMR;471,00;Cameroon 2003;CMR03;66,59;0,42;1,16;0,07
120,00;Cameroon;2004;120;Cameroon;CMR;471,00;Cameroon 2004;CMR04;80,92;0,41;1,18;0,63
120,00;Cameroon;2005;120;Cameroon;CMR;471,00;Cameroon 2005;CMR05;84,93;0,42;1,02;0,89
120,00;Cameroon;2006;120;Cameroon;CMR;471,00;Cameroon 2006;CMR06;86,68;0,41;1,08;0,89
120,00;Cameroon;2007;120;Cameroon;CMR;471,00;Cameroon 2007;CMR07;84,46;0,40;1,09;0,83
120,00;Cameroon;2008;120;Cameroon;CMR;471,00;Cameroon 2008;CMR08;85,87;0,43;1,10;0,83
120,00;Cameroon;2009;120;Cameroon;CMR;471,00;Cameroon 2009;CMR09;85,12;0,42;1,09;0,82
120,00;Cameroon;2010;120;Cameroon;CMR;471,00;Cameroon 2010;CMR10;83,64;0,41;1,12;0,76
120,00;Cameroon;2011;120;Cameroon;CMR;471,00;Cameroon 2011;CMR11;78,31;0,40;1,01;0,74
120,00;Cameroon;2012;120;Cameroon;CMR;471,00;Cameroon 2012;CMR12;78,75;0,39;1,03;0,74
120,00;Cameroon;2013;120;Cameroon;CMR;471,00;Cameroon 2013;CMR13;77,98;0,36;1,04;0,74
120,00;Cameroon;2014;120;Cameroon;CMR;471,00;Cameroon 2014;CMR14;76,35;0,37;0,99;0,74
120,00;Cameroon;2015;120;Cameroon;CMR;471,00;Cameroon 2015;CMR15;76,81;0,38;1,00;0,74
120,00;Cameroon;2016;120;Cameroon;CMR;471,00;Cameroon 2016;CMR16;78,50;0,39;1,03;0,74
120,00;Cameroon;2017;120;Cameroon;CMR;471,00;Cameroon 2017;CMR17;58,87;0,38;1,04;0,05
120,00;Cameroon;2018;120;Cameroon;CMR;471,00;Cameroon 2018;CMR18;73,17;0,42;0,98;0,61
120,00;Cameroon;2019;120;Cameroon;CMR;471,00;Cameroon 2019;CMR19;76,17;0,41;0,97;0,71
120,00;Cameroon;2020;120;Cameroon;CMR;471,00;Cameroon 2020;CMR20;75,00;0,40;0,90;0,77
120,00;Cameroon;2021;120;Cameroon;CMR;471,00;Cameroon 2021;CMR21;72,90;0,41;0,90;0,70
120,00;Cameroon;2022;120;Cameroon;CMR;471,00;Cameroon 2022;CMR22;74,22;0,47;0,88;0,70
120,00;Cameroon;2023;120;Cameroon;CMR;471,00;Cameroon 2023;CMR23;74,73;0,49;0,87;0,70
124,00;Canada;1990;124;Canada;CAN;20,00;Canada 1990;CAN90;117,95;1,41;1,30;0,19
124,00;Canada;1991;124;Canada;CAN;20,00;Canada 1991;CAN91;119,47;1,48;1,28;0,18
124,00;Canada;1992;124;Canada;CAN;20,00;Canada 1992;CAN92;118,39;1,47;1,26;0,18
124,00;Canada;1993;124;Canada;CAN;20,00;Canada 1993;CAN93;116,96;1,47;1,24;0,17
124,00;Canada;1994;124;Canada;CAN;20,00;Canada 1994;CAN94;114,13;1,46;1,19;0,16
124,00;Canada;1995;124;Canada;CAN;20,00;Canada 1995;CAN95;113,89;1,54;1,12;0,14
124,00;Canada;1996;124;Canada;CAN;20,00;Canada 1996;CAN96;109,89;1,52;1,04;0,15
124,00;Canada;1997;124;Canada;CAN;20,00;Canada 1997;CAN97;105,29;1,50;0,96;0,13
124,00;Canada;1998;124;Canada;CAN;20,00;Canada 1998;CAN98;104,93;1,50;0,96;0,13
124,00;Canada;1999;124;Canada;CAN;20,00;Canada 1999;CAN99;103,37;1,47;0,96;0,13
124,00;Canada;2000;124;Canada;CAN;20,00;Canada 2000;CAN00;100,73;1,47;0,89;0,12
124,00;Canada;2001;124;Canada;CAN;20,00;Canada 2001;CAN01;98,08;1,41;0,90;0,11
124,00;Canada;2002;124;Canada;CAN;20,00;Canada 2002;CAN02;95,59;1,37;0,88;0,11
124,00;Canada;2003;124;Canada;CAN;20,00;Canada 2003;CAN03;96,19;1,39;0,88;0,11
124,00;Canada;2004;124;Canada;CAN;20,00;Canada 2004;CAN04;92,21;1,30;0,87;0,10
124,00;Canada;2005;124;Canada;CAN;20,00;Canada 2005;CAN05;92,63;1,29;0,88;0,12
124,00;Canada;2006;124;Canada;CAN;20,00;Canada 2006;CAN06;95,71;1,36;0,88;0,12
124,00;Canada;2007;124;Canada;CAN;20,00;Canada 2007;CAN07;94,07;1,28;0,92;0,13
124,00;Canada;2008;124;Canada;CAN;20,00;Canada 2008;CAN08;93,88;1,24;0,95;0,12
124,00;Canada;2009;124;Canada;CAN;20,00;Canada 2009;CAN09;93,65;1,19;1,01;0,11
124,00;Canada;2010;124;Canada;CAN;20,00;Canada 2010;CAN10;90,42;1,21;0,91;0,11
124,00;Canada;2011;124;Canada;CAN;20,00;Canada 2011;CAN11;90,21;1,21;0,91;0,10
124,00;Canada;2012;124;Canada;CAN;20,00;Canada 2012;CAN12;88,44;1,21;0,87;0,10
124,00;Canada;2013;124;Canada;CAN;20,00;Canada 2013;CAN13;85,31;1,20;0,80;0,10
124,00;Canada;2014;124;Canada;CAN;20,00;Canada 2014;CAN14;84,42;1,19;0,80;0,10
124,00;Canada;2015;124;Canada;CAN;20,00;Canada 2015;CAN15;87,83;1,18;0,89;0,10
124,00;Canada;2016;124;Canada;CAN;20,00;Canada 2016;CAN16;86,36;1,14;0,89;0,10
124,00;Canada;2017;124;Canada;CAN;20,00;Canada 2017;CAN17;90,20;1,14;0,99;0,10
124,00;Canada;2018;124;Canada;CAN;20,00;Canada 2018;CAN18;89,12;1,22;0,97;0,25
124,00;Canada;2019;124;Canada;CAN;20,00;Canada 2019;CAN19;88,71;1,22;0,96;0,25
124,00;Canada;2020;124;Canada;CAN;20,00;Canada 2020;CAN20;90,12;1,22;1,00;0,25
124,00;Canada;2021;124;Canada;CAN;20,00;Canada 2021;CAN21;87,61;1,22;0,94;0,25
124,00;Canada;2022;124;Canada;CAN;20,00;Canada 2022;CAN22;86,03;1,21;0,91;0,25
124,00;Canada;2023;124;Canada;CAN;20,00;Canada 2023;CAN23;86,76;1,19;0,96;0,23
132,00;Cabo Verde;1990;132;Cape Verde;CPV;402,00;Cape Verde 1990;CPV90;94,51;0,79;1,37;0,18
132,00;Cabo Verde;1991;132;Cape Verde;CPV;402,00;Cape Verde 1991;CPV91;94,06;0,78;1,37;0,17
132,00;Cabo Verde;1992;132;Cape Verde;CPV;402,00;Cape Verde 1992;CPV92;72,53;0,77;0,86;0,17
132,00;Cabo Verde;1993;132;Cape Verde;CPV;402,00;Cape Verde 1993;CPV93;68,50;0,86;0,70;0,14
132,00;Cabo Verde;1994;132;Cape Verde;CPV;402,00;Cape Verde 1994;CPV94;79,37;0,85;0,76;0,14
132,00;Cabo Verde;1995;132;Cape Verde;CPV;402,00;Cape Verde 1995;CPV95;46,54;0,00;1,03;0,13
132,00;Cabo Verde;1996;132;Cape Verde;CPV;402,00;Cape Verde 1996;CPV96;35,71;0,00;0,77;0,13
132,00;Cabo Verde;1997;132;Cape Verde;CPV;402,00;Cape Verde 1997;CPV97;35,30;0,00;0,77;0,13
132,00;Cabo Verde;1998;132;Cape Verde;CPV;402,00;Cape Verde 1998;CPV98;35,49;0,00;0,78;0,12
132,00;Cabo Verde;1999;132;Cape Verde;CPV;402,00;Cape Verde 1999;CPV99;40,02;0,00;0,78;0,12
132,00;Cabo Verde;2000;132;Cape Verde;CPV;402,00;Cape Verde 2000;CPV00;44,83;0,00;1,00;0,13
132,00;Cabo Verde;2001;132;Cape Verde;CPV;402,00;Cape Verde 2001;CPV01;32,98;0,00;0,71;0,13
132,00;Cabo Verde;2002;132;Cape Verde;CPV;402,00;Cape Verde 2002;CPV02;30,11;0,00;0,64;0,13
132,00;Cabo Verde;2003;132;Cape Verde;CPV;402,00;Cape Verde 2003;CPV03;29,73;0,00;0,64;0,12
132,00;Cabo Verde;2004;132;Cape Verde;CPV;402,00;Cape Verde 2004;CPV04;29,19;0,00;0,62;0,12
132,00;Cabo Verde;2005;132;Cape Verde;CPV;402,00;Cape Verde 2005;CPV05;29,85;0,00;0,64;0,12
132,00;Cabo Verde;2006;132;Cape Verde;CPV;402,00;Cape Verde 2006;CPV06;26,72;0,00;0,57;0,12
132,00;Cabo Verde;2007;132;Cape Verde;CPV;402,00;Cape Verde 2007;CPV07;23,15;0,00;0,50;0,10
132,00;Cabo Verde;2008;132;Cape Verde;CPV;402,00;Cape Verde 2008;CPV08;26,99;0,00;0,58;0,12
132,00;Cabo Verde;2009;132;Cape Verde;CPV;402,00;Cape Verde 2009;CPV09;37,64;0,00;0,48;0,58
132,00;Cabo Verde;2010;132;Cape Verde;CPV;402,00;Cape Verde 2010;CPV10;36,01;0,00;0,47;0,54
132,00;Cabo Verde;2011;132;Cape Verde;CPV;402,00;Cape Verde 2011;CPV11;80,03;1,16;0,50;0,54
132,00;Cabo Verde;2012;132;Cape Verde;CPV;402,00;Cape Verde 2012;CPV12;81,07;1,16;0,51;0,57
132,00;Cabo Verde;2013;132;Cape Verde;CPV;402,00;Cape Verde 2013;CPV13;36,03;0,00;0,49;0,53
132,00;Cabo Verde;2014;132;Cape Verde;CPV;402,00;Cape Verde 2014;CPV14;36,25;0,00;0,49;0,53
132,00;Cabo Verde;2015;132;Cape Verde;CPV;402,00;Cape Verde 2015;CPV15;34,88;0,00;0,51;0,47
132,00;Cabo Verde;2016;132;Cape Verde;CPV;402,00;Cape Verde 2016;CPV16;36,10;0,00;0,55;0,47
132,00;Cabo Verde;2017;132;Cape Verde;CPV;402,00;Cape Verde 2017;CPV17;33,33;0,00;0,47;0,47
132,00;Cabo Verde;2018;132;Cape Verde;CPV;402,00;Cape Verde 2018;CPV18;33,33;0,00;0,50;0,45
132,00;Cabo Verde;2019;132;Cape Verde;CPV;402,00;Cape Verde 2019;CPV19;31,63;0,00;0,45;0,44
132,00;Cabo Verde;2020;132;Cape Verde;CPV;402,00;Cape Verde 2020;CPV20;36,54;0,00;0,58;0,44
132,00;Cabo Verde;2021;132;Cape Verde;CPV;402,00;Cape Verde 2021;CPV21;34,54;0,00;0,53;0,44
132,00;Cabo Verde;2022;132;Cape Verde;CPV;402,00;Cape Verde 2022;CPV22;31,39;0,00;0,45;0,44
132,00;Cabo Verde;2023;132;Cape Verde;CPV;402,00;Cape Verde 2023;CPV23;33,50;0,00;0,51;0,44
140,00;Central African Republic (the);1991;140;Central African Republic;CAF;482,00;Central African Republic 1991;CAF91;84,67;0,71;1,28;0,11
140,00;Central African Republic (the);1992;140;Central African Republic;CAF;482,00;Central African Republic 1992;CAF92;85,60;0,69;1,32;0,11
140,00;Central African Republic (the);1993;140;Central African Republic;CAF;482,00;Central African Republic 1993;CAF93;81,48;0,68;1,23;0,10
140,00;Central African Republic (the);1994;140;Central African Republic;CAF;482,00;Central African Republic 1994;CAF94;83,24;0,66;1,09;0,08
140,00;Central African Republic (the);1995;140;Central African Republic;CAF;482,00;Central African Republic 1995;CAF95;67,97;0,57;1,04;0,08
140,00;Central African Republic (the);1996;140;Central African Republic;CAF;482,00;Central African Republic 1996;CAF96;66,89;0,56;1,03;0,07
140,00;Central African Republic (the);1997;140;Central African Republic;CAF;482,00;Central African Republic 1997;CAF97;68,16;0,55;1,07;0,07
140,00;Central African Republic (the);1998;140;Central African Republic;CAF;482,00;Central African Republic 1998;CAF98;67,28;0,54;1,06;0,07
140,00;Central African Republic (the);1999;140;Central African Republic;CAF;482,00;Central African Republic 1999;CAF99;74,57;0,53;1,05;0,07
140,00;Central African Republic (the);2002;140;Central African Republic;CAF;482,00;Central African Republic 2002;CAF02;59,68;0,49;0,96;0,03
140,00;Central African Republic (the);2003;140;Central African Republic;CAF;482,00;Central African Republic 2003;CAF03;63,63;0,48;1,07;0,03
140,00;Central African Republic (the);2004;140;Central African Republic;CAF;482,00;Central African Republic 2004;CAF04;75,67;0,48;1,00;0,61
140,00;Central African Republic (the);2005;140;Central African Republic;CAF;482,00;Central African Republic 2005;CAF05;73,75;0,47;0,96;0,60
140,00;Central African Republic (the);2006;140;Central African Republic;CAF;482,00;Central African Republic 2006;CAF06;75,45;0,46;0,95;0,66
140,00;Central African Republic (the);2007;140;Central African Republic;CAF;482,00;Central African Republic 2007;CAF07;74,16;0,46;0,94;0,64
140,00;Central African Republic (the);2008;140;Central African Republic;CAF;482,00;Central African Republic 2008;CAF08;90,54;0,58;1,25;0,66
140,00;Central African Republic (the);2009;140;Central African Republic;CAF;482,00;Central African Republic 2009;CAF09;97,06;0,57;1,32;0,77
140,00;Central African Republic (the);2010;140;Central African Republic;CAF;482,00;Central African Republic 2010;CAF10;111,50;0,56;1,71;0,77
140,00;Central African Republic (the);2011;140;Central African Republic;CAF;482,00;Central African Republic 2011;CAF11;104,49;0,56;1,54;0,77
140,00;Central African Republic (the);2012;140;Central African Republic;CAF;482,00;Central African Republic 2012;CAF12;97,15;0,55;1,34;0,77
140,00;Central African Republic (the);2013;140;Central African Republic;CAF;482,00;Central African Republic 2013;CAF13;124,73;0,55;1,80;1,06
140,00;Central African Republic (the);2014;140;Central African Republic;CAF;482,00;Central African Republic 2014;CAF14;112,54;0,55;1,47;1,06
140,00;Central African Republic (the);2015;140;Central African Republic;CAF;482,00;Central African Republic 2015;CAF15;98,88;0,55;1,22;0,94
140,00;Central African Republic (the);2016;140;Central African Republic;CAF;482,00;Central African Republic 2016;CAF16;89,42;0,37;1,15;0,94
140,00;Central African Republic (the);2017;140;Central African Republic;CAF;482,00;Central African Republic 2017;CAF17;85,36;0,36;1,04;0,94
140,00;Central African Republic (the);2018;140;Central African Republic;CAF;482,00;Central African Republic 2018;CAF18;82,63;0,35;0,99;0,93
140,00;Central African Republic (the);2019;140;Central African Republic;CAF;482,00;Central African Republic 2019;CAF19;94,80;0,35;1,25;1,00
140,00;Central African Republic (the);2020;140;Central African Republic;CAF;482,00;Central African Republic 2020;CAF20;94,81;0,34;1,26;1,00
140,00;Central African Republic (the);2021;140;Central African Republic;CAF;482,00;Central African Republic 2021;CAF21;101,97;0,41;1,38;1,00
140,00;Central African Republic (the);2022;140;Central African Republic;CAF;482,00;Central African Republic 2022;CAF22;91,93;0,34;1,19;1,00
140,00;Central African Republic (the);2023;140;Central African Republic;CAF;482,00;Central African Republic 2023;CAF23;100,66;0,33;1,43;0,99
144,00;Sri Lanka;1990;144;Sri Lanka;LKA;780,00;Sri Lanka 1990;LKA90;134,79;0,58;1,73;1,37
144,00;Sri Lanka;1991;144;Sri Lanka;LKA;780,00;Sri Lanka 1991;LKA91;147,74;0,61;2,05;1,37
144,00;Sri Lanka;1992;144;Sri Lanka;LKA;780,00;Sri Lanka 1992;LKA92;156,38;0,71;2,14;1,40
144,00;Sri Lanka;1993;144;Sri Lanka;LKA;780,00;Sri Lanka 1993;LKA93;159,22;0,82;2,16;1,36
144,00;Sri Lanka;1994;144;Sri Lanka;LKA;780,00;Sri Lanka 1994;LKA94;166,32;0,82;2,25;1,45
144,00;Sri Lanka;1995;144;Sri Lanka;LKA;780,00;Sri Lanka 1995;LKA95;184,39;0,78;2,84;1,39
144,00;Sri Lanka;1996;144;Sri Lanka;LKA;780,00;Sri Lanka 1996;LKA96;173,57;0,70;2,76;1,26
144,00;Sri Lanka;1997;144;Sri Lanka;LKA;780,00;Sri Lanka 1997;LKA97;164,97;0,71;2,53;1,24
144,00;Sri Lanka;1998;144;Sri Lanka;LKA;780,00;Sri Lanka 1998;LKA98;169,69;0,72;2,49;1,41
144,00;Sri Lanka;1999;144;Sri Lanka;LKA;780,00;Sri Lanka 1999;LKA99;160,60;0,72;2,31;1,34
144,00;Sri Lanka;2000;144;Sri Lanka;LKA;780,00;Sri Lanka 2000;LKA00;163,71;0,77;2,55;1,14
144,00;Sri Lanka;2001;144;Sri Lanka;LKA;780,00;Sri Lanka 2001;LKA01;160,14;0,86;2,34;1,16
144,00;Sri Lanka;2002;144;Sri Lanka;LKA;780,00;Sri Lanka 2002;LKA02;157,56;0,93;2,04;1,32
144,00;Sri Lanka;2003;144;Sri Lanka;LKA;780,00;Sri Lanka 2003;LKA03;151,19;0,93;1,90;1,29
144,00;Sri Lanka;2004;144;Sri Lanka;LKA;780,00;Sri Lanka 2004;LKA04;149,08;0,92;1,91;1,23
144,00;Sri Lanka;2005;144;Sri Lanka;LKA;780,00;Sri Lanka 2005;LKA05;137,00;0,88;1,78;1,07
144,00;Sri Lanka;2006;144;Sri Lanka;LKA;780,00;Sri Lanka 2006;LKA06;146,18;0,91;1,85;1,22
144,00;Sri Lanka;2007;144;Sri Lanka;LKA;780,00;Sri Lanka 2007;LKA07;151,58;0,90;2,03;1,20
144,00;Sri Lanka;2008;144;Sri Lanka;LKA;780,00;Sri Lanka 2008;LKA08;149,74;0,89;2,02;1,17
144,00;Sri Lanka;2009;144;Sri Lanka;LKA;780,00;Sri Lanka 2009;LKA09;148,07;0,89;1,97;1,18
144,00;Sri Lanka;2010;144;Sri Lanka;LKA;780,00;Sri Lanka 2010;LKA10;146,17;0,89;1,82;1,27
144,00;Sri Lanka;2011;144;Sri Lanka;LKA;780,00;Sri Lanka 2011;LKA11;144,18;0,84;1,83;1,26
144,00;Sri Lanka;2012;144;Sri Lanka;LKA;780,00;Sri Lanka 2012;LKA12;135,66;0,84;1,62;1,24
144,00;Sri Lanka;2013;144;Sri Lanka;LKA;780,00;Sri Lanka 2013;LKA13;133,36;0,82;1,59;1,23
144,00;Sri Lanka;2014;144;Sri Lanka;LKA;780,00;Sri Lanka 2014;LKA14;137,85;0,82;1,72;1,21
144,00;Sri Lanka;2015;144;Sri Lanka;LKA;780,00;Sri Lanka 2015;LKA15;146,58;0,82;1,71;1,47
144,00;Sri Lanka;2016;144;Sri Lanka;LKA;780,00;Sri Lanka 2016;LKA16;138,59;0,82;1,51;1,46
144,00;Sri Lanka;2017;144;Sri Lanka;LKA;780,00;Sri Lanka 2017;LKA17;138,91;0,82;1,53;1,44
144,00;Sri Lanka;2018;144;Sri Lanka;LKA;780,00;Sri Lanka 2018;LKA18;133,49;0,81;1,38;1,45
144,00;Sri Lanka;2019;144;Sri Lanka;LKA;780,00;Sri Lanka 2019;LKA19;131,02;0,79;1,37;1,41
144,00;Sri Lanka;2020;144;Sri Lanka;LKA;780,00;Sri Lanka 2020;LKA20;129,68;0,79;1,35;1,39
144,00;Sri Lanka;2021;144;Sri Lanka;LKA;780,00;Sri Lanka 2021;LKA21;126,38;0,72;1,34;1,39
144,00;Sri Lanka;2022;144;Sri Lanka;LKA;780,00;Sri Lanka 2022;LKA22;120,92;0,79;1,13;1,39
144,00;Sri Lanka;2023;144;Sri Lanka;LKA;780,00;Sri Lanka 2023;LKA23;128,81;0,79;1,30;1,43
148,00;Chad;1990;148;Chad;TCD;483,00;Chad 1990;TCD90;86,48;0,55;1,40;0,19
148,00;Chad;1991;148;Chad;TCD;483,00;Chad 1991;TCD91;85,68;0,53;1,40;0,19
148,00;Chad;1992;148;Chad;TCD;483,00;Chad 1992;TCD92;85,01;0,52;1,35;0,23
148,00;Chad;1993;148;Chad;TCD;483,00;Chad 1993;TCD93;98,56;0,51;1,69;0,23
148,00;Chad;1994;148;Chad;TCD;483,00;Chad 1994;TCD94;96,37;0,50;1,35;0,26
148,00;Chad;1995;148;Chad;TCD;483,00;Chad 1995;TCD95;83,59;0,73;1,09;0,25
148,00;Chad;1996;148;Chad;TCD;483,00;Chad 1996;TCD96;86,38;0,71;1,19;0,24
148,00;Chad;1997;148;Chad;TCD;483,00;Chad 1997;TCD97;116,83;0,68;0,91;1,60
148,00;Chad;1998;148;Chad;TCD;483,00;Chad 1998;TCD98;114,96;0,68;0,82;1,65
148,00;Chad;1999;148;Chad;TCD;483,00;Chad 1999;TCD99;133,41;0,66;1,08;1,54
148,00;Chad;2000;148;Chad;TCD;483,00;Chad 2000;TCD00;119,35;0,65;1,09;1,53
148,00;Chad;2001;148;Chad;TCD;483,00;Chad 2001;TCD01;118,26;0,62;1,09;1,52
148,00;Chad;2002;148;Chad;TCD;483,00;Chad 2002;TCD02;119,05;0,61;1,13;1,51
148,00;Chad;2003;148;Chad;TCD;483,00;Chad 2003;TCD03;113,31;0,53;1,06;1,51
148,00;Chad;2004;148;Chad;TCD;483,00;Chad 2004;TCD04;101,68;0,51;0,87;1,40
148,00;Chad;2005;148;Chad;TCD;483,00;Chad 2005;TCD05;95,83;0,47;0,77;1,39
148,00;Chad;2006;148;Chad;TCD;483,00;Chad 2006;TCD06;132,86;0,47;1,85;1,30
148,00;Chad;2007;148;Chad;TCD;483,00;Chad 2007;TCD07;151,67;0,46;2,37;1,30
148,00;Chad;2008;148;Chad;TCD;483,00;Chad 2008;TCD08;165,42;0,44;2,77;1,29
148,00;Chad;2009;148;Chad;TCD;483,00;Chad 2009;TCD09;190,22;0,73;3,15;1,29
148,00;Chad;2010;148;Chad;TCD;483,00;Chad 2010;TCD10;176,39;0,71;2,74;1,35
148,00;Chad;2011;148;Chad;TCD;483,00;Chad 2011;TCD11;169,41;0,70;2,56;1,34
148,00;Chad;2012;148;Chad;TCD;483,00;Chad 2012;TCD12;165,44;0,69;2,57;1,24
148,00;Chad;2013;148;Chad;TCD;483,00;Chad 2013;TCD13;171,86;0,76;2,70;1,22
148,00;Chad;2014;148;Chad;TCD;483,00;Chad 2014;TCD14;138,24;0,75;1,82;1,20
148,00;Chad;2015;148;Chad;TCD;483,00;Chad 2015;TCD15;125,65;0,76;1,46;1,21
148,00;Chad;2016;148;Chad;TCD;483,00;Chad 2016;TCD16;142,71;0,75;1,87;1,27
148,00;Chad;2017;148;Chad;TCD;483,00;Chad 2017;TCD17;127,79;0,73;1,54;1,22
148,00;Chad;2018;148;Chad;TCD;483,00;Chad 2018;TCD18;127,28;0,78;1,59;1,11
148,00;Chad;2019;148;Chad;TCD;483,00;Chad 2019;TCD19;124,32;0,76;1,51;1,12
148,00;Chad;2020;148;Chad;TCD;483,00;Chad 2020;TCD20;135,96;0,75;1,81;1,14
148,00;Chad;2021;148;Chad;TCD;483,00;Chad 2021;TCD21;136,70;0,83;1,76;1,14
148,00;Chad;2022;148;Chad;TCD;483,00;Chad 2022;TCD22;139,01;0,92;1,74;1,13
148,00;Chad;2023;148;Chad;TCD;483,00;Chad 2023;TCD23;140,86;0,91;1,80;1,13
152,00;Chile;1990;152;Chile;CHL;155,00;Chile 1990;CHL90;171,87;1,60;2,09;0,51
152,00;Chile;1991;152;Chile;CHL;155,00;Chile 1991;CHL91;159,17;1,58;1,86;0,46
152,00;Chile;1992;152;Chile;CHL;155,00;Chile 1992;CHL92;159,13;1,54;1,75;1,05
152,00;Chile;1993;152;Chile;CHL;155,00;Chile 1993;CHL93;159,83;1,53;1,76;1,07
152,00;Chile;1994;152;Chile;CHL;155,00;Chile 1994;CHL94;149,62;1,32;1,69;1,07
152,00;Chile;1995;152;Chile;CHL;155,00;Chile 1995;CHL95;149,19;1,31;1,67;1,09
152,00;Chile;1996;152;Chile;CHL;155,00;Chile 1996;CHL96;145,30;1,33;1,60;1,04
152,00;Chile;1997;152;Chile;CHL;155,00;Chile 1997;CHL97;146,41;1,32;1,61;1,06
152,00;Chile;1998;152;Chile;CHL;155,00;Chile 1998;CHL98;138,34;1,33;1,63;0,44
152,00;Chile;1999;152;Chile;CHL;155,00;Chile 1999;CHL99;143,00;1,42;1,67;0,43
152,00;Chile;2000;152;Chile;CHL;155,00;Chile 2000;CHL00;140,59;1,41;1,64;0,40
152,00;Chile;2001;152;Chile;CHL;155,00;Chile 2001;CHL01;141,16;1,43;1,62;0,41
152,00;Chile;2002;152;Chile;CHL;155,00;Chile 2002;CHL02;151,96;1,58;1,57;0,98
152,00;Chile;2003;152;Chile;CHL;155,00;Chile 2003;CHL03;154,01;1,61;1,63;0,95
152,00;Chile;2004;152;Chile;CHL;155,00;Chile 2004;CHL04;156,79;1,68;1,65;0,94
152,00;Chile;2005;152;Chile;CHL;155,00;Chile 2005;CHL05;154,36;1,68;1,59;0,94
152,00;Chile;2006;152;Chile;CHL;155,00;Chile 2006;CHL06;153,13;1,67;1,60;0,91
152,00;Chile;2007;152;Chile;CHL;155,00;Chile 2007;CHL07;147,32;1,64;1,53;0,85
152,00;Chile;2008;152;Chile;CHL;155,00;Chile 2008;CHL08;148,87;1,62;1,61;0,83
152,00;Chile;2009;152;Chile;CHL;155,00;Chile 2009;CHL09;142,39;1,59;1,47;0,83
152,00;Chile;2010;152;Chile;CHL;155,00;Chile 2010;CHL10;136,38;1,49;1,47;0,76
152,00;Chile;2011;152;Chile;CHL;155,00;Chile 2011;CHL11;135,22;1,48;1,48;0,73
152,00;Chile;2012;152;Chile;CHL;155,00;Chile 2012;CHL12;130,21;1,47;1,38;0,71
152,00;Chile;2013;152;Chile;CHL;155,00;Chile 2013;CHL13;128,75;1,47;1,35;0,70
152,00;Chile;2014;152;Chile;CHL;155,00;Chile 2014;CHL14;128,41;1,50;1,33;0,68
152,00;Chile;2015;152;Chile;CHL;155,00;Chile 2015;CHL15;127,16;1,51;1,29;0,67
152,00;Chile;2016;152;Chile;CHL;155,00;Chile 2016;CHL16;126,51;1,51;1,29;0,66
152,00;Chile;2017;152;Chile;CHL;155,00;Chile 2017;CHL17;127,37;1,50;1,29;0,69
152,00;Chile;2018;152;Chile;CHL;155,00;Chile 2018;CHL18;125,25;1,49;1,26;0,67
152,00;Chile;2019;152;Chile;CHL;155,00;Chile 2019;CHL19;124,07;1,48;1,25;0,66
152,00;Chile;2020;152;Chile;CHL;155,00;Chile 2020;CHL20;126,12;1,47;1,33;0,64
152,00;Chile;2021;152;Chile;CHL;155,00;Chile 2021;CHL21;114,28;1,39;1,15;0,58
152,00;Chile;2022;152;Chile;CHL;155,00;Chile 2022;CHL22;112,66;1,39;1,11;0,58
152,00;Chile;2023;152;Chile;CHL;155,00;Chile 2023;CHL23;114,10;1,39;1,15;0,58
156,00;China;1990;156;China;CHN;710,00;China 1990;CHN90;155,43;1,00;1,90;1,33
156,00;China;1991;156;China;CHN;710,00;China 1991;CHN91;150,69;0,99;1,79;1,32
156,00;China;1992;156;China;CHN;710,00;China 1992;CHN92;151,22;0,99;1,82;1,31
156,00;China;1993;156;China;CHN;710,00;China 1993;CHN93;112,73;0,98;1,53;0,57
156,00;China;1994;156;China;CHN;710,00;China 1994;CHN94;106,52;0,98;1,38;0,56
156,00;China;1995;156;China;CHN;710,00;China 1995;CHN95;102,54;0,97;1,36;0,48
156,00;China;1996;156;China;CHN;710,00;China 1996;CHN96;100,15;0,95;1,32;0,47
156,00;China;1997;156;China;CHN;710,00;China 1997;CHN97;99,74;0,96;1,30;0,48
156,00;China;1998;156;China;CHN;710,00;China 1998;CHN98;99,93;0,95;1,29;0,49
156,00;China;1999;156;China;CHN;710,00;China 1999;CHN99;102,25;0,94;1,39;0,46
156,00;China;2000;156;China;CHN;710,00;China 2000;CHN00;98,95;0,88;1,38;0,45
156,00;China;2001;156;China;CHN;710,00;China 2001;CHN01;103,57;0,90;1,46;0,47
156,00;China;2002;156;China;CHN;710,00;China 2002;CHN02;105,06;0,90;1,49;0,48
156,00;China;2003;156;China;CHN;710,00;China 2003;CHN03;102,48;0,87;1,46;0,47
156,00;China;2004;156;China;CHN;710,00;China 2004;CHN04;101,38;0,87;1,44;0,47
156,00;China;2005;156;China;CHN;710,00;China 2005;CHN05;100,36;0,87;1,41;0,46
156,00;China;2006;156;China;CHN;710,00;China 2006;CHN06;100,70;0,87;1,43;0,46
156,00;China;2007;156;China;CHN;710,00;China 2007;CHN07;97,92;0,86;1,38;0,44
156,00;China;2008;156;China;CHN;710,00;China 2008;CHN08;93,55;0,85;1,35;0,37
156,00;China;2009;156;China;CHN;710,00;China 2009;CHN09;95,04;0,83;1,41;0,36
156,00;China;2010;156;China;CHN;710,00;China 2010;CHN10;87,83;0,72;1,34;0,35
156,00;China;2011;156;China;CHN;710,00;China 2011;CHN11;86,16;0,72;1,29;0,35
156,00;China;2012;156;China;CHN;710,00;China 2012;CHN12;86,37;0,73;1,30;0,34
156,00;China;2013;156;China;CHN;710,00;China 2013;CHN13;87,73;0,77;1,30;0,33
156,00;China;2014;156;China;CHN;710,00;China 2014;CHN14;88,30;0,78;1,31;0,33
156,00;China;2015;156;China;CHN;710,00;China 2015;CHN15;88,40;0,78;1,33;0,32
156,00;China;2016;156;China;CHN;710,00;China 2016;CHN16;87,30;0,78;1,32;0,30
156,00;China;2017;156;China;CHN;710,00;China 2017;CHN17;85,18;0,78;1,29;0,27
156,00;China;2018;156;China;CHN;710,00;China 2018;CHN18;83,53;0,77;1,26;0,27
156,00;China;2019;156;China;CHN;710,00;China 2019;CHN19;83,58;0,78;1,26;0,26
156,00;China;2020;156;China;CHN;710,00;China 2020;CHN20;84,29;0,79;1,29;0,24
156,00;China;2021;156;China;CHN;710,00;China 2021;CHN21;84,00;0,85;1,22;0,24
156,00;China;2022;156;China;CHN;710,00;China 2022;CHN22;80,81;0,75;1,23;0,24
156,00;China;2023;156;China;CHN;710,00;China 2023;CHN23;81,83;0,76;1,25;0,24
170,00;Colombia;1990;170;Colombia;COL;100,00;Colombia 1990;COL90;100,70;0,46;1,36;0,95
170,00;Colombia;1991;170;Colombia;COL;100,00;Colombia 1991;COL91;99,27;0,47;1,34;0,91
170,00;Colombia;1992;170;Colombia;COL;100,00;Colombia 1992;COL92;105,84;0,55;1,44;0,91
170,00;Colombia;1993;170;Colombia;COL;100,00;Colombia 1993;COL93;111,77;0,57;1,59;0,89
170,00;Colombia;1994;170;Colombia;COL;100,00;Colombia 1994;COL94;109,13;0,56;1,57;0,86
170,00;Colombia;1995;170;Colombia;COL;100,00;Colombia 1995;COL95;113,57;0,55;1,70;0,85
170,00;Colombia;1996;170;Colombia;COL;100,00;Colombia 1996;COL96;128,89;0,55;2,14;0,83
170,00;Colombia;1997;170;Colombia;COL;100,00;Colombia 1997;COL97;109,09;0,54;1,62;0,82
170,00;Colombia;1998;170;Colombia;COL;100,00;Colombia 1998;COL98;115,92;0,53;1,84;0,80
170,00;Colombia;1999;170;Colombia;COL;100,00;Colombia 1999;COL99;118,61;0,53;1,93;0,78
170,00;Colombia;2000;170;Colombia;COL;100,00;Colombia 2000;COL00;114,44;0,51;1,82;0,80
170,00;Colombia;2001;170;Colombia;COL;100,00;Colombia 2001;COL01;115,88;0,45;1,90;0,82
170,00;Colombia;2002;170;Colombia;COL;100,00;Colombia 2002;COL02;118,30;0,49;1,94;0,80
170,00;Colombia;2003;170;Colombia;COL;100,00;Colombia 2003;COL03;122,18;0,48;1,96;0,90
170,00;Colombia;2004;170;Colombia;COL;100,00;Colombia 2004;COL04;121,23;0,44;1,96;0,92
170,00;Colombia;2005;170;Colombia;COL;100,00;Colombia 2005;COL05;118,83;0,43;1,91;0,90
170,00;Colombia;2006;170;Colombia;COL;100,00;Colombia 2006;COL06;122,77;0,59;1,88;0,89
170,00;Colombia;2007;170;Colombia;COL;100,00;Colombia 2007;COL07;123,46;0,52;1,87;0,98
170,00;Colombia;2008;170;Colombia;COL;100,00;Colombia 2008;COL08;126,85;0,48;1,99;0,99
170,00;Colombia;2009;170;Colombia;COL;100,00;Colombia 2009;COL09;127,37;0,46;2,02;1,00
170,00;Colombia;2010;170;Colombia;COL;100,00;Colombia 2010;COL10;124,17;0,43;1,95;1,01
170,00;Colombia;2011;170;Colombia;COL;100,00;Colombia 2011;COL11;113,15;0,32;1,78;0,99
170,00;Colombia;2012;170;Colombia;COL;100,00;Colombia 2012;COL12;116,14;0,39;1,81;0,98
170,00;Colombia;2013;170;Colombia;COL;100,00;Colombia 2013;COL13;116,69;0,39;1,84;0,96
170,00;Colombia;2014;170;Colombia;COL;100,00;Colombia 2014;COL14;115,15;0,40;1,78;0,96
170,00;Colombia;2015;170;Colombia;COL;100,00;Colombia 2015;COL15;114,35;0,41;1,77;0,95
170,00;Colombia;2016;170;Colombia;COL;100,00;Colombia 2016;COL16;115,22;0,42;1,75;0,97
170,00;Colombia;2017;170;Colombia;COL;100,00;Colombia 2017;COL17;115,86;0,42;1,80;0,96
170,00;Colombia;2018;170;Colombia;COL;100,00;Colombia 2018;COL18;112,88;0,41;1,74;0,93
170,00;Colombia;2019;170;Colombia;COL;100,00;Colombia 2019;COL19;113,21;0,41;1,77;0,92
170,00;Colombia;2020;170;Colombia;COL;100,00;Colombia 2020;COL20;115,87;0,40;1,87;0,90
170,00;Colombia;2021;170;Colombia;COL;100,00;Colombia 2021;COL21;108,37;0,40;1,75;0,81
170,00;Colombia;2022;170;Colombia;COL;100,00;Colombia 2022;COL22;105,61;0,45;1,63;0,81
170,00;Colombia;2023;170;Colombia;COL;100,00;Colombia 2023;COL23;106,24;0,46;1,65;0,80
178,00;Congo (the);1990;178;Congo;COG;484,00;Congo 1990;COG90;180,12;1,64;2,56;0,21
178,00;Congo (the);1992;178;Congo;COG;484,00;Congo 1992;COG92;168,40;1,52;2,36;0,24
178,00;Congo (the);1993;178;Congo;COG;484,00;Congo 1993;COG93;164,23;1,51;2,28;0,23
178,00;Congo (the);1994;178;Congo;COG;484,00;Congo 1994;COG94;174,99;1,31;2,27;0,22
178,00;Congo (the);1995;178;Congo;COG;484,00;Congo 1995;COG95;153,39;1,30;2,25;0,22
178,00;Congo (the);1996;178;Congo;COG;484,00;Congo 1996;COG96;154,54;1,28;2,29;0,21
178,00;Congo (the);2001;178;Congo;COG;484,00;Congo 2001;COG01;128,08;1,24;1,57;0,68
178,00;Congo (the);2002;178;Congo;COG;484,00;Congo 2002;COG02;138,30;1,23;1,87;0,67
178,00;Congo (the);2003;178;Congo;COG;484,00;Congo 2003;COG03;141,48;1,21;1,97;0,67
178,00;Congo (the);2004;178;Congo;COG;484,00;Congo 2004;COG04;149,88;1,20;1,98;0,91
178,00;Congo (the);2005;178;Congo;COG;484,00;Congo 2005;COG05;131,03;1,18;1,49;0,91
178,00;Congo (the);2006;178;Congo;COG;484,00;Congo 2006;COG06;131,31;1,16;1,53;0,89
178,00;Congo (the);2007;178;Congo;COG;484,00;Congo 2007;COG07;142,89;1,14;1,70;1,05
178,00;Congo (the);2008;178;Congo;COG;484,00;Congo 2008;COG08;136,93;1,12;1,56;1,05
178,00;Congo (the);2009;178;Congo;COG;484,00;Congo 2009;COG09;136,52;1,10;1,58;1,04
178,00;Congo (the);2010;178;Congo;COG;484,00;Congo 2010;COG10;133,63;1,10;1,56;0,98
178,00;Congo (the);2011;178;Congo;COG;484,00;Congo 2011;COG11;127,77;1,02;1,58;0,88
178,00;Congo (the);2012;178;Congo;COG;484,00;Congo 2012;COG12;126,08;1,01;1,55;0,88
178,00;Congo (the);2013;178;Congo;COG;484,00;Congo 2013;COG13;138,61;1,14;1,76;0,88
178,00;Congo (the);2014;178;Congo;COG;484,00;Congo 2014;COG14;168,62;1,13;2,59;0,88
178,00;Congo (the);2015;178;Congo;COG;484,00;Congo 2015;COG15;163,88;1,12;2,47;0,87
178,00;Congo (the);2016;178;Congo;COG;484,00;Congo 2016;COG16;171,61;1,11;2,62;0,95
178,00;Congo (the);2017;178;Congo;COG;484,00;Congo 2017;COG17;154,70;1,09;2,18;0,94
178,00;Congo (the);2018;178;Congo;COG;484,00;Congo 2018;COG18;137,91;1,09;1,74;0,94
178,00;Congo (the);2019;178;Congo;COG;484,00;Congo 2019;COG19;136,48;1,08;1,71;0,93
178,00;Congo (the);2020;178;Congo;COG;484,00;Congo 2020;COG20;136,72;1,07;1,73;0,93
178,00;Congo (the);2021;178;Congo;COG;484,00;Congo 2021;COG21;133,48;1,06;1,66;0,93
178,00;Congo (the);2022;178;Congo;COG;484,00;Congo 2022;COG22;125,33;1,05;1,45;0,93
178,00;Congo (the);2023;178;Congo;COG;484,00;Congo 2023;COG23;131,97;1,14;1,50;0,97
180,00;Congo (the Democratic Republic of the);1993;180;Congo, Democratic Republic;COD;490,00;Congo, Democratic Republic 1993;COD93;133,70;0,40;2,82;0,06
180,00;Congo (the Democratic Republic of the);1994;180;Congo, Democratic Republic;COD;490,00;Congo, Democratic Republic 1994;COD94;147,69;0,39;2,77;0,06
180,00;Congo (the Democratic Republic of the);1995;180;Congo, Democratic Republic;COD;490,00;Congo, Democratic Republic 1995;COD95;125,58;0,32;2,71;0,06
180,00;Congo (the Democratic Republic of the);1996;180;Congo, Democratic Republic;COD;490,00;Congo, Democratic Republic 1996;COD96;67,32;0,29;1,32;0,06
180,00;Congo (the Democratic Republic of the);1997;180;Congo, Democratic Republic;COD;490,00;Congo, Democratic Republic 1997;COD97;61,01;0,27;1,20;0,06
180,00;Congo (the Democratic Republic of the);1998;180;Congo, Democratic Republic;COD;490,00;Congo, Democratic Republic 1998;COD98;30,18;0,26;0,45;0,06
180,00;Congo (the Democratic Republic of the);1999;180;Congo, Democratic Republic;COD;490,00;Congo, Democratic Republic 1999;COD99;60,96;0,26;1,03;0,06
180,00;Congo (the Democratic Republic of the);2000;180;Congo, Democratic Republic;COD;490,00;Congo, Democratic Republic 2000;COD00;17,41;0,08;0,32;0,06
180,00;Congo (the Democratic Republic of the);2001;180;Congo, Democratic Republic;COD;490,00;Congo, Democratic Republic 2001;COD01;22,08;0,22;0,28;0,08
180,00;Congo (the Democratic Republic of the);2002;180;Congo, Democratic Republic;COD;490,00;Congo, Democratic Republic 2002;COD02;21,41;0,21;0,28;0,07
180,00;Congo (the Democratic Republic of the);2003;180;Congo, Democratic Republic;COD;490,00;Congo, Democratic Republic 2003;COD03;45,55;0,21;0,84;0,09
180,00;Congo (the Democratic Republic of the);2004;180;Congo, Democratic Republic;COD;490,00;Congo, Democratic Republic 2004;COD04;55,37;0,21;1,11;0,06
180,00;Congo (the Democratic Republic of the);2005;180;Congo, Democratic Republic;COD;490,00;Congo, Democratic Republic 2005;COD05;57,30;0,22;1,16;0,06
180,00;Congo (the Democratic Republic of the);2006;180;Congo, Democratic Republic;COD;490,00;Congo, Democratic Republic 2006;COD06;58,64;0,24;1,17;0,04
180,00;Congo (the Democratic Republic of the);2007;180;Congo, Democratic Republic;COD;490,00;Congo, Democratic Republic 2007;COD07;62,00;0,37;1,07;0,11
180,00;Congo (the Democratic Republic of the);2008;180;Congo, Democratic Republic;COD;490,00;Congo, Democratic Republic 2008;COD08;49,20;0,36;0,76;0,11
180,00;Congo (the Democratic Republic of the);2009;180;Congo, Democratic Republic;COD;490,00;Congo, Democratic Republic 2009;COD09;70,64;0,35;0,64;0,95
180,00;Congo (the Democratic Republic of the);2010;180;Congo, Democratic Republic;COD;490,00;Congo, Democratic Republic 2010;COD10;77,13;0,34;0,82;0,96
180,00;Congo (the Democratic Republic of the);2011;180;Congo, Democratic Republic;COD;490,00;Congo, Democratic Republic 2011;COD11;83,37;0,42;0,90;0,98
180,00;Congo (the Democratic Republic of the);2012;180;Congo, Democratic Republic;COD;490,00;Congo, Democratic Republic 2012;COD12;86,18;0,39;1,04;0,93
180,00;Congo (the Democratic Republic of the);2013;180;Congo, Democratic Republic;COD;490,00;Congo, Democratic Republic 2013;COD13;84,92;0,38;1,05;0,90
180,00;Congo (the Democratic Republic of the);2014;180;Congo, Democratic Republic;COD;490,00;Congo, Democratic Republic 2014;COD14;78,64;0,37;0,89;0,90
180,00;Congo (the Democratic Republic of the);2015;180;Congo, Democratic Republic;COD;490,00;Congo, Democratic Republic 2015;COD15;86,62;0,36;1,12;0,90
180,00;Congo (the Democratic Republic of the);2016;180;Congo, Democratic Republic;COD;490,00;Congo, Democratic Republic 2016;COD16;79,88;0,35;0,95;0,89
180,00;Congo (the Democratic Republic of the);2017;180;Congo, Democratic Republic;COD;490,00;Congo, Democratic Republic 2017;COD17;71,88;0,34;0,74;0,89
180,00;Congo (the Democratic Republic of the);2018;180;Congo, Democratic Republic;COD;490,00;Congo, Democratic Republic 2018;COD18;53,98;0,33;0,65;0,51
180,00;Congo (the Democratic Republic of the);2019;180;Congo, Democratic Republic;COD;490,00;Congo, Democratic Republic 2019;COD19;55,56;0,32;0,71;0,51
180,00;Congo (the Democratic Republic of the);2020;180;Congo, Democratic Republic;COD;490,00;Congo, Democratic Republic 2020;COD20;55,71;0,31;0,72;0,51
180,00;Congo (the Democratic Republic of the);2021;180;Congo, Democratic Republic;COD;490,00;Congo, Democratic Republic 2021;COD21;49,52;0,31;0,57;0,51
180,00;Congo (the Democratic Republic of the);2022;180;Congo, Democratic Republic;COD;490,00;Congo, Democratic Republic 2022;COD22;50,30;0,30;0,60;0,50
180,00;Congo (the Democratic Republic of the);2023;180;Congo, Democratic Republic;COD;490,00;Congo, Democratic Republic 2023;COD23;66,58;0,30;1,03;0,50
191,00;Croatia;1992;191;Croatia;HRV;344,00;Croatia 1992;HRV92;267,75;1,86;2,91;2,50
191,00;Croatia;1993;191;Croatia;HRV;344,00;Croatia 1993;HRV93;300,92;2,47;3,39;2,29
191,00;Croatia;1994;191;Croatia;HRV;344,00;Croatia 1994;HRV94;322,02;2,79;3,45;2,49
191,00;Croatia;1995;191;Croatia;HRV;344,00;Croatia 1995;HRV95;317,26;2,88;3,14;2,57
191,00;Croatia;1996;191;Croatia;HRV;344,00;Croatia 1996;HRV96;293,40;2,92;2,96;2,08
191,00;Croatia;1997;191;Croatia;HRV;344,00;Croatia 1997;HRV97;287,59;2,86;2,94;2,00
191,00;Croatia;1998;191;Croatia;HRV;344,00;Croatia 1998;HRV98;246,86;2,22;2,49;1,99
191,00;Croatia;1999;191;Croatia;HRV;344,00;Croatia 1999;HRV99;238,58;2,24;2,17;2,07
191,00;Croatia;2000;191;Croatia;HRV;344,00;Croatia 2000;HRV00;224,05;2,25;1,73;2,10
191,00;Croatia;2001;191;Croatia;HRV;344,00;Croatia 2001;HRV01;200,89;2,27;1,64;1,56
191,00;Croatia;2002;191;Croatia;HRV;344,00;Croatia 2002;HRV02;197,38;2,24;1,68;1,44
191,00;Croatia;2003;191;Croatia;HRV;344,00;Croatia 2003;HRV03;166,27;2,24;1,39;0,90
191,00;Croatia;2004;191;Croatia;HRV;344,00;Croatia 2004;HRV04;160,62;2,23;1,25;0,89
191,00;Croatia;2005;191;Croatia;HRV;344,00;Croatia 2005;HRV05;160,82;2,24;1,25;0,89
191,00;Croatia;2006;191;Croatia;HRV;344,00;Croatia 2006;HRV06;159,31;2,24;1,21;0,89
191,00;Croatia;2007;191;Croatia;HRV;344,00;Croatia 2007;HRV07;149,87;2,22;1,17;0,69
191,00;Croatia;2008;191;Croatia;HRV;344,00;Croatia 2008;HRV08;147,89;2,20;1,27;0,56
191,00;Croatia;2009;191;Croatia;HRV;344,00;Croatia 2009;HRV09;146,89;2,20;1,24;0,56
191,00;Croatia;2010;191;Croatia;HRV;344,00;Croatia 2010;HRV10;140,16;2,08;1,19;0,55
191,00;Croatia;2011;191;Croatia;HRV;344,00;Croatia 2011;HRV11;141,79;2,09;1,23;0,55
191,00;Croatia;2012;191;Croatia;HRV;344,00;Croatia 2012;HRV12;137,65;2,02;1,19;0,55
191,00;Croatia;2013;191;Croatia;HRV;344,00;Croatia 2013;HRV13;121,12;1,64;1,19;0,47
191,00;Croatia;2014;191;Croatia;HRV;344,00;Croatia 2014;HRV14;124,43;1,64;1,29;0,47
191,00;Croatia;2015;191;Croatia;HRV;344,00;Croatia 2015;HRV15;133,41;1,92;1,25;0,47
191,00;Croatia;2016;191;Croatia;HRV;344,00;Croatia 2016;HRV16;129,91;1,92;1,17;0,45
191,00;Croatia;2017;191;Croatia;HRV;344,00;Croatia 2017;HRV17;131,07;1,93;1,20;0,45
191,00;Croatia;2018;191;Croatia;HRV;344,00;Croatia 2018;HRV18;131,95;1,98;1,15;0,47
191,00;Croatia;2019;191;Croatia;HRV;344,00;Croatia 2019;HRV19;129,97;1,90;1,18;0,47
191,00;Croatia;2020;191;Croatia;HRV;344,00;Croatia 2020;HRV20;131,18;1,90;1,21;0,47
191,00;Croatia;2021;191;Croatia;HRV;344,00;Croatia 2021;HRV21;137,63;1,91;1,32;0,52
191,00;Croatia;2022;191;Croatia;HRV;344,00;Croatia 2022;HRV22;130,69;1,87;1,24;0,46
191,00;Croatia;2023;191;Croatia;HRV;344,00;Croatia 2023;HRV23;127,65;1,79;1,24;0,46
192,00;Cuba;2009;192;Cuba;CUB;40,00;Cuba 2009;CUB09;161,48;2,11;1,75;0,54
192,00;Cuba;2010;192;Cuba;CUB;40,00;Cuba 2010;CUB10;161,73;2,11;1,76;0,54
192,00;Cuba;2011;192;Cuba;CUB;40,00;Cuba 2011;CUB11;158,41;2,10;1,67;0,53
192,00;Cuba;2012;192;Cuba;CUB;40,00;Cuba 2012;CUB12;169,00;2,10;1,97;0,53
192,00;Cuba;2013;192;Cuba;CUB;40,00;Cuba 2013;CUB13;163,43;2,10;1,82;0,53
192,00;Cuba;2014;192;Cuba;CUB;40,00;Cuba 2014;CUB14;160,48;2,05;1,80;0,52
192,00;Cuba;2015;192;Cuba;CUB;40,00;Cuba 2015;CUB15;156,96;2,10;1,65;0,52
192,00;Cuba;2016;192;Cuba;CUB;40,00;Cuba 2016;CUB16;157,00;2,10;1,66;0,52
192,00;Cuba;2017;192;Cuba;CUB;40,00;Cuba 2017;CUB17;154,85;2,10;1,60;0,51
192,00;Cuba;2018;192;Cuba;CUB;40,00;Cuba 2018;CUB18;155,11;2,10;1,61;0,51
192,00;Cuba;2019;192;Cuba;CUB;40,00;Cuba 2019;CUB19;155,10;2,10;1,61;0,51
192,00;Cuba;2020;192;Cuba;CUB;40,00;Cuba 2020;CUB20;152,53;2,05;1,59;0,51
192,00;Cuba;2021;192;Cuba;CUB;40,00;Cuba 2021;CUB21;152,13;2,06;1,58;0,51
196,00;Cyprus;1990;196;Cyprus (1975-);CYP;352,00;Cyprus (1975-) 1990;CYP90;278,81;2,61;3,11;1,83
196,00;Cyprus;1991;196;Cyprus (1975-);CYP;352,00;Cyprus (1975-) 1991;CYP91;285,20;2,58;3,06;2,08
196,00;Cyprus;1992;196;Cyprus (1975-);CYP;352,00;Cyprus (1975-) 1992;CYP92;303,28;2,76;3,38;2,08
196,00;Cyprus;1993;196;Cyprus (1975-);CYP;352,00;Cyprus (1975-) 1993;CYP93;267,58;2,82;2,24;2,20
196,00;Cyprus;1994;196;Cyprus (1975-);CYP;352,00;Cyprus (1975-) 1994;CYP94;261,83;2,72;2,21;2,17
196,00;Cyprus;1995;196;Cyprus (1975-);CYP;352,00;Cyprus (1975-) 1995;CYP95;244,43;2,63;1,88;2,13
196,00;Cyprus;1996;196;Cyprus (1975-);CYP;352,00;Cyprus (1975-) 1996;CYP96;268,13;2,87;2,31;2,10
196,00;Cyprus;1997;196;Cyprus (1975-);CYP;352,00;Cyprus (1975-) 1997;CYP97;268,73;2,93;2,55;1,81
196,00;Cyprus;1998;196;Cyprus (1975-);CYP;352,00;Cyprus (1975-) 1998;CYP98;258,53;2,91;2,32;1,78
196,00;Cyprus;1999;196;Cyprus (1975-);CYP;352,00;Cyprus (1975-) 1999;CYP99;235,13;2,90;1,71;1,77
196,00;Cyprus;2000;196;Cyprus (1975-);CYP;352,00;Cyprus (1975-) 2000;CYP00;227,68;2,89;1,76;1,53
196,00;Cyprus;2001;196;Cyprus (1975-);CYP;352,00;Cyprus (1975-) 2001;CYP01;232,14;2,91;1,88;1,51
196,00;Cyprus;2002;196;Cyprus (1975-);CYP;352,00;Cyprus (1975-) 2002;CYP02;212,37;2,81;1,46;1,49
196,00;Cyprus;2003;196;Cyprus (1975-);CYP;352,00;Cyprus (1975-) 2003;CYP03;210,69;2,85;1,40;1,47
196,00;Cyprus;2004;196;Cyprus (1975-);CYP;352,00;Cyprus (1975-) 2004;CYP04;209,08;2,84;1,39;1,45
196,00;Cyprus;2005;196;Cyprus (1975-);CYP;352,00;Cyprus (1975-) 2005;CYP05;209,85;2,84;1,43;1,43
196,00;Cyprus;2006;196;Cyprus (1975-);CYP;352,00;Cyprus (1975-) 2006;CYP06;206,54;2,83;1,36;1,42
196,00;Cyprus;2007;196;Cyprus (1975-);CYP;352,00;Cyprus (1975-) 2007;CYP07;200,86;2,82;1,26;1,38
196,00;Cyprus;2008;196;Cyprus (1975-);CYP;352,00;Cyprus (1975-) 2008;CYP08;197,69;2,81;1,21;1,35
196,00;Cyprus;2009;196;Cyprus (1975-);CYP;352,00;Cyprus (1975-) 2009;CYP09;196,32;2,77;1,29;1,27
196,00;Cyprus;2010;196;Cyprus (1975-);CYP;352,00;Cyprus (1975-) 2010;CYP10;195,48;2,76;1,31;1,24
196,00;Cyprus;2011;196;Cyprus (1975-);CYP;352,00;Cyprus (1975-) 2011;CYP11;197,28;2,76;1,25;1,35
196,00;Cyprus;2012;196;Cyprus (1975-);CYP;352,00;Cyprus (1975-) 2012;CYP12;194,93;2,76;1,21;1,33
196,00;Cyprus;2013;196;Cyprus (1975-);CYP;352,00;Cyprus (1975-) 2013;CYP13;192,75;2,75;1,18;1,31
196,00;Cyprus;2014;196;Cyprus (1975-);CYP;352,00;Cyprus (1975-) 2014;CYP14;189,64;2,72;1,14;1,29
196,00;Cyprus;2015;196;Cyprus (1975-);CYP;352,00;Cyprus (1975-) 2015;CYP15;190,94;2,72;1,20;1,28
196,00;Cyprus;2016;196;Cyprus (1975-);CYP;352,00;Cyprus (1975-) 2016;CYP16;187,46;2,69;1,08;1,33
196,00;Cyprus;2017;196;Cyprus (1975-);CYP;352,00;Cyprus (1975-) 2017;CYP17;193,36;2,68;1,16;1,41
196,00;Cyprus;2018;196;Cyprus (1975-);CYP;352,00;Cyprus (1975-) 2018;CYP18;195,67;2,68;1,25;1,39
196,00;Cyprus;2019;196;Cyprus (1975-);CYP;352,00;Cyprus (1975-) 2019;CYP19;195,34;2,68;1,26;1,37
196,00;Cyprus;2020;196;Cyprus (1975-);CYP;352,00;Cyprus (1975-) 2020;CYP20;196,25;2,68;1,29;1,36
196,00;Cyprus;2021;196;Cyprus (1975-);CYP;352,00;Cyprus (1975-) 2021;CYP21;184,70;2,70;1,24;1,08
196,00;Cyprus;2022;196;Cyprus (1975-);CYP;352,00;Cyprus (1975-) 2022;CYP22;181,95;2,66;1,23;1,05
196,00;Cyprus;2023;196;Cyprus (1975-);CYP;352,00;Cyprus (1975-) 2023;CYP23;181,33;2,65;1,23;1,05
203,00;Czechia;1993;203;Czech Republic;CZE;316,00;Czech Republic 1993;CZE93;208,93;2,63;1,51;0,97
203,00;Czechia;1994;203;Czech Republic;CZE;316,00;Czech Republic 1994;CZE94;201,94;2,60;1,49;0,85
203,00;Czechia;1995;203;Czech Republic;CZE;316,00;Czech Republic 1995;CZE95;166,24;2,42;1,30;0,80
203,00;Czechia;1996;203;Czech Republic;CZE;316,00;Czech Republic 1996;CZE96;157,70;2,35;1,25;0,69
203,00;Czechia;1997;203;Czech Republic;CZE;316,00;Czech Republic 1997;CZE97;153,56;2,34;1,22;0,62
203,00;Czechia;1998;203;Czech Republic;CZE;316,00;Czech Republic 1998;CZE98;155,66;2,34;1,30;0,61
203,00;Czechia;1999;203;Czech Republic;CZE;316,00;Czech Republic 1999;CZE99;152,95;2,25;1,31;0,60
203,00;Czechia;2000;203;Czech Republic;CZE;316,00;Czech Republic 2000;CZE00;153,83;2,27;1,34;0,58
203,00;Czechia;2001;203;Czech Republic;CZE;316,00;Czech Republic 2001;CZE01;148,08;2,21;1,28;0,55
203,00;Czechia;2002;203;Czech Republic;CZE;316,00;Czech Republic 2002;CZE02;146,64;2,18;1,30;0,51
203,00;Czechia;2003;203;Czech Republic;CZE;316,00;Czech Republic 2003;CZE03;153,50;2,29;1,32;0,57
203,00;Czechia;2004;203;Czech Republic;CZE;316,00;Czech Republic 2004;CZE04;141,83;2,14;1,24;0,48
203,00;Czechia;2005;203;Czech Republic;CZE;316,00;Czech Republic 2005;CZE05;130,33;2,00;1,28;0,29
203,00;Czechia;2006;203;Czech Republic;CZE;316,00;Czech Republic 2006;CZE06;116,67;1,71;1,18;0,30
203,00;Czechia;2007;203;Czech Republic;CZE;316,00;Czech Republic 2007;CZE07;110,62;1,65;1,10;0,27
203,00;Czechia;2008;203;Czech Republic;CZE;316,00;Czech Republic 2008;CZE08;104,54;1,60;0,99;0,28
203,00;Czechia;2009;203;Czech Republic;CZE;316,00;Czech Republic 2009;CZE09;103,79;1,61;1,02;0,22
203,00;Czechia;2010;203;Czech Republic;CZE;316,00;Czech Republic 2010;CZE10;100,66;1,55;0,94;0,27
203,00;Czechia;2011;203;Czech Republic;CZE;316,00;Czech Republic 2011;CZE11;97,90;1,52;0,88;0,28
203,00;Czechia;2012;203;Czech Republic;CZE;316,00;Czech Republic 2012;CZE12;96,91;1,52;0,87;0,27
203,00;Czechia;2013;203;Czech Republic;CZE;316,00;Czech Republic 2013;CZE13;93,15;1,45;0,84;0,26
203,00;Czechia;2014;203;Czech Republic;CZE;316,00;Czech Republic 2014;CZE14;83,35;1,24;0,81;0,24
203,00;Czechia;2015;203;Czech Republic;CZE;316,00;Czech Republic 2015;CZE15;89,52;1,41;0,80;0,25
203,00;Czechia;2016;203;Czech Republic;CZE;316,00;Czech Republic 2016;CZE16;89,48;1,38;0,83;0,25
203,00;Czechia;2017;203;Czech Republic;CZE;316,00;Czech Republic 2017;CZE17;87,91;1,38;0,80;0,23
203,00;Czechia;2018;203;Czech Republic;CZE;316,00;Czech Republic 2018;CZE18;90,25;1,37;0,88;0,22
203,00;Czechia;2019;203;Czech Republic;CZE;316,00;Czech Republic 2019;CZE19;90,78;1,36;0,92;0,21
203,00;Czechia;2020;203;Czech Republic;CZE;316,00;Czech Republic 2020;CZE20;98,08;1,46;0,99;0,23
203,00;Czechia;2021;203;Czech Republic;CZE;316,00;Czech Republic 2021;CZE21;98,96;1,45;1,03;0,23
203,00;Czechia;2022;203;Czech Republic;CZE;316,00;Czech Republic 2022;CZE22;98,18;1,45;1,02;0,22
203,00;Czechia;2023;203;Czech Republic;CZE;316,00;Czech Republic 2023;CZE23;93,05;1,24;1,09;0,22
204,00;Benin;1990;204;Benin;BEN;434,00;Benin 1990;BEN90;61,72;0,45;1,03;0,06
204,00;Benin;1991;204;Benin;BEN;434,00;Benin 1991;BEN91;63,95;0,50;1,03;0,06
204,00;Benin;1992;204;Benin;BEN;434,00;Benin 1992;BEN92;63,49;0,49;1,03;0,06
204,00;Benin;1993;204;Benin;BEN;434,00;Benin 1993;BEN93;63,32;0,48;1,03;0,07
204,00;Benin;1999;204;Benin;BEN;434,00;Benin 1999;BEN99;46,03;0,48;0,50;0,05
204,00;Benin;2000;204;Benin;BEN;434,00;Benin 2000;BEN00;39,12;0,47;0,47;0,05
204,00;Benin;2001;204;Benin;BEN;434,00;Benin 2001;BEN01;35,98;0,46;0,41;0,05
204,00;Benin;2002;204;Benin;BEN;434,00;Benin 2002;BEN02;45,12;0,43;0,66;0,05
204,00;Benin;2003;204;Benin;BEN;434,00;Benin 2003;BEN03;38,59;0,25;0,68;0,05
204,00;Benin;2004;204;Benin;BEN;434,00;Benin 2004;BEN04;65,95;0,24;0,70;0,88
204,00;Benin;2005;204;Benin;BEN;434,00;Benin 2005;BEN05;65,82;0,24;0,70;0,88
204,00;Benin;2006;204;Benin;BEN;434,00;Benin 2006;BEN06;65,27;0,23;0,69;0,88
204,00;Benin;2007;204;Benin;BEN;434,00;Benin 2007;BEN07;66,64;0,22;0,70;0,91
204,00;Benin;2008;204;Benin;BEN;434,00;Benin 2008;BEN08;60,81;0,22;0,72;0,74
204,00;Benin;2009;204;Benin;BEN;434,00;Benin 2009;BEN09;64,11;0,32;0,71;0,74
204,00;Benin;2010;204;Benin;BEN;434,00;Benin 2010;BEN10;64,05;0,32;0,70;0,76
204,00;Benin;2011;204;Benin;BEN;434,00;Benin 2011;BEN11;63,13;0,31;0,70;0,74
204,00;Benin;2012;204;Benin;BEN;434,00;Benin 2012;BEN12;66,70;0,30;0,73;0,81
204,00;Benin;2013;204;Benin;BEN;434,00;Benin 2013;BEN13;66,33;0,29;0,73;0,81
204,00;Benin;2014;204;Benin;BEN;434,00;Benin 2014;BEN14;66,86;0,29;0,75;0,81
204,00;Benin;2015;204;Benin;BEN;434,00;Benin 2015;BEN15;70,98;0,32;0,83;0,81
204,00;Benin;2016;204;Benin;BEN;434,00;Benin 2016;BEN16;67,62;0,32;0,72;0,83
204,00;Benin;2017;204;Benin;BEN;434,00;Benin 2017;BEN17;75,13;0,31;0,93;0,83
204,00;Benin;2018;204;Benin;BEN;434,00;Benin 2018;BEN18;62,72;0,31;0,68;0,75
204,00;Benin;2019;204;Benin;BEN;434,00;Benin 2019;BEN19;59,21;0,30;0,55;0,79
204,00;Benin;2020;204;Benin;BEN;434,00;Benin 2020;BEN20;58,45;0,29;0,54;0,79
204,00;Benin;2021;204;Benin;BEN;434,00;Benin 2021;BEN21;61,25;0,29;0,62;0,79
204,00;Benin;2022;204;Benin;BEN;434,00;Benin 2022;BEN22;69,61;0,33;0,69;0,89
204,00;Benin;2023;204;Benin;BEN;434,00;Benin 2023;BEN23;73,95;0,38;0,76;0,89
208,00;Denmark;1990;208;Denmark;DNK;390,00;Denmark 1990;DNK90;159,71;2,28;1,33;0,74
208,00;Denmark;1991;208;Denmark;DNK;390,00;Denmark 1991;DNK91;161,21;2,35;1,33;0,71
208,00;Denmark;1992;208;Denmark;DNK;390,00;Denmark 1992;DNK92;163,64;2,37;1,30;0,79
208,00;Denmark;1993;208;Denmark;DNK;390,00;Denmark 1993;DNK93;161,63;2,34;1,30;0,76
208,00;Denmark;1994;208;Denmark;DNK;390,00;Denmark 1994;DNK94;158,07;2,33;1,24;0,74
208,00;Denmark;1995;208;Denmark;DNK;390,00;Denmark 1995;DNK95;158,07;2,29;1,19;0,83
208,00;Denmark;1996;208;Denmark;DNK;390,00;Denmark 1996;DNK96;154,16;2,21;1,17;0,82
208,00;Denmark;1997;208;Denmark;DNK;390,00;Denmark 1997;DNK97;154,90;2,25;1,16;0,81
208,00;Denmark;1998;208;Denmark;DNK;390,00;Denmark 1998;DNK98;154,56;2,23;1,15;0,83
208,00;Denmark;1999;208;Denmark;DNK;390,00;Denmark 1999;DNK99;145,59;2,17;1,12;0,68
208,00;Denmark;2000;208;Denmark;DNK;390,00;Denmark 2000;DNK00;142,33;2,20;1,08;0,61
208,00;Denmark;2001;208;Denmark;DNK;390,00;Denmark 2001;DNK01;141,46;2,15;1,11;0,60
208,00;Denmark;2002;208;Denmark;DNK;390,00;Denmark 2002;DNK02;142,65;2,18;1,10;0,61
208,00;Denmark;2003;208;Denmark;DNK;390,00;Denmark 2003;DNK03;140,97;2,16;1,07;0,61
208,00;Denmark;2004;208;Denmark;DNK;390,00;Denmark 2004;DNK04;130,00;1,92;1,05;0,58
208,00;Denmark;2005;208;Denmark;DNK;390,00;Denmark 2005;DNK05;127,67;1,92;0,99;0,58
208,00;Denmark;2006;208;Denmark;DNK;390,00;Denmark 2006;DNK06;124,66;1,91;1,02;0,47
208,00;Denmark;2007;208;Denmark;DNK;390,00;Denmark 2007;DNK07;128,58;1,93;0,98;0,60
208,00;Denmark;2008;208;Denmark;DNK;390,00;Denmark 2008;DNK08;125,12;1,83;1,01;0,58
208,00;Denmark;2009;208;Denmark;DNK;390,00;Denmark 2009;DNK09;118,63;1,71;0,99;0,53
208,00;Denmark;2010;208;Denmark;DNK;390,00;Denmark 2010;DNK10;115,48;1,73;1,02;0,41
208,00;Denmark;2011;208;Denmark;DNK;390,00;Denmark 2011;DNK11;122,69;1,97;0,98;0,40
208,00;Denmark;2012;208;Denmark;DNK;390,00;Denmark 2012;DNK12;122,03;1,97;1,00;0,37
208,00;Denmark;2013;208;Denmark;DNK;390,00;Denmark 2013;DNK13;118,08;1,92;0,93;0,38
208,00;Denmark;2014;208;Denmark;DNK;390,00;Denmark 2014;DNK14;115,60;1,90;0,89;0,38
208,00;Denmark;2015;208;Denmark;DNK;390,00;Denmark 2015;DNK15;114,79;1,90;0,87;0,37
208,00;Denmark;2016;208;Denmark;DNK;390,00;Denmark 2016;DNK16;110,22;1,78;0,89;0,35
208,00;Denmark;2017;208;Denmark;DNK;390,00;Denmark 2017;DNK17;109,46;1,77;0,88;0,33
208,00;Denmark;2018;208;Denmark;DNK;390,00;Denmark 2018;DNK18;113,39;1,83;0,96;0,31
208,00;Denmark;2019;208;Denmark;DNK;390,00;Denmark 2019;DNK19;102,50;1,53;0,97;0,30
208,00;Denmark;2020;208;Denmark;DNK;390,00;Denmark 2020;DNK20;109,01;1,66;1,01;0,32
208,00;Denmark;2021;208;Denmark;DNK;390,00;Denmark 2021;DNK21;106,17;1,62;0,97;0,31
208,00;Denmark;2022;208;Denmark;DNK;390,00;Denmark 2022;DNK22;108,44;1,64;1,01;0,31
208,00;Denmark;2023;208;Denmark;DNK;390,00;Denmark 2023;DNK23;121,77;1,72;1,29;0,31
214,00;Dominican Republic (the);1990;214;Dominican Republic;DOM;42,00;Dominican Republic 1990;DOM90;55,18;0,45;0,66;0,26
214,00;Dominican Republic (the);1991;214;Dominican Republic;DOM;42,00;Dominican Republic 1991;DOM91;42,63;0,44;0,37;0,26
214,00;Dominican Republic (the);1992;214;Dominican Republic;DOM;42,00;Dominican Republic 1992;DOM92;49,50;0,43;0,56;0,25
214,00;Dominican Republic (the);1993;214;Dominican Republic;DOM;42,00;Dominican Republic 1993;DOM93;55,55;0,43;0,71;0,25
214,00;Dominican Republic (the);1994;214;Dominican Republic;DOM;42,00;Dominican Republic 1994;DOM94;61,69;0,42;0,69;0,25
214,00;Dominican Republic (the);1995;214;Dominican Republic;DOM;42,00;Dominican Republic 1995;DOM95;49,92;0,46;0,54;0,25
214,00;Dominican Republic (the);1996;214;Dominican Republic;DOM;42,00;Dominican Republic 1996;DOM96;52,42;0,45;0,61;0,25
214,00;Dominican Republic (the);1997;214;Dominican Republic;DOM;42,00;Dominican Republic 1997;DOM97;56,88;0,45;0,73;0,24
214,00;Dominican Republic (the);1998;214;Dominican Republic;DOM;42,00;Dominican Republic 1998;DOM98;55,86;0,44;0,72;0,24
214,00;Dominican Republic (the);1999;214;Dominican Republic;DOM;42,00;Dominican Republic 1999;DOM99;56,40;0,44;0,74;0,23
214,00;Dominican Republic (the);2000;214;Dominican Republic;DOM;42,00;Dominican Republic 2000;DOM00;68,64;0,43;0,90;0,56
214,00;Dominican Republic (the);2001;214;Dominican Republic;DOM;42,00;Dominican Republic 2001;DOM01;72,96;0,44;1,02;0,56
214,00;Dominican Republic (the);2002;214;Dominican Republic;DOM;42,00;Dominican Republic 2002;DOM02;69,54;0,45;0,92;0,55
214,00;Dominican Republic (the);2003;214;Dominican Republic;DOM;42,00;Dominican Republic 2003;DOM03;61,37;0,42;0,73;0,55
214,00;Dominican Republic (the);2004;214;Dominican Republic;DOM;42,00;Dominican Republic 2004;DOM04;59,01;0,41;0,67;0,55
214,00;Dominican Republic (the);2005;214;Dominican Republic;DOM;42,00;Dominican Republic 2005;DOM05;60,64;0,40;0,73;0,55
214,00;Dominican Republic (the);2006;214;Dominican Republic;DOM;42,00;Dominican Republic 2006;DOM06;50,38;0,37;0,68;0,21
214,00;Dominican Republic (the);2007;214;Dominican Republic;DOM;42,00;Dominican Republic 2007;DOM07;46,88;0,20;0,63;0,34
214,00;Dominican Republic (the);2008;214;Dominican Republic;DOM;42,00;Dominican Republic 2008;DOM08;63,37;0,22;0,67;0,86
214,00;Dominican Republic (the);2009;214;Dominican Republic;DOM;42,00;Dominican Republic 2009;DOM09;63,49;0,25;0,64;0,86
214,00;Dominican Republic (the);2010;214;Dominican Republic;DOM;42,00;Dominican Republic 2010;DOM10;54,31;0,25;0,64;0,61
214,00;Dominican Republic (the);2011;214;Dominican Republic;DOM;42,00;Dominican Republic 2011;DOM11;50,96;0,29;0,59;0,54
214,00;Dominican Republic (the);2012;214;Dominican Republic;DOM;42,00;Dominican Republic 2012;DOM12;52,22;0,29;0,63;0,54
214,00;Dominican Republic (the);2013;214;Dominican Republic;DOM;42,00;Dominican Republic 2013;DOM13;58,04;0,28;0,60;0,73
214,00;Dominican Republic (the);2014;214;Dominican Republic;DOM;42,00;Dominican Republic 2014;DOM14;57,56;0,24;0,63;0,72
214,00;Dominican Republic (the);2015;214;Dominican Republic;DOM;42,00;Dominican Republic 2015;DOM15;60,16;0,24;0,63;0,80
214,00;Dominican Republic (the);2016;214;Dominican Republic;DOM;42,00;Dominican Republic 2016;DOM16;59,76;0,24;0,62;0,80
214,00;Dominican Republic (the);2017;214;Dominican Republic;DOM;42,00;Dominican Republic 2017;DOM17;48,50;0,23;0,65;0,33
214,00;Dominican Republic (the);2018;214;Dominican Republic;DOM;42,00;Dominican Republic 2018;DOM18;61,51;0,23;0,68;0,79
214,00;Dominican Republic (the);2019;214;Dominican Republic;DOM;42,00;Dominican Republic 2019;DOM19;60,74;0,23;0,67;0,78
214,00;Dominican Republic (the);2020;214;Dominican Republic;DOM;42,00;Dominican Republic 2020;DOM20;58,74;0,15;0,70;0,77
214,00;Dominican Republic (the);2021;214;Dominican Republic;DOM;42,00;Dominican Republic 2021;DOM21;55,77;0,15;0,63;0,77
214,00;Dominican Republic (the);2022;214;Dominican Republic;DOM;42,00;Dominican Republic 2022;DOM22;58,92;0,22;0,64;0,77
214,00;Dominican Republic (the);2023;214;Dominican Republic;DOM;42,00;Dominican Republic 2023;DOM23;61,01;0,22;0,70;0,77
218,00;Ecuador;1990;218;Ecuador;ECU;130,00;Ecuador 1990;ECU90;125,69;1,08;1,50;0,86
218,00;Ecuador;1991;218;Ecuador;ECU;130,00;Ecuador 1991;ECU91;120,70;1,06;1,43;0,80
218,00;Ecuador;1992;218;Ecuador;ECU;130,00;Ecuador 1992;ECU92;117,32;1,06;1,37;0,78
218,00;Ecuador;1993;218;Ecuador;ECU;130,00;Ecuador 1993;ECU93;120,10;1,05;1,44;0,79
218,00;Ecuador;1994;218;Ecuador;ECU;130,00;Ecuador 1994;ECU94;112,60;1,04;1,29;0,75
218,00;Ecuador;1995;218;Ecuador;ECU;130,00;Ecuador 1995;ECU95;129,43;1,10;1,70;0,74
218,00;Ecuador;1996;218;Ecuador;ECU;130,00;Ecuador 1996;ECU96;119,34;1,06;1,48;0,71
218,00;Ecuador;1997;218;Ecuador;ECU;130,00;Ecuador 1997;ECU97;122,07;1,07;1,56;0,70
218,00;Ecuador;1998;218;Ecuador;ECU;130,00;Ecuador 1998;ECU98;125,71;1,05;1,69;0,70
218,00;Ecuador;1999;218;Ecuador;ECU;130,00;Ecuador 1999;ECU99;113,81;1,06;1,37;0,68
218,00;Ecuador;2000;218;Ecuador;ECU;130,00;Ecuador 2000;ECU00;107,86;1,05;1,24;0,66
218,00;Ecuador;2001;218;Ecuador;ECU;130,00;Ecuador 2001;ECU01;109,85;1,07;1,28;0,65
218,00;Ecuador;2002;218;Ecuador;ECU;130,00;Ecuador 2002;ECU02;111,49;1,06;1,34;0,64
218,00;Ecuador;2003;218;Ecuador;ECU;130,00;Ecuador 2003;ECU03;118,76;1,07;1,53;0,64
218,00;Ecuador;2004;218;Ecuador;ECU;130,00;Ecuador 2004;ECU04;110,89;1,10;1,38;0,55
218,00;Ecuador;2005;218;Ecuador;ECU;130,00;Ecuador 2005;ECU05;116,69;1,10;1,54;0,55
218,00;Ecuador;2006;218;Ecuador;ECU;130,00;Ecuador 2006;ECU06;107,18;0,90;1,41;0,62
218,00;Ecuador;2007;218;Ecuador;ECU;130,00;Ecuador 2007;ECU07;113,23;0,82;1,65;0,62
218,00;Ecuador;2008;218;Ecuador;ECU;130,00;Ecuador 2008;ECU08;114,36;0,82;1,69;0,62
218,00;Ecuador;2009;218;Ecuador;ECU;130,00;Ecuador 2009;ECU09;119,64;0,84;1,84;0,58
218,00;Ecuador;2010;218;Ecuador;ECU;130,00;Ecuador 2010;ECU10;115,06;0,83;1,78;0,53
218,00;Ecuador;2011;218;Ecuador;ECU;130,00;Ecuador 2011;ECU11;115,21;0,78;1,80;0,57
218,00;Ecuador;2012;218;Ecuador;ECU;130,00;Ecuador 2012;ECU12;112,14;0,77;1,73;0,56
218,00;Ecuador;2013;218;Ecuador;ECU;130,00;Ecuador 2013;ECU13;110,81;0,76;1,71;0,56
218,00;Ecuador;2014;218;Ecuador;ECU;130,00;Ecuador 2014;ECU14;108,35;0,75;1,66;0,55
218,00;Ecuador;2015;218;Ecuador;ECU;130,00;Ecuador 2015;ECU15;99,45;0,74;1,59;0,39
218,00;Ecuador;2016;218;Ecuador;ECU;130,00;Ecuador 2016;ECU16;98,48;0,75;1,56;0,39
218,00;Ecuador;2017;218;Ecuador;ECU;130,00;Ecuador 2017;ECU17;95,24;0,75;1,50;0,37
218,00;Ecuador;2018;218;Ecuador;ECU;130,00;Ecuador 2018;ECU18;94,66;0,74;1,49;0,37
218,00;Ecuador;2019;218;Ecuador;ECU;130,00;Ecuador 2019;ECU19;91,28;0,73;1,41;0,36
218,00;Ecuador;2020;218;Ecuador;ECU;130,00;Ecuador 2020;ECU20;94,77;0,75;1,48;0,37
218,00;Ecuador;2021;218;Ecuador;ECU;130,00;Ecuador 2021;ECU21;92,22;0,72;1,44;0,36
218,00;Ecuador;2022;218;Ecuador;ECU;130,00;Ecuador 2022;ECU22;91,66;0,72;1,43;0,36
218,00;Ecuador;2023;218;Ecuador;ECU;130,00;Ecuador 2023;ECU23;95,59;0,75;1,45;0,16
222,00;El Salvador;1990;222;El Salvador;SLV;92,00;El Salvador 1990;SLV90;147,28;1,06;2,01;0,54
222,00;El Salvador;1991;222;El Salvador;SLV;92,00;El Salvador 1991;SLV91;136,33;1,11;1,74;0,50
222,00;El Salvador;1992;222;El Salvador;SLV;92,00;El Salvador 1992;SLV92;120,43;1,00;1,52;0,44
222,00;El Salvador;1993;222;El Salvador;SLV;92,00;El Salvador 1993;SLV93;100,95;0,93;1,24;0,32
222,00;El Salvador;1994;222;El Salvador;SLV;92,00;El Salvador 1994;SLV94;104,62;0,92;1,05;0,32
222,00;El Salvador;1995;222;El Salvador;SLV;92,00;El Salvador 1995;SLV95;88,26;0,89;0,95;0,33
222,00;El Salvador;1996;222;El Salvador;SLV;92,00;El Salvador 1996;SLV96;86,62;0,92;0,87;0,35
222,00;El Salvador;1997;222;El Salvador;SLV;92,00;El Salvador 1997;SLV97;84,36;0,92;0,83;0,34
222,00;El Salvador;1998;222;El Salvador;SLV;92,00;El Salvador 1998;SLV98;81,13;0,93;0,77;0,31
222,00;El Salvador;1999;222;El Salvador;SLV;92,00;El Salvador 1999;SLV99;90,46;0,93;0,77;0,78
222,00;El Salvador;2000;222;El Salvador;SLV;92,00;El Salvador 2000;SLV00;82,49;0,88;0,72;0,66
222,00;El Salvador;2001;222;El Salvador;SLV;92,00;El Salvador 2001;SLV01;88,16;0,88;0,88;0,66
222,00;El Salvador;2002;222;El Salvador;SLV;92,00;El Salvador 2002;SLV02;88,24;0,88;0,90;0,64
222,00;El Salvador;2003;222;El Salvador;SLV;92,00;El Salvador 2003;SLV03;80,80;0,86;0,72;0,63
222,00;El Salvador;2004;222;El Salvador;SLV;92,00;El Salvador 2004;SLV04;76,35;0,77;0,70;0,63
222,00;El Salvador;2005;222;El Salvador;SLV;92,00;El Salvador 2005;SLV05;76,32;0,77;0,75;0,58
222,00;El Salvador;2006;222;El Salvador;SLV;92,00;El Salvador 2006;SLV06;76,11;0,77;0,75;0,58
222,00;El Salvador;2007;222;El Salvador;SLV;92,00;El Salvador 2007;SLV07;76,61;0,72;0,80;0,59
222,00;El Salvador;2008;222;El Salvador;SLV;92,00;El Salvador 2008;SLV08;78,18;0,73;0,79;0,63
222,00;El Salvador;2009;222;El Salvador;SLV;92,00;El Salvador 2009;SLV09;80,57;0,72;0,86;0,63
222,00;El Salvador;2010;222;El Salvador;SLV;92,00;El Salvador 2010;SLV10;79,22;0,68;0,87;0,63
222,00;El Salvador;2011;222;El Salvador;SLV;92,00;El Salvador 2011;SLV11;79,39;0,69;0,87;0,63
222,00;El Salvador;2012;222;El Salvador;SLV;92,00;El Salvador 2012;SLV12;78,43;0,69;0,85;0,62
222,00;El Salvador;2013;222;El Salvador;SLV;92,00;El Salvador 2013;SLV13;78,84;0,69;0,86;0,62
222,00;El Salvador;2014;222;El Salvador;SLV;92,00;El Salvador 2014;SLV14;73,73;0,72;0,84;0,27
222,00;El Salvador;2015;222;El Salvador;SLV;92,00;El Salvador 2015;SLV15;77,11;0,72;0,85;0,34
222,00;El Salvador;2016;222;El Salvador;SLV;92,00;El Salvador 2016;SLV16;76,21;0,72;0,83;0,34
222,00;El Salvador;2017;222;El Salvador;SLV;92,00;El Salvador 2017;SLV17;76,77;0,71;0,85;0,34
222,00;El Salvador;2018;222;El Salvador;SLV;92,00;El Salvador 2018;SLV18;82,36;0,71;0,90;0,65
222,00;El Salvador;2019;222;El Salvador;SLV;92,00;El Salvador 2019;SLV19;83,14;0,71;0,92;0,65
222,00;El Salvador;2020;222;El Salvador;SLV;92,00;El Salvador 2020;SLV20;88,60;0,76;1,03;0,65
222,00;El Salvador;2021;222;El Salvador;SLV;92,00;El Salvador 2021;SLV21;84,56;0,75;0,92;0,65
222,00;El Salvador;2022;222;El Salvador;SLV;92,00;El Salvador 2022;SLV22;93,36;0,77;1,03;0,75
222,00;El Salvador;2023;222;El Salvador;SLV;92,00;El Salvador 2023;SLV23;90,75;0,77;0,97;0,75
226,00;Equatorial Guinea;1994;226;Equatorial Guinea;GNQ;411,00;Equatorial Guinea 1994;GNQ94;120,57;0,93;1,40;0,30
226,00;Equatorial Guinea;1995;226;Equatorial Guinea;GNQ;411,00;Equatorial Guinea 1995;GNQ95;90,90;0,69;1,43;0,12
226,00;Equatorial Guinea;1996;226;Equatorial Guinea;GNQ;411,00;Equatorial Guinea 1996;GNQ96;91,99;0,68;1,48;0,11
226,00;Equatorial Guinea;1997;226;Equatorial Guinea;GNQ;411,00;Equatorial Guinea 1997;GNQ97;95,16;0,66;1,58;0,11
226,00;Equatorial Guinea;1998;226;Equatorial Guinea;GNQ;411,00;Equatorial Guinea 1998;GNQ98;90,70;0,65;1,49;0,10
226,00;Equatorial Guinea;2007;226;Equatorial Guinea;GNQ;411,00;Equatorial Guinea 2007;GNQ07;98,49;0,49;1,60;0,61
226,00;Equatorial Guinea;2008;226;Equatorial Guinea;GNQ;411,00;Equatorial Guinea 2008;GNQ08;106,30;0,60;1,66;0,66
226,00;Equatorial Guinea;2009;226;Equatorial Guinea;GNQ;411,00;Equatorial Guinea 2009;GNQ09;136,18;1,03;2,03;0,65
226,00;Equatorial Guinea;2010;226;Equatorial Guinea;GNQ;411,00;Equatorial Guinea 2010;GNQ10;127,69;1,00;2,08;0,06
226,00;Equatorial Guinea;2011;226;Equatorial Guinea;GNQ;411,00;Equatorial Guinea 2011;GNQ11;131,02;1,02;2,14;0,06
226,00;Equatorial Guinea;2012;226;Equatorial Guinea;GNQ;411,00;Equatorial Guinea 2012;GNQ12;129,83;1,02;2,11;0,06
226,00;Equatorial Guinea;2014;226;Equatorial Guinea;GNQ;411,00;Equatorial Guinea 2014;GNQ14;77,88;0,98;0,90;0,05
226,00;Equatorial Guinea;2015;226;Equatorial Guinea;GNQ;411,00;Equatorial Guinea 2015;GNQ15;88,89;1,09;1,05;0,05
226,00;Equatorial Guinea;2016;226;Equatorial Guinea;GNQ;411,00;Equatorial Guinea 2016;GNQ16;91,88;1,07;1,14;0,05
226,00;Equatorial Guinea;2017;226;Equatorial Guinea;GNQ;411,00;Equatorial Guinea 2017;GNQ17;92,47;1,05;1,08;0,41
226,00;Equatorial Guinea;2018;226;Equatorial Guinea;GNQ;411,00;Equatorial Guinea 2018;GNQ18;96,07;1,15;1,08;0,40
226,00;Equatorial Guinea;2019;226;Equatorial Guinea;GNQ;411,00;Equatorial Guinea 2019;GNQ19;98,50;1,13;1,16;0,40
226,00;Equatorial Guinea;2020;226;Equatorial Guinea;GNQ;411,00;Equatorial Guinea 2020;GNQ20;103,60;1,13;1,31;0,40
226,00;Equatorial Guinea;2021;226;Equatorial Guinea;GNQ;411,00;Equatorial Guinea 2021;GNQ21;97,91;1,11;1,17;0,40
226,00;Equatorial Guinea;2022;226;Equatorial Guinea;GNQ;411,00;Equatorial Guinea 2022;GNQ22;98,93;1,17;1,14;0,40
226,00;Equatorial Guinea;2023;226;Equatorial Guinea;GNQ;411,00;Equatorial Guinea 2023;GNQ23;102,34;1,16;1,32;0,05
;Ethiopia;1990;230;Ethiopia (-1992);ETH;;Ethiopia (-1992) 1990;ETH90;250,77;1,45;4,21;0,46
;Ethiopia;1991;230;Ethiopia (-1992);ETH;;Ethiopia (-1992) 1991;ETH91;175,25;0,62;3,23;0,44
;Ethiopia;1992;230;Ethiopia (-1992);ETH;;Ethiopia (-1992) 1992;ETH92;140,51;0,61;2,41;0,43
231,00;Ethiopia;1993;231;Ethiopia (1993-);ETH;530,00;Ethiopia (1993-) 1993;ETH93;129,99;0,59;2,19;0,41
231,00;Ethiopia;1994;231;Ethiopia (1993-);ETH;530,00;Ethiopia (1993-) 1994;ETH94;160,66;0,57;2,05;0,00
231,00;Ethiopia;1995;231;Ethiopia (1993-);ETH;530,00;Ethiopia (1993-) 1995;ETH95;91,04;0,55;1,69;0,00
231,00;Ethiopia;1996;231;Ethiopia (1993-);ETH;530,00;Ethiopia (1993-) 1996;ETH96;89,81;0,57;1,64;0,00
231,00;Ethiopia;1997;231;Ethiopia (1993-);ETH;530,00;Ethiopia (1993-) 1997;ETH97;113,47;0,56;2,13;0,10
231,00;Ethiopia;1998;231;Ethiopia (1993-);ETH;530,00;Ethiopia (1993-) 1998;ETH98;152,95;0,54;3,11;0,09
231,00;Ethiopia;1999;231;Ethiopia (1993-);ETH;530,00;Ethiopia (1993-) 1999;ETH99;203,51;0,69;3,48;0,25
231,00;Ethiopia;2000;231;Ethiopia (1993-);ETH;530,00;Ethiopia (1993-) 2000;ETH00;159,46;0,55;3,10;0,26
231,00;Ethiopia;2001;231;Ethiopia (1993-);ETH;530,00;Ethiopia (1993-) 2001;ETH01;124,65;0,58;2,30;0,18
231,00;Ethiopia;2002;231;Ethiopia (1993-);ETH;530,00;Ethiopia (1993-) 2002;ETH02;117,13;0,59;2,11;0,18
231,00;Ethiopia;2003;231;Ethiopia (1993-);ETH;530,00;Ethiopia (1993-) 2003;ETH03;142,14;0,66;1,93;1,28
231,00;Ethiopia;2004;231;Ethiopia (1993-);ETH;530,00;Ethiopia (1993-) 2004;ETH04;141,97;0,64;1,92;1,31
231,00;Ethiopia;2005;231;Ethiopia (1993-);ETH;530,00;Ethiopia (1993-) 2005;ETH05;136,37;0,63;1,84;1,25
231,00;Ethiopia;2006;231;Ethiopia (1993-);ETH;530,00;Ethiopia (1993-) 2006;ETH06;126,06;0,62;1,60;1,22
231,00;Ethiopia;2007;231;Ethiopia (1993-);ETH;530,00;Ethiopia (1993-) 2007;ETH07;118,23;0,62;1,38;1,23
231,00;Ethiopia;2008;231;Ethiopia (1993-);ETH;530,00;Ethiopia (1993-) 2008;ETH08;110,17;0,61;1,22;1,19
231,00;Ethiopia;2009;231;Ethiopia (1993-);ETH;530,00;Ethiopia (1993-) 2009;ETH09;101,99;0,60;1,02;1,18
231,00;Ethiopia;2010;231;Ethiopia (1993-);ETH;530,00;Ethiopia (1993-) 2010;ETH10;99,37;0,58;0,96;1,18
231,00;Ethiopia;2011;231;Ethiopia (1993-);ETH;530,00;Ethiopia (1993-) 2011;ETH11;98,36;0,57;0,95;1,17
231,00;Ethiopia;2012;231;Ethiopia (1993-);ETH;530,00;Ethiopia (1993-) 2012;ETH12;94,42;0,62;0,80;1,17
231,00;Ethiopia;2013;231;Ethiopia (1993-);ETH;530,00;Ethiopia (1993-) 2013;ETH13;93,46;0,62;0,77;1,17
231,00;Ethiopia;2014;231;Ethiopia (1993-);ETH;530,00;Ethiopia (1993-) 2014;ETH14;91,97;0,61;0,74;1,17
231,00;Ethiopia;2015;231;Ethiopia (1993-);ETH;530,00;Ethiopia (1993-) 2015;ETH15;54,95;0,60;0,70;0,07
231,00;Ethiopia;2016;231;Ethiopia (1993-);ETH;530,00;Ethiopia (1993-) 2016;ETH16;52,59;0,56;0,69;0,07
231,00;Ethiopia;2017;231;Ethiopia (1993-);ETH;530,00;Ethiopia (1993-) 2017;ETH17;52,05;0,55;0,69;0,06
231,00;Ethiopia;2018;231;Ethiopia (1993-);ETH;530,00;Ethiopia (1993-) 2018;ETH18;73,39;0,54;0,67;0,81
231,00;Ethiopia;2019;231;Ethiopia (1993-);ETH;530,00;Ethiopia (1993-) 2019;ETH19;70,97;0,53;0,62;0,81
231,00;Ethiopia;2020;231;Ethiopia (1993-);ETH;530,00;Ethiopia (1993-) 2020;ETH20;64,44;0,50;0,56;0,72
231,00;Ethiopia;2021;231;Ethiopia (1993-);ETH;530,00;Ethiopia (1993-) 2021;ETH21;62,95;0,48;0,54;0,72
231,00;Ethiopia;2022;231;Ethiopia (1993-);ETH;530,00;Ethiopia (1993-) 2022;ETH22;83,93;0,26;0,85;1,19
231,00;Ethiopia;2023;231;Ethiopia (1993-);ETH;530,00;Ethiopia (1993-) 2023;ETH23;84,18;0,34;0,79;1,18
232,00;Eritrea;1993;232;Eritrea;ERI;531,00;Eritrea 1993;ERI93;298,69;0,00;4,86;0,00
232,00;Eritrea;1994;232;Eritrea;ERI;531,00;Eritrea 1994;ERI94;243,40;0,00;3,96;0,00
232,00;Eritrea;1995;232;Eritrea;ERI;531,00;Eritrea 1995;ERI95;230,06;1,06;4,56;0,00
232,00;Eritrea;1996;232;Eritrea;ERI;531,00;Eritrea 1996;ERI96;243,11;1,16;4,78;0,00
232,00;Eritrea;1997;232;Eritrea;ERI;531,00;Eritrea 1997;ERI97;251,98;1,37;3,79;0,99
232,00;Eritrea;1998;232;Eritrea;ERI;531,00;Eritrea 1998;ERI98;347,67;1,66;5,43;1,38
232,00;Eritrea;1999;232;Eritrea;ERI;531,00;Eritrea 1999;ERI99;461,89;1,75;5,45;4,04
232,00;Eritrea;2000;232;Eritrea;ERI;531,00;Eritrea 2000;ERI00;500,00;1,90;5,26;6,37
232,00;Eritrea;2001;232;Eritrea;ERI;531,00;Eritrea 2001;ERI01;446,22;1,79;4,59;5,69
232,00;Eritrea;2002;232;Eritrea;ERI;531,00;Eritrea 2002;ERI02;430,93;1,77;4,39;5,49
232,00;Eritrea;2003;232;Eritrea;ERI;531,00;Eritrea 2003;ERI03;449,68;1,83;4,35;5,98
232,00;Eritrea;2004;232;Eritrea;ERI;531,00;Eritrea 2004;ERI04;440,86;1,81;4,38;5,74
232,00;Eritrea;2005;232;Eritrea;ERI;531,00;Eritrea 2005;ERI05;432,37;1,62;4,39;5,69
232,00;Eritrea;2006;232;Eritrea;ERI;531,00;Eritrea 2006;ERI06;428,85;1,61;4,39;5,60
233,00;Estonia;1993;233;Estonia;EST;366,00;Estonia 1993;EST93;36,78;0,00;0,68;0,35
233,00;Estonia;1994;233;Estonia;EST;366,00;Estonia 1994;EST94;44,00;0,00;0,87;0,36
233,00;Estonia;1995;233;Estonia;EST;366,00;Estonia 1995;EST95;74,26;0,79;0,82;0,43
233,00;Estonia;1996;233;Estonia;EST;366,00;Estonia 1996;EST96;76,59;0,91;0,76;0,44
233,00;Estonia;1997;233;Estonia;EST;366,00;Estonia 1997;EST97;86,40;0,96;0,88;0,53
233,00;Estonia;1998;233;Estonia;EST;366,00;Estonia 1998;EST98;92,83;1,05;0,91;0,59
233,00;Estonia;1999;233;Estonia;EST;366,00;Estonia 1999;EST99;98,39;1,05;1,03;0,62
233,00;Estonia;2000;233;Estonia;EST;366,00;Estonia 2000;EST00;101,01;1,04;1,10;0,62
233,00;Estonia;2001;233;Estonia;EST;366,00;Estonia 2001;EST01;104,11;1,05;1,19;0,62
233,00;Estonia;2002;233;Estonia;EST;366,00;Estonia 2002;EST02;111,09;1,05;1,28;0,71
233,00;Estonia;2003;233;Estonia;EST;366,00;Estonia 2003;EST03;112,02;1,05;1,30;0,71
233,00;Estonia;2004;233;Estonia;EST;366,00;Estonia 2004;EST04;107,15;0,98;1,27;0,68
233,00;Estonia;2005;233;Estonia;EST;366,00;Estonia 2005;EST05;104,20;1,04;1,14;0,67
233,00;Estonia;2006;233;Estonia;EST;366,00;Estonia 2006;EST06;122,18;1,64;1,12;0,58
233,00;Estonia;2007;233;Estonia;EST;366,00;Estonia 2007;EST07;123,65;1,52;1,25;0,60
233,00;Estonia;2008;233;Estonia;EST;366,00;Estonia 2008;EST08;132,29;1,71;1,28;0,62
233,00;Estonia;2009;233;Estonia;EST;366,00;Estonia 2009;EST09;133,52;1,86;1,27;0,51
233,00;Estonia;2010;233;Estonia;EST;366,00;Estonia 2010;EST10;134,75;1,86;1,23;0,59
233,00;Estonia;2011;233;Estonia;EST;366,00;Estonia 2011;EST11;135,53;1,86;1,23;0,60
233,00;Estonia;2012;233;Estonia;EST;366,00;Estonia 2012;EST12;143,65;1,97;1,34;0,61
233,00;Estonia;2013;233;Estonia;EST;366,00;Estonia 2013;EST13;140,12;1,88;1,34;0,61
233,00;Estonia;2014;233;Estonia;EST;366,00;Estonia 2014;EST14;142,00;1,92;1,34;0,61
233,00;Estonia;2015;233;Estonia;EST;366,00;Estonia 2015;EST15;144,79;1,96;1,38;0,60
233,00;Estonia;2016;233;Estonia;EST;366,00;Estonia 2016;EST16;144,34;2,00;1,40;0,54
233,00;Estonia;2017;233;Estonia;EST;366,00;Estonia 2017;EST17;143,87;1,99;1,38;0,55
233,00;Estonia;2018;233;Estonia;EST;366,00;Estonia 2018;EST18;145,16;2,03;1,37;0,55
233,00;Estonia;2019;233;Estonia;EST;366,00;Estonia 2019;EST19;142,54;1,95;1,38;0,55
233,00;Estonia;2020;233;Estonia;EST;366,00;Estonia 2020;EST20;149,23;2,00;1,47;0,59
233,00;Estonia;2021;233;Estonia;EST;366,00;Estonia 2021;EST21;145,76;2,01;1,36;0,60
233,00;Estonia;2022;233;Estonia;EST;366,00;Estonia 2022;EST22;145,41;1,94;1,43;0,59
233,00;Estonia;2023;233;Estonia;EST;366,00;Estonia 2023;EST23;160,84;1,97;1,70;0,71
242,00;Fiji;1990;242;Fiji;FJI;950,00;Fiji 1990;FJI90;79,53;0,00;1,60;0,37
242,00;Fiji;1991;242;Fiji;FJI;950,00;Fiji 1991;FJI91;80,63;0,00;1,63;0,36
242,00;Fiji;1992;242;Fiji;FJI;950,00;Fiji 1992;FJI92;73,78;0,00;1,47;0,36
242,00;Fiji;1993;242;Fiji;FJI;950,00;Fiji 1993;FJI93;70,19;0,00;1,45;0,29
242,00;Fiji;1994;242;Fiji;FJI;950,00;Fiji 1994;FJI94;67,80;0,00;1,39;0,29
242,00;Fiji;1995;242;Fiji;FJI;950,00;Fiji 1995;FJI95;66,51;0,00;1,36;0,29
242,00;Fiji;1996;242;Fiji;FJI;950,00;Fiji 1996;FJI96;60,60;0,00;1,23;0,28
242,00;Fiji;1997;242;Fiji;FJI;950,00;Fiji 1997;FJI97;58,23;0,00;1,17;0,28
242,00;Fiji;1998;242;Fiji;FJI;950,00;Fiji 1998;FJI98;56,09;0,00;1,13;0,27
242,00;Fiji;1999;242;Fiji;FJI;950,00;Fiji 1999;FJI99;72,86;0,00;1,05;0,96
242,00;Fiji;2000;242;Fiji;FJI;950,00;Fiji 2000;FJI00;86,02;0,00;1,41;0,96
242,00;Fiji;2001;242;Fiji;FJI;950,00;Fiji 2001;FJI01;89,13;0,00;1,49;0,95
242,00;Fiji;2002;242;Fiji;FJI;950,00;Fiji 2002;FJI02;82,90;0,00;1,33;0,95
242,00;Fiji;2003;242;Fiji;FJI;950,00;Fiji 2003;FJI03;78,44;0,00;1,29;0,87
242,00;Fiji;2004;242;Fiji;FJI;950,00;Fiji 2004;FJI04;79,56;0,00;1,32;0,86
242,00;Fiji;2005;242;Fiji;FJI;950,00;Fiji 2005;FJI05;73,64;0,00;1,17;0,86
242,00;Fiji;2006;242;Fiji;FJI;950,00;Fiji 2006;FJI06;79,63;0,00;1,33;0,86
242,00;Fiji;2007;242;Fiji;FJI;950,00;Fiji 2007;FJI07;93,60;0,00;1,65;0,92
242,00;Fiji;2008;242;Fiji;FJI;950,00;Fiji 2008;FJI08;79,17;0,00;1,29;0,88
242,00;Fiji;2009;242;Fiji;FJI;950,00;Fiji 2009;FJI09;82,71;0,00;1,41;0,86
242,00;Fiji;2010;242;Fiji;FJI;950,00;Fiji 2010;FJI10;79,32;0,00;1,32;0,86
242,00;Fiji;2011;242;Fiji;FJI;950,00;Fiji 2011;FJI11;80,25;0,00;1,35;0,86
242,00;Fiji;2012;242;Fiji;FJI;950,00;Fiji 2012;FJI12;77,24;0,00;1,27;0,86
242,00;Fiji;2013;242;Fiji;FJI;950,00;Fiji 2013;FJI13;69,62;0,00;1,21;0,71
242,00;Fiji;2014;242;Fiji;FJI;950,00;Fiji 2014;FJI14;81,64;0,25;1,29;0,71
242,00;Fiji;2015;242;Fiji;FJI;950,00;Fiji 2015;FJI15;65,94;0,25;0,88;0,70
242,00;Fiji;2016;242;Fiji;FJI;950,00;Fiji 2016;FJI16;71,15;0,25;1,02;0,70
242,00;Fiji;2017;242;Fiji;FJI;950,00;Fiji 2017;FJI17;78,66;0,25;1,22;0,70
242,00;Fiji;2018;242;Fiji;FJI;950,00;Fiji 2018;FJI18;91,76;0,63;1,19;0,70
242,00;Fiji;2019;242;Fiji;FJI;950,00;Fiji 2019;FJI19;93,31;0,63;1,17;0,76
242,00;Fiji;2020;242;Fiji;FJI;950,00;Fiji 2020;FJI20;90,78;0,50;1,24;0,76
242,00;Fiji;2021;242;Fiji;FJI;950,00;Fiji 2021;FJI21;80,01;0,50;1,22;0,27
242,00;Fiji;2022;242;Fiji;FJI;950,00;Fiji 2022;FJI22;74,25;0,50;1,08;0,26
242,00;Fiji;2023;242;Fiji;FJI;950,00;Fiji 2023;FJI23;73,30;0,49;1,06;0,26
246,00;Finland;1990;246;Finland;FIN;375,00;Finland 1990;FIN90;182,71;2,18;1,12;1,67
246,00;Finland;1991;246;Finland;FIN;375,00;Finland 1991;FIN91;191,09;2,30;1,23;1,66
246,00;Finland;1992;246;Finland;FIN;375,00;Finland 1992;FIN92;194,35;2,33;1,29;1,67
246,00;Finland;1993;246;Finland;FIN;375,00;Finland 1993;FIN93;198,54;2,47;1,27;1,65
246,00;Finland;1994;246;Finland;FIN;375,00;Finland 1994;FIN94;196,47;2,50;1,22;1,62
246,00;Finland;1995;246;Finland;FIN;375,00;Finland 1995;FIN95;198,72;2,66;1,06;1,67
246,00;Finland;1996;246;Finland;FIN;375,00;Finland 1996;FIN96;189,91;2,63;1,12;1,42
246,00;Finland;1997;246;Finland;FIN;375,00;Finland 1997;FIN97;190,15;2,66;1,13;1,39
246,00;Finland;1998;246;Finland;FIN;375,00;Finland 1998;FIN98;186,56;2,58;1,09;1,39
246,00;Finland;1999;246;Finland;FIN;375,00;Finland 1999;FIN99;183,43;2,59;0,96;1,44
246,00;Finland;2000;246;Finland;FIN;375,00;Finland 2000;FIN00;180,04;2,56;0,98;1,35
246,00;Finland;2001;246;Finland;FIN;375,00;Finland 2001;FIN01;178,78;2,59;0,92;1,36
246,00;Finland;2002;246;Finland;FIN;375,00;Finland 2002;FIN02;179,60;2,62;0,92;1,35
246,00;Finland;2003;246;Finland;FIN;375,00;Finland 2003;FIN03;181,53;2,66;1,08;1,20
246,00;Finland;2004;246;Finland;FIN;375,00;Finland 2004;FIN04;184,04;2,78;1,09;1,14
246,00;Finland;2005;246;Finland;FIN;375,00;Finland 2005;FIN05;163,13;2,48;1,08;0,88
246,00;Finland;2006;246;Finland;FIN;375,00;Finland 2006;FIN06;159,67;2,38;1,07;0,89
246,00;Finland;2007;246;Finland;FIN;375,00;Finland 2007;FIN07;156,23;2,38;0,99;0,88
246,00;Finland;2008;246;Finland;FIN;375,00;Finland 2008;FIN08;156,46;2,34;1,04;0,89
246,00;Finland;2009;246;Finland;FIN;375,00;Finland 2009;FIN09;163,69;2,41;1,12;0,93
246,00;Finland;2010;246;Finland;FIN;375,00;Finland 2010;FIN10;156,87;2,26;1,08;0,93
246,00;Finland;2011;246;Finland;FIN;375,00;Finland 2011;FIN11;155,61;2,25;1,08;0,91
246,00;Finland;2012;246;Finland;FIN;375,00;Finland 2012;FIN12;156,83;2,25;1,09;0,92
246,00;Finland;2013;246;Finland;FIN;375,00;Finland 2013;FIN13;156,34;2,24;1,09;0,93
246,00;Finland;2014;246;Finland;FIN;375,00;Finland 2014;FIN14;154,53;2,23;1,05;0,92
246,00;Finland;2015;246;Finland;FIN;375,00;Finland 2015;FIN15;154,74;2,24;1,05;0,92
246,00;Finland;2016;246;Finland;FIN;375,00;Finland 2016;FIN16;147,84;2,23;1,04;0,76
246,00;Finland;2017;246;Finland;FIN;375,00;Finland 2017;FIN17;145,38;2,23;1,01;0,72
246,00;Finland;2018;246;Finland;FIN;375,00;Finland 2018;FIN18;147,42;2,28;1,02;0,72
246,00;Finland;2019;246;Finland;FIN;375,00;Finland 2019;FIN19;146,36;2,29;1,01;0,69
246,00;Finland;2020;246;Finland;FIN;375,00;Finland 2020;FIN20;148,24;2,27;1,04;0,72
246,00;Finland;2021;246;Finland;FIN;375,00;Finland 2021;FIN21;144,05;2,28;0,97;0,68
246,00;Finland;2022;246;Finland;FIN;375,00;Finland 2022;FIN22;149,36;2,28;1,11;0,68
246,00;Finland;2023;246;Finland;FIN;375,00;Finland 2023;FIN23;174,48;2,54;1,46;0,74
250,00;France;1990;250;France (1963-);FRA;220,00;France (1963-) 1990;FRA90;159,35;1,84;1,60;0,90
250,00;France;1991;250;France (1963-);FRA;220,00;France (1963-) 1991;FRA91;157,39;1,81;1,60;0,88
250,00;France;1992;250;France (1963-);FRA;220,00;France (1963-) 1992;FRA92;155,39;1,83;1,56;0,85
250,00;France;1993;250;France (1963-);FRA;220,00;France (1963-) 1993;FRA93;153,53;1,80;1,56;0,82
250,00;France;1994;250;France (1963-);FRA;220,00;France (1963-) 1994;FRA94;152,08;1,79;1,55;0,80
250,00;France;1995;250;France (1963-);FRA;220,00;France (1963-) 1995;FRA95;150,22;1,80;1,49;0,80
250,00;France;1996;250;France (1963-);FRA;220,00;France (1963-) 1996;FRA96;146,81;1,75;1,46;0,78
250,00;France;1997;250;France (1963-);FRA;220,00;France (1963-) 1997;FRA97;143,63;1,71;1,45;0,75
250,00;France;1998;250;France (1963-);FRA;220,00;France (1963-) 1998;FRA98;136,98;1,61;1,40;0,73
250,00;France;1999;250;France (1963-);FRA;220,00;France (1963-) 1999;FRA99;134,49;1,60;1,38;0,69
250,00;France;2000;250;France (1963-);FRA;220,00;France (1963-) 2000;FRA00;133,13;1,63;1,34;0,66
250,00;France;2001;250;France (1963-);FRA;220,00;France (1963-) 2001;FRA01;130,56;1,61;1,32;0,63
250,00;France;2002;250;France (1963-);FRA;220,00;France (1963-) 2002;FRA02;127,19;1,59;1,32;0,56
250,00;France;2003;250;France (1963-);FRA;220,00;France (1963-) 2003;FRA03;126,98;1,57;1,34;0,56
250,00;France;2004;250;France (1963-);FRA;220,00;France (1963-) 2004;FRA04;128,38;1,61;1,34;0,55
250,00;France;2005;250;France (1963-);FRA;220,00;France (1963-) 2005;FRA05;130,71;1,71;1,31;0,55
250,00;France;2006;250;France (1963-);FRA;220,00;France (1963-) 2006;FRA06;129,76;1,71;1,29;0,55
250,00;France;2007;250;France (1963-);FRA;220,00;France (1963-) 2007;FRA07;132,88;1,71;1,26;0,66
250,00;France;2008;250;France (1963-);FRA;220,00;France (1963-) 2008;FRA08;124,79;1,62;1,25;0,54
250,00;France;2009;250;France (1963-);FRA;220,00;France (1963-) 2009;FRA09;127,87;1,63;1,33;0,54
250,00;France;2010;250;France (1963-);FRA;220,00;France (1963-) 2010;FRA10;120,69;1,50;1,27;0,52
250,00;France;2011;250;France (1963-);FRA;220,00;France (1963-) 2011;FRA11;119,86;1,51;1,24;0,53
250,00;France;2012;250;France (1963-);FRA;220,00;France (1963-) 2012;FRA12;119,14;1,51;1,23;0,51
250,00;France;2013;250;France (1963-);FRA;220,00;France (1963-) 2013;FRA13;115,57;1,44;1,22;0,50
250,00;France;2014;250;France (1963-);FRA;220,00;France (1963-) 2014;FRA14;115,19;1,43;1,23;0,49
250,00;France;2015;250;France (1963-);FRA;220,00;France (1963-) 2015;FRA15;112,57;1,37;1,23;0,48
250,00;France;2016;250;France (1963-);FRA;220,00;France (1963-) 2016;FRA16;110,70;1,31;1,25;0,47
250,00;France;2017;250;France (1963-);FRA;220,00;France (1963-) 2017;FRA17;110,48;1,31;1,25;0,47
250,00;France;2018;250;France (1963-);FRA;220,00;France (1963-) 2018;FRA18;109,84;1,32;1,22;0,47
250,00;France;2019;250;France (1963-);FRA;220,00;France (1963-) 2019;FRA19;110,04;1,33;1,22;0,46
250,00;France;2020;250;France (1963-);FRA;220,00;France (1963-) 2020;FRA20;112,93;1,35;1,28;0,46
250,00;France;2021;250;France (1963-);FRA;220,00;France (1963-) 2021;FRA21;112,46;1,37;1,24;0,46
250,00;France;2022;250;France (1963-);FRA;220,00;France (1963-) 2022;FRA22;118,41;1,53;1,25;0,46
250,00;France;2023;250;France (1963-);FRA;220,00;France (1963-) 2023;FRA23;119,87;1,52;1,30;0,45
262,00;Djibouti;1991;262;Djibouti;DJI;522,00;Djibouti 1991;DJI91;228,63;1,55;3,68;0,36
262,00;Djibouti;1992;262;Djibouti;DJI;522,00;Djibouti 1992;DJI92;225,93;1,69;3,43;0,40
262,00;Djibouti;1993;262;Djibouti;DJI;522,00;Djibouti 1993;DJI93;222,67;1,77;3,11;0,56
262,00;Djibouti;1994;262;Djibouti;DJI;522,00;Djibouti 1994;DJI94;249,27;1,53;2,89;1,00
262,00;Djibouti;1995;262;Djibouti;DJI;522,00;Djibouti 1995;DJI95;214,48;1,50;2,76;0,99
262,00;Djibouti;1996;262;Djibouti;DJI;522,00;Djibouti 1996;DJI96;202,93;1,42;2,58;0,96
262,00;Djibouti;1997;262;Djibouti;DJI;522,00;Djibouti 1997;DJI97;196,82;1,27;2,61;0,93
262,00;Djibouti;1998;262;Djibouti;DJI;522,00;Djibouti 1998;DJI98;193,04;1,25;2,58;0,90
262,00;Djibouti;1999;262;Djibouti;DJI;522,00;Djibouti 1999;DJI99;240,44;1,23;2,48;2,16
262,00;Djibouti;2000;262;Djibouti;DJI;522,00;Djibouti 2000;DJI00;220,75;1,21;2,65;2,13
262,00;Djibouti;2001;262;Djibouti;DJI;522,00;Djibouti 2001;DJI01;220,29;1,20;2,68;2,11
262,00;Djibouti;2002;262;Djibouti;DJI;522,00;Djibouti 2002;DJI02;215,21;1,18;2,60;2,07
262,00;Djibouti;2003;262;Djibouti;DJI;522,00;Djibouti 2003;DJI03;211,91;1,17;2,54;2,05
262,00;Djibouti;2004;262;Djibouti;DJI;522,00;Djibouti 2004;DJI04;202,78;0,79;2,77;1,95
262,00;Djibouti;2005;262;Djibouti;DJI;522,00;Djibouti 2005;DJI05;189,05;0,78;2,44;1,92
262,00;Djibouti;2006;262;Djibouti;DJI;522,00;Djibouti 2006;DJI06;184,66;0,77;2,41;1,83
262,00;Djibouti;2007;262;Djibouti;DJI;522,00;Djibouti 2007;DJI07;162,57;0,76;1,87;1,79
262,00;Djibouti;2008;262;Djibouti;DJI;522,00;Djibouti 2008;DJI08;156,53;0,80;1,80;1,66
262,00;Djibouti;2009;262;Djibouti;DJI;522,00;Djibouti 2009;DJI09;161,77;0,96;1,80;1,64
262,00;Djibouti;2010;262;Djibouti;DJI;522,00;Djibouti 2010;DJI10;162,04;0,95;1,83;1,63
262,00;Djibouti;2011;262;Djibouti;DJI;522,00;Djibouti 2011;DJI11;160,40;0,92;1,83;1,62
266,00;Gabon;2000;266;Gabon;GAB;481,00;Gabon 2000;GAB00;136,99;1,18;1,48;1,07
266,00;Gabon;2001;266;Gabon;GAB;481,00;Gabon 2001;GAB01;116,84;1,17;1,45;0,25
266,00;Gabon;2002;266;Gabon;GAB;481,00;Gabon 2002;GAB02;115,06;1,15;1,43;0,25
266,00;Gabon;2003;266;Gabon;GAB;481,00;Gabon 2003;GAB03;110,89;1,14;1,35;0,24
266,00;Gabon;2004;266;Gabon;GAB;481,00;Gabon 2004;GAB04;126,46;1,12;1,33;0,99
266,00;Gabon;2005;266;Gabon;GAB;481,00;Gabon 2005;GAB05;118,55;1,11;1,14;0,99
266,00;Gabon;2006;266;Gabon;GAB;481,00;Gabon 2006;GAB06;119,83;1,14;1,15;0,98
266,00;Gabon;2007;266;Gabon;GAB;481,00;Gabon 2007;GAB07;120,27;1,14;1,15;1,00
266,00;Gabon;2008;266;Gabon;GAB;481,00;Gabon 2008;GAB08;118,55;1,09;1,18;0,97
266,00;Gabon;2009;266;Gabon;GAB;481,00;Gabon 2009;GAB09;116,96;1,13;1,10;0,96
266,00;Gabon;2010;266;Gabon;GAB;481,00;Gabon 2010;GAB10;117,41;1,12;1,57;0,19
266,00;Gabon;2011;266;Gabon;GAB;481,00;Gabon 2011;GAB11;103,96;1,05;1,32;0,19
266,00;Gabon;2012;266;Gabon;GAB;481,00;Gabon 2012;GAB12;107,65;1,03;1,43;0,18
266,00;Gabon;2013;266;Gabon;GAB;481,00;Gabon 2013;GAB13;108,97;1,13;1,37;0,18
266,00;Gabon;2014;266;Gabon;GAB;481,00;Gabon 2014;GAB14;99,66;1,18;1,11;0,17
266,00;Gabon;2015;266;Gabon;GAB;481,00;Gabon 2015;GAB15;101,78;1,22;1,13;0,16
266,00;Gabon;2016;266;Gabon;GAB;481,00;Gabon 2016;GAB16;117,30;1,17;1,26;0,78
266,00;Gabon;2017;266;Gabon;GAB;481,00;Gabon 2017;GAB17;119,95;1,16;1,50;0,62
266,00;Gabon;2018;266;Gabon;GAB;481,00;Gabon 2018;GAB18;119,50;1,29;1,35;0,62
266,00;Gabon;2019;266;Gabon;GAB;481,00;Gabon 2019;GAB19;120,02;1,29;1,37;0,62
266,00;Gabon;2020;266;Gabon;GAB;481,00;Gabon 2020;GAB20;120,53;1,29;1,39;0,61
266,00;Gabon;2021;266;Gabon;GAB;481,00;Gabon 2021;GAB21;118,64;1,28;1,35;0,61
266,00;Gabon;2022;266;Gabon;GAB;481,00;Gabon 2022;GAB22;117,32;1,39;1,21;0,61
266,00;Gabon;2023;266;Gabon;GAB;481,00;Gabon 2023;GAB23;113,70;1,41;1,10;0,60
268,00;Georgia;1996;268;Georgia;GEO;372,00;Georgia 1996;GEO96;112,09;1,22;1,44;0,41
268,00;Georgia;1997;268;Georgia;GEO;372,00;Georgia 1997;GEO97;122,53;1,29;0,97;1,08
268,00;Georgia;1998;268;Georgia;GEO;372,00;Georgia 1998;GEO98;124,72;1,38;0,93;1,10
268,00;Georgia;1999;268;Georgia;GEO;372,00;Georgia 1999;GEO99;120,80;1,39;0,80;1,11
268,00;Georgia;2000;268;Georgia;GEO;372,00;Georgia 2000;GEO00;119,82;1,56;0,57;1,14
268,00;Georgia;2001;268;Georgia;GEO;372,00;Georgia 2001;GEO01;121,76;1,59;0,66;1,08
268,00;Georgia;2002;268;Georgia;GEO;372,00;Georgia 2002;GEO02;128,71;1,59;0,83;1,09
268,00;Georgia;2003;268;Georgia;GEO;372,00;Georgia 2003;GEO03;130,26;1,59;0,86;1,10
268,00;Georgia;2004;268;Georgia;GEO;372,00;Georgia 2004;GEO04;137,18;1,60;1,04;1,11
268,00;Georgia;2005;268;Georgia;GEO;372,00;Georgia 2005;GEO05;144,62;1,59;1,82;0,53
268,00;Georgia;2006;268;Georgia;GEO;372,00;Georgia 2006;GEO06;164,15;1,59;2,35;0,53
268,00;Georgia;2007;268;Georgia;GEO;372,00;Georgia 2007;GEO07;203,76;1,72;3,10;0,72
268,00;Georgia;2008;268;Georgia;GEO;372,00;Georgia 2008;GEO08;192,00;1,57;2,94;0,71
268,00;Georgia;2009;268;Georgia;GEO;372,00;Georgia 2009;GEO09;167,79;1,50;2,36;0,71
268,00;Georgia;2010;268;Georgia;GEO;372,00;Georgia 2010;GEO10;159,47;1,74;1,91;0,69
268,00;Georgia;2011;268;Georgia;GEO;372,00;Georgia 2011;GEO11;155,17;1,78;1,75;0,69
268,00;Georgia;2012;268;Georgia;GEO;372,00;Georgia 2012;GEO12;153,93;1,78;1,71;0,70
268,00;Georgia;2013;268;Georgia;GEO;372,00;Georgia 2013;GEO13;153,49;1,91;1,57;0,70
268,00;Georgia;2014;268;Georgia;GEO;372,00;Georgia 2014;GEO14;150,11;1,91;1,49;0,69
268,00;Georgia;2015;268;Georgia;GEO;372,00;Georgia 2015;GEO15;144,75;1,91;1,35;0,68
268,00;Georgia;2016;268;Georgia;GEO;372,00;Georgia 2016;GEO16;140,16;1,91;1,37;0,54
268,00;Georgia;2017;268;Georgia;GEO;372,00;Georgia 2017;GEO17;139,07;1,91;1,34;0,54
268,00;Georgia;2018;268;Georgia;GEO;372,00;Georgia 2018;GEO18;136,99;1,91;1,31;0,52
268,00;Georgia;2019;268;Georgia;GEO;372,00;Georgia 2019;GEO19;135,44;1,91;1,27;0,52
268,00;Georgia;2020;268;Georgia;GEO;372,00;Georgia 2020;GEO20;136,82;1,91;1,24;0,58
268,00;Georgia;2021;268;Georgia;GEO;372,00;Georgia 2021;GEO21;134,23;1,95;1,15;0,57
268,00;Georgia;2022;268;Georgia;GEO;372,00;Georgia 2022;GEO22;132,07;1,94;1,10;0,57
268,00;Georgia;2023;268;Georgia;GEO;372,00;Georgia 2023;GEO23;135,60;1,93;1,20;0,56
270,00;Gambia (the);1990;270;Gambia;GMB;420,00;Gambia 1990;GMB90;22,93;0,00;0,52;0,07
270,00;Gambia (the);1991;270;Gambia;GMB;420,00;Gambia 1991;GMB91;24,37;0,00;0,56;0,07
270,00;Gambia (the);1992;270;Gambia;GMB;420,00;Gambia 1992;GMB92;20,19;0,00;0,47;0,06
270,00;Gambia (the);1993;270;Gambia;GMB;420,00;Gambia 1993;GMB93;14,49;0,00;0,33;0,06
270,00;Gambia (the);1994;270;Gambia;GMB;420,00;Gambia 1994;GMB94;15,16;0,00;0,30;0,06
270,00;Gambia (the);1995;270;Gambia;GMB;420,00;Gambia 1995;GMB95;14,27;0,00;0,35;0,03
270,00;Gambia (the);1996;270;Gambia;GMB;420,00;Gambia 1996;GMB96;17,95;0,00;0,44;0,03
270,00;Gambia (the);1997;270;Gambia;GMB;420,00;Gambia 1997;GMB97;18,62;0,00;0,46;0,03
270,00;Gambia (the);1998;270;Gambia;GMB;420,00;Gambia 1998;GMB98;17,21;0,00;0,43;0,03
270,00;Gambia (the);1999;270;Gambia;GMB;420,00;Gambia 1999;GMB99;16,79;0,00;0,37;0,03
270,00;Gambia (the);2000;270;Gambia;GMB;420,00;Gambia 2000;GMB00;12,98;0,00;0,33;0,03
270,00;Gambia (the);2001;270;Gambia;GMB;420,00;Gambia 2001;GMB01;10,02;0,00;0,25;0,03
270,00;Gambia (the);2002;270;Gambia;GMB;420,00;Gambia 2002;GMB02;10,23;0,00;0,26;0,03
270,00;Gambia (the);2003;270;Gambia;GMB;420,00;Gambia 2003;GMB03;26,29;0,00;0,25;0,50
270,00;Gambia (the);2004;270;Gambia;GMB;420,00;Gambia 2004;GMB04;24,43;0,00;0,21;0,49
270,00;Gambia (the);2005;270;Gambia;GMB;420,00;Gambia 2005;GMB05;27,53;0,00;0,30;0,49
270,00;Gambia (the);2006;270;Gambia;GMB;420,00;Gambia 2006;GMB06;27,89;0,04;0,28;0,48
270,00;Gambia (the);2007;270;Gambia;GMB;420,00;Gambia 2007;GMB07;34,17;0,04;0,38;0,55
270,00;Gambia (the);2008;270;Gambia;GMB;420,00;Gambia 2008;GMB08;52,57;0,04;0,95;0,47
270,00;Gambia (the);2009;270;Gambia;GMB;420,00;Gambia 2009;GMB09;35,71;0,04;0,50;0,47
270,00;Gambia (the);2010;270;Gambia;GMB;420,00;Gambia 2010;GMB10;35,90;0,03;0,50;0,47
270,00;Gambia (the);2011;270;Gambia;GMB;420,00;Gambia 2011;GMB11;34,42;0,00;0,50;0,47
270,00;Gambia (the);2012;270;Gambia;GMB;420,00;Gambia 2012;GMB12;43,81;0,00;0,75;0,47
270,00;Gambia (the);2013;270;Gambia;GMB;420,00;Gambia 2013;GMB13;42,71;0,00;0,72;0,47
270,00;Gambia (the);2014;270;Gambia;GMB;420,00;Gambia 2014;GMB14;44,77;0,00;1,11;0,02
270,00;Gambia (the);2015;270;Gambia;GMB;420,00;Gambia 2015;GMB15;50,73;0,00;0,98;0,43
270,00;Gambia (the);2016;270;Gambia;GMB;420,00;Gambia 2016;GMB16;50,67;0,00;0,98;0,43
270,00;Gambia (the);2017;270;Gambia;GMB;420,00;Gambia 2017;GMB17;49,64;0,00;0,97;0,41
270,00;Gambia (the);2018;270;Gambia;GMB;420,00;Gambia 2018;GMB18;38,70;0,00;0,73;0,36
270,00;Gambia (the);2019;270;Gambia;GMB;420,00;Gambia 2019;GMB19;58,12;0,00;0,78;0,83
270,00;Gambia (the);2020;270;Gambia;GMB;420,00;Gambia 2020;GMB20;60,43;0,00;0,78;0,89
270,00;Gambia (the);2021;270;Gambia;GMB;420,00;Gambia 2021;GMB21;60,07;0,00;0,78;0,89
270,00;Gambia (the);2022;270;Gambia;GMB;420,00;Gambia 2022;GMB22;57,74;0,00;0,72;0,88
270,00;Gambia (the);2023;270;Gambia;GMB;420,00;Gambia 2023;GMB23;59,12;0,13;0,62;0,88
276,00;Germany;1991;276;Germany;DEU;255,00;Germany 1991;DEU91;161,43;2,36;1,32;0,72
276,00;Germany;1992;276;Germany;DEU;255,00;Germany 1992;DEU92;157,53;2,37;1,25;0,67
276,00;Germany;1993;276;Germany;DEU;255,00;Germany 1993;DEU93;136,36;1,94;1,18;0,60
276,00;Germany;1994;276;Germany;DEU;255,00;Germany 1994;DEU94;127,09;1,83;1,11;0,53
276,00;Germany;1995;276;Germany;DEU;255,00;Germany 1995;DEU95;125,34;1,85;1,08;0,50
276,00;Germany;1996;276;Germany;DEU;255,00;Germany 1996;DEU96;124,52;1,84;1,06;0,50
276,00;Germany;1997;276;Germany;DEU;255,00;Germany 1997;DEU97;121,46;1,82;1,03;0,46
276,00;Germany;1998;276;Germany;DEU;255,00;Germany 1998;DEU98;113,14;1,62;1,02;0,45
276,00;Germany;1999;276;Germany;DEU;255,00;Germany 1999;DEU99;112,60;1,61;1,02;0,45
276,00;Germany;2000;276;Germany;DEU;255,00;Germany 2000;DEU00;110,80;1,59;1,01;0,44
276,00;Germany;2001;276;Germany;DEU;255,00;Germany 2001;DEU01;107,33;1,53;0,99;0,42
276,00;Germany;2002;276;Germany;DEU;255,00;Germany 2002;DEU02;108,32;1,57;0,99;0,41
276,00;Germany;2003;276;Germany;DEU;255,00;Germany 2003;DEU03;107,00;1,56;0,98;0,39
276,00;Germany;2004;276;Germany;DEU;255,00;Germany 2004;DEU04;111,92;1,72;0,96;0,39
276,00;Germany;2005;276;Germany;DEU;255,00;Germany 2005;DEU05;107,86;1,72;0,84;0,39
276,00;Germany;2006;276;Germany;DEU;255,00;Germany 2006;DEU06;104,39;1,61;0,92;0,33
276,00;Germany;2007;276;Germany;DEU;255,00;Germany 2007;DEU07;103,88;1,61;0,90;0,33
276,00;Germany;2008;276;Germany;DEU;255,00;Germany 2008;DEU08;104,63;1,62;0,92;0,32
276,00;Germany;2009;276;Germany;DEU;255,00;Germany 2009;DEU09;103,70;1,54;0,97;0,33
276,00;Germany;2010;276;Germany;DEU;255,00;Germany 2010;DEU10;100,27;1,48;0,95;0,32
276,00;Germany;2011;276;Germany;DEU;255,00;Germany 2011;DEU11;84,16;1,08;0,92;0,32
276,00;Germany;2012;276;Germany;DEU;255,00;Germany 2012;DEU12;81,92;1,06;0,94;0,25
276,00;Germany;2013;276;Germany;DEU;255,00;Germany 2013;DEU13;80,97;1,08;0,90;0,24
276,00;Germany;2014;276;Germany;DEU;255,00;Germany 2014;DEU14;79,33;1,07;0,88;0,23
276,00;Germany;2015;276;Germany;DEU;255,00;Germany 2015;DEU15;76,08;1,00;0,88;0,22
276,00;Germany;2016;276;Germany;DEU;255,00;Germany 2016;DEU16;80,67;1,12;0,88;0,22
276,00;Germany;2017;276;Germany;DEU;255,00;Germany 2017;DEU17;80,61;1,11;0,88;0,22
276,00;Germany;2018;276;Germany;DEU;255,00;Germany 2018;DEU18;83,18;1,18;0,89;0,22
276,00;Germany;2019;276;Germany;DEU;255,00;Germany 2019;DEU19;82,79;1,12;0,94;0,22
276,00;Germany;2020;276;Germany;DEU;255,00;Germany 2020;DEU20;84,85;1,12;0,99;0,22
276,00;Germany;2021;276;Germany;DEU;255,00;Germany 2021;DEU21;83,65;1,12;0,96;0,22
276,00;Germany;2022;276;Germany;DEU;255,00;Germany 2022;DEU22;85,18;1,13;0,99;0,22
276,00;Germany;2023;276;Germany;DEU;255,00;Germany 2023;DEU23;87,52;1,13;1,06;0,21
;Germany;1990;280;Germany, West;DEU;;Germany, West 1990;DEU90;99,65;0,00;1,52;0,39
288,00;Ghana;1990;288;Ghana;GHA;452,00;Ghana 1990;GHA90;24,24;0,27;0,32;0,04
288,00;Ghana;1991;288;Ghana;GHA;452,00;Ghana 1991;GHA91;27,85;0,26;0,42;0,04
288,00;Ghana;1992;288;Ghana;GHA;452,00;Ghana 1992;GHA92;27,36;0,25;0,43;0,02
288,00;Ghana;1993;288;Ghana;GHA;452,00;Ghana 1993;GHA93;28,91;0,25;0,47;0,02
288,00;Ghana;1994;288;Ghana;GHA;452,00;Ghana 1994;GHA94;32,71;0,24;0,47;0,02
288,00;Ghana;1995;288;Ghana;GHA;452,00;Ghana 1995;GHA95;24,47;0,22;0,39;0,02
288,00;Ghana;1996;288;Ghana;GHA;452,00;Ghana 1996;GHA96;21,64;0,21;0,33;0,02
288,00;Ghana;1997;288;Ghana;GHA;452,00;Ghana 1997;GHA97;21,77;0,21;0,34;0,02
288,00;Ghana;1998;288;Ghana;GHA;452,00;Ghana 1998;GHA98;24,22;0,22;0,38;0,02
288,00;Ghana;1999;288;Ghana;GHA;452,00;Ghana 1999;GHA99;27,57;0,22;0,39;0,02
288,00;Ghana;2000;288;Ghana;GHA;452,00;Ghana 2000;GHA00;29,07;0,22;0,51;0,02
288,00;Ghana;2001;288;Ghana;GHA;452,00;Ghana 2001;GHA01;20,82;0,21;0,31;0,02
288,00;Ghana;2002;288;Ghana;GHA;452,00;Ghana 2002;GHA02;20,66;0,21;0,31;0,02
288,00;Ghana;2003;288;Ghana;GHA;452,00;Ghana 2003;GHA03;22,45;0,20;0,36;0,02
288,00;Ghana;2004;288;Ghana;GHA;452,00;Ghana 2004;GHA04;30,10;0,20;0,34;0,32
288,00;Ghana;2005;288;Ghana;GHA;452,00;Ghana 2005;GHA05;28,60;0,20;0,30;0,32
288,00;Ghana;2006;288;Ghana;GHA;452,00;Ghana 2006;GHA06;33,76;0,19;0,30;0,46
288,00;Ghana;2007;288;Ghana;GHA;452,00;Ghana 2007;GHA07;44,11;0,21;0,41;0,62
288,00;Ghana;2008;288;Ghana;GHA;452,00;Ghana 2008;GHA08;39,79;0,20;0,33;0,58
288,00;Ghana;2009;288;Ghana;GHA;452,00;Ghana 2009;GHA09;43,05;0,24;0,37;0,60
288,00;Ghana;2010;288;Ghana;GHA;452,00;Ghana 2010;GHA10;39,79;0,24;0,31;0,57
288,00;Ghana;2011;288;Ghana;GHA;452,00;Ghana 2011;GHA11;44,26;0,23;0,45;0,55
288,00;Ghana;2012;288;Ghana;GHA;452,00;Ghana 2012;GHA12;49,64;0,23;0,60;0,55
288,00;Ghana;2013;288;Ghana;GHA;452,00;Ghana 2013;GHA13;42,41;0,24;0,42;0,53
288,00;Ghana;2014;288;Ghana;GHA;452,00;Ghana 2014;GHA14;44,61;0,23;0,51;0,50
288,00;Ghana;2015;288;Ghana;GHA;452,00;Ghana 2015;GHA15;40,33;0,23;0,42;0,49
288,00;Ghana;2016;288;Ghana;GHA;452,00;Ghana 2016;GHA16;36,37;0,22;0,34;0,46
288,00;Ghana;2017;288;Ghana;GHA;452,00;Ghana 2017;GHA17;39,20;0,22;0,35;0,53
288,00;Ghana;2018;288;Ghana;GHA;452,00;Ghana 2018;GHA18;38,74;0,30;0,36;0,42
288,00;Ghana;2019;288;Ghana;GHA;452,00;Ghana 2019;GHA19;41,31;0,30;0,37;0,49
288,00;Ghana;2020;288;Ghana;GHA;452,00;Ghana 2020;GHA20;39,38;0,34;0,38;0,38
288,00;Ghana;2021;288;Ghana;GHA;452,00;Ghana 2021;GHA21;42,02;0,38;0,41;0,38
288,00;Ghana;2022;288;Ghana;GHA;452,00;Ghana 2022;GHA22;40,21;0,37;0,37;0,38
288,00;Ghana;2023;288;Ghana;GHA;452,00;Ghana 2023;GHA23;44,06;0,38;0,42;0,43
300,00;Greece;1990;300;Greece;GRC;350,00;Greece 1990;GRC90;236,84;2,75;1,95;1,73
300,00;Greece;1991;300;Greece;GRC;350,00;Greece 1991;GRC91;230,94;2,74;1,86;1,67
300,00;Greece;1992;300;Greece;GRC;350,00;Greece 1992;GRC92;231,94;2,74;1,90;1,66
300,00;Greece;1993;300;Greece;GRC;350,00;Greece 1993;GRC93;234,49;2,83;1,90;1,64
300,00;Greece;1994;300;Greece;GRC;350,00;Greece 1994;GRC94;233,51;2,89;1,89;1,55
300,00;Greece;1995;300;Greece;GRC;350,00;Greece 1995;GRC95;227,39;2,79;1,77;1,61
300,00;Greece;1996;300;Greece;GRC;350,00;Greece 1996;GRC96;225,19;2,71;1,81;1,59
300,00;Greece;1997;300;Greece;GRC;350,00;Greece 1997;GRC97;219,33;2,73;1,84;1,39
300,00;Greece;1998;300;Greece;GRC;350,00;Greece 1998;GRC98;220,10;2,67;1,89;1,41
300,00;Greece;1999;300;Greece;GRC;350,00;Greece 1999;GRC99;217,07;2,68;1,83;1,39
300,00;Greece;2000;300;Greece;GRC;350,00;Greece 2000;GRC00;217,77;2,68;1,89;1,34
300,00;Greece;2001;300;Greece;GRC;350,00;Greece 2001;GRC01;213,96;2,67;1,80;1,34
300,00;Greece;2002;300;Greece;GRC;350,00;Greece 2002;GRC02;213,77;2,63;1,74;1,44
300,00;Greece;2003;300;Greece;GRC;350,00;Greece 2003;GRC03;206,63;2,65;1,53;1,44
300,00;Greece;2004;300;Greece;GRC;350,00;Greece 2004;GRC04;208,13;2,68;1,58;1,40
300,00;Greece;2005;300;Greece;GRC;350,00;Greece 2005;GRC05;207,91;2,66;1,65;1,34
300,00;Greece;2006;300;Greece;GRC;350,00;Greece 2006;GRC06;199,32;2,58;1,64;1,20
300,00;Greece;2007;300;Greece;GRC;350,00;Greece 2007;GRC07;201,08;2,64;1,59;1,23
300,00;Greece;2008;300;Greece;GRC;350,00;Greece 2008;GRC08;204,02;2,64;1,69;1,21
300,00;Greece;2009;300;Greece;GRC;350,00;Greece 2009;GRC09;206,32;2,65;1,75;1,20
300,00;Greece;2010;300;Greece;GRC;350,00;Greece 2010;GRC10;195,27;2,60;1,59;1,11
300,00;Greece;2011;300;Greece;GRC;350,00;Greece 2011;GRC11;193,85;2,62;1,52;1,13
300,00;Greece;2012;300;Greece;GRC;350,00;Greece 2012;GRC12;193,05;2,62;1,50;1,13
300,00;Greece;2013;300;Greece;GRC;350,00;Greece 2013;GRC13;192,52;2,63;1,48;1,13
300,00;Greece;2014;300;Greece;GRC;350,00;Greece 2014;GRC14;195,06;2,68;1,48;1,14
300,00;Greece;2015;300;Greece;GRC;350,00;Greece 2015;GRC15;197,99;2,72;1,52;1,14
300,00;Greece;2016;300;Greece;GRC;350,00;Greece 2016;GRC16;199,26;2,73;1,55;1,14
300,00;Greece;2017;300;Greece;GRC;350,00;Greece 2017;GRC17;199,26;2,73;1,56;1,13
300,00;Greece;2018;300;Greece;GRC;350,00;Greece 2018;GRC18;200,90;2,71;1,61;1,14
300,00;Greece;2019;300;Greece;GRC;350,00;Greece 2019;GRC19;198,54;2,67;1,58;1,15
300,00;Greece;2020;300;Greece;GRC;350,00;Greece 2020;GRC20;201,15;2,62;1,70;1,14
300,00;Greece;2021;300;Greece;GRC;350,00;Greece 2021;GRC21;211,12;2,63;1,95;1,15
300,00;Greece;2022;300;Greece;GRC;350,00;Greece 2022;GRC22;215,57;2,72;1,99;1,15
300,00;Greece;2023;300;Greece;GRC;350,00;Greece 2023;GRC23;208,50;2,73;1,76;1,17
320,00;Guatemala;1990;320;Guatemala;GTM;90,00;Guatemala 1990;GTM90;95,49;0,63;1,39;0,34
320,00;Guatemala;1991;320;Guatemala;GTM;90,00;Guatemala 1991;GTM91;80,31;0,61;1,11;0,27
320,00;Guatemala;1992;320;Guatemala;GTM;90,00;Guatemala 1992;GTM92;88,68;0,65;1,23;0,31
320,00;Guatemala;1993;320;Guatemala;GTM;90,00;Guatemala 1993;GTM93;82,95;0,64;1,10;0,31
320,00;Guatemala;1994;320;Guatemala;GTM;90,00;Guatemala 1994;GTM94;78,95;0,61;1,04;0,31
320,00;Guatemala;1995;320;Guatemala;GTM;90,00;Guatemala 1995;GTM95;75,27;0,60;0,97;0,30
320,00;Guatemala;1996;320;Guatemala;GTM;90,00;Guatemala 1996;GTM96;70,63;0,63;0,84;0,28
320,00;Guatemala;1997;320;Guatemala;GTM;90,00;Guatemala 1997;GTM97;64,32;0,62;0,72;0,26
320,00;Guatemala;1998;320;Guatemala;GTM;90,00;Guatemala 1998;GTM98;60,74;0,59;0,71;0,21
320,00;Guatemala;1999;320;Guatemala;GTM;90,00;Guatemala 1999;GTM99;67,23;0,59;0,66;0,61
320,00;Guatemala;2000;320;Guatemala;GTM;90,00;Guatemala 2000;GTM00;75,42;0,55;0,81;0,71
320,00;Guatemala;2001;320;Guatemala;GTM;90,00;Guatemala 2001;GTM01;77,58;0,54;0,89;0,71
320,00;Guatemala;2002;320;Guatemala;GTM;90,00;Guatemala 2002;GTM02;69,90;0,53;0,69;0,70
320,00;Guatemala;2003;320;Guatemala;GTM;90,00;Guatemala 2003;GTM03;70,74;0,52;0,73;0,70
320,00;Guatemala;2004;320;Guatemala;GTM;90,00;Guatemala 2004;GTM04;60,08;0,52;0,47;0,67
320,00;Guatemala;2005;320;Guatemala;GTM;90,00;Guatemala 2005;GTM05;44,48;0,52;0,39;0,21
320,00;Guatemala;2006;320;Guatemala;GTM;90,00;Guatemala 2006;GTM06;44,20;0,51;0,43;0,17
320,00;Guatemala;2007;320;Guatemala;GTM;90,00;Guatemala 2007;GTM07;42,33;0,50;0,40;0,16
320,00;Guatemala;2008;320;Guatemala;GTM;90,00;Guatemala 2008;GTM08;44,35;0,49;0,46;0,16
320,00;Guatemala;2009;320;Guatemala;GTM;90,00;Guatemala 2009;GTM09;49,32;0,48;0,40;0,49
320,00;Guatemala;2010;320;Guatemala;GTM;90,00;Guatemala 2010;GTM10;50,69;0,48;0,44;0,49
320,00;Guatemala;2011;320;Guatemala;GTM;90,00;Guatemala 2011;GTM11;50,29;0,45;0,46;0,49
320,00;Guatemala;2012;320;Guatemala;GTM;90,00;Guatemala 2012;GTM12;53,00;0,44;0,47;0,56
320,00;Guatemala;2013;320;Guatemala;GTM;90,00;Guatemala 2013;GTM13;52,65;0,44;0,47;0,55
320,00;Guatemala;2014;320;Guatemala;GTM;90,00;Guatemala 2014;GTM14;50,37;0,42;0,43;0,55
320,00;Guatemala;2015;320;Guatemala;GTM;90,00;Guatemala 2015;GTM15;39,94;0,43;0,41;0,17
320,00;Guatemala;2016;320;Guatemala;GTM;90,00;Guatemala 2016;GTM16;41,65;0,44;0,44;0,17
320,00;Guatemala;2017;320;Guatemala;GTM;90,00;Guatemala 2017;GTM17;57,74;0,44;0,39;0,77
320,00;Guatemala;2018;320;Guatemala;GTM;90,00;Guatemala 2018;GTM18;55,03;0,44;0,38;0,71
320,00;Guatemala;2019;320;Guatemala;GTM;90,00;Guatemala 2019;GTM19;55,37;0,40;0,43;0,71
320,00;Guatemala;2020;320;Guatemala;GTM;90,00;Guatemala 2020;GTM20;45,04;0,38;0,44;0,44
320,00;Guatemala;2021;320;Guatemala;GTM;90,00;Guatemala 2021;GTM21;43,14;0,38;0,39;0,44
320,00;Guatemala;2022;320;Guatemala;GTM;90,00;Guatemala 2022;GTM22;44,92;0,37;0,45;0,43
320,00;Guatemala;2023;320;Guatemala;GTM;90,00;Guatemala 2023;GTM23;42,60;0,35;0,41;0,43
324,00;Guinea;1991;324;Guinea;GIN;438,00;Guinea 1991;GIN91;108,63;0,80;1,73;0,15
324,00;Guinea;1992;324;Guinea;GIN;438,00;Guinea 1992;GIN92;93,59;0,79;1,38;0,14
324,00;Guinea;1993;324;Guinea;GIN;438,00;Guinea 1993;GIN93;84,08;0,77;1,17;0,14
324,00;Guinea;1994;324;Guinea;GIN;438,00;Guinea 1994;GIN94;94,40;0,75;1,18;0,13
324,00;Guinea;1995;324;Guinea;GIN;438,00;Guinea 1995;GIN95;78,34;0,64;1,17;0,13
324,00;Guinea;1996;324;Guinea;GIN;438,00;Guinea 1996;GIN96;78,91;0,63;1,20;0,13
324,00;Guinea;1997;324;Guinea;GIN;438,00;Guinea 1997;GIN97;73,76;0,62;1,08;0,12
324,00;Guinea;1998;324;Guinea;GIN;438,00;Guinea 1998;GIN98;74,60;0,62;1,11;0,12
324,00;Guinea;1999;324;Guinea;GIN;438,00;Guinea 1999;GIN99;93,04;0,61;1,32;0,12
324,00;Guinea;2000;324;Guinea;GIN;438,00;Guinea 2000;GIN00;101,53;0,60;1,21;0,98
324,00;Guinea;2001;324;Guinea;GIN;438,00;Guinea 2001;GIN01;125,85;0,58;1,89;0,97
324,00;Guinea;2002;324;Guinea;GIN;438,00;Guinea 2002;GIN02;127,37;0,57;1,93;0,97
324,00;Guinea;2003;324;Guinea;GIN;438,00;Guinea 2003;GIN03;115,93;0,56;1,64;0,97
324,00;Guinea;2004;324;Guinea;GIN;438,00;Guinea 2004;GIN04;109,74;0,55;1,55;0,90
324,00;Guinea;2005;324;Guinea;GIN;438,00;Guinea 2005;GIN05;111,71;0,55;1,59;0,91
324,00;Guinea;2006;324;Guinea;GIN;438,00;Guinea 2006;GIN06;112,62;0,54;1,63;0,91
324,00;Guinea;2007;324;Guinea;GIN;438,00;Guinea 2007;GIN07;112,39;0,53;1,64;0,90
324,00;Guinea;2012;324;Guinea;GIN;438,00;Guinea 2012;GIN12;90,29;0,53;1,64;0,06
324,00;Guinea;2013;324;Guinea;GIN;438,00;Guinea 2013;GIN13;94,08;0,55;1,71;0,06
324,00;Guinea;2014;324;Guinea;GIN;438,00;Guinea 2014;GIN14;97,93;0,53;1,57;0,59
324,00;Guinea;2015;324;Guinea;GIN;438,00;Guinea 2015;GIN15;105,94;0,53;1,63;0,74
324,00;Guinea;2016;324;Guinea;GIN;438,00;Guinea 2016;GIN16;95,97;0,52;1,38;0,74
324,00;Guinea;2017;324;Guinea;GIN;438,00;Guinea 2017;GIN17;96,13;0,51;1,39;0,74
324,00;Guinea;2018;324;Guinea;GIN;438,00;Guinea 2018;GIN18;87,86;0,53;1,39;0,49
324,00;Guinea;2019;324;Guinea;GIN;438,00;Guinea 2019;GIN19;80,79;0,52;1,21;0,49
324,00;Guinea;2020;324;Guinea;GIN;438,00;Guinea 2020;GIN20;80,45;0,50;1,22;0,49
324,00;Guinea;2021;324;Guinea;GIN;438,00;Guinea 2021;GIN21;81,54;0,49;1,26;0,49
324,00;Guinea;2022;324;Guinea;GIN;438,00;Guinea 2022;GIN22;93,68;0,49;1,59;0,49
324,00;Guinea;2023;324;Guinea;GIN;438,00;Guinea 2023;GIN23;92,58;0,48;1,57;0,49
328,00;Guyana;1990;328;Guyana;GUY;110,00;Guyana 1990;GUY90;63,02;0,40;0,81;0,36
328,00;Guyana;1991;328;Guyana;GUY;110,00;Guyana 1991;GUY91;52,64;0,40;0,57;0,35
328,00;Guyana;1992;328;Guyana;GUY;110,00;Guyana 1992;GUY92;65,10;0,40;0,85;0,37
328,00;Guyana;1993;328;Guyana;GUY;110,00;Guyana 1993;GUY93;66,46;0,40;0,84;0,41
328,00;Guyana;1994;328;Guyana;GUY;110,00;Guyana 1994;GUY94;59,75;0,40;0,88;0,21
328,00;Guyana;1995;328;Guyana;GUY;110,00;Guyana 1995;GUY95;57,01;0,40;0,82;0,21
328,00;Guyana;1996;328;Guyana;GUY;110,00;Guyana 1996;GUY96;53,35;0,40;0,73;0,20
328,00;Guyana;1997;328;Guyana;GUY;110,00;Guyana 1997;GUY97;53,13;0,40;0,73;0,20
328,00;Guyana;1998;328;Guyana;GUY;110,00;Guyana 1998;GUY98;52,98;0,40;0,72;0,20
328,00;Guyana;1999;328;Guyana;GUY;110,00;Guyana 1999;GUY99;60,38;0,40;0,74;0,20
328,00;Guyana;2000;328;Guyana;GUY;110,00;Guyana 2000;GUY00;95,66;0,40;1,43;0,79
328,00;Guyana;2001;328;Guyana;GUY;110,00;Guyana 2001;GUY01;101,08;0,39;1,58;0,79
328,00;Guyana;2002;328;Guyana;GUY;110,00;Guyana 2002;GUY02;105,51;0,39;1,70;0,79
328,00;Guyana;2003;328;Guyana;GUY;110,00;Guyana 2003;GUY03;103,56;0,39;1,65;0,79
328,00;Guyana;2004;328;Guyana;GUY;110,00;Guyana 2004;GUY04;112,89;0,39;1,90;0,79
328,00;Guyana;2005;328;Guyana;GUY;110,00;Guyana 2005;GUY05;83,96;0,39;1,18;0,73
328,00;Guyana;2006;328;Guyana;GUY;110,00;Guyana 2006;GUY06;53,90;0,40;0,77;0,18
328,00;Guyana;2007;328;Guyana;GUY;110,00;Guyana 2007;GUY07;56,72;0,40;0,84;0,18
328,00;Guyana;2008;328;Guyana;GUY;110,00;Guyana 2008;GUY08;59,60;0,40;0,91;0,18
328,00;Guyana;2009;328;Guyana;GUY;110,00;Guyana 2009;GUY09;80,37;0,40;0,88;0,93
328,00;Guyana;2010;328;Guyana;GUY;110,00;Guyana 2010;GUY10;68,49;0,40;0,84;0,65
328,00;Guyana;2011;328;Guyana;GUY;110,00;Guyana 2011;GUY11;67,92;0,40;0,82;0,65
328,00;Guyana;2012;328;Guyana;GUY;110,00;Guyana 2012;GUY12;57,00;0,40;0,80;0,38
328,00;Guyana;2013;328;Guyana;GUY;110,00;Guyana 2013;GUY13;57,30;0,40;0,81;0,38
328,00;Guyana;2014;328;Guyana;GUY;110,00;Guyana 2014;GUY14;59,93;0,40;0,88;0,38
328,00;Guyana;2015;328;Guyana;GUY;110,00;Guyana 2015;GUY15;77,38;0,40;0,97;0,76
328,00;Guyana;2016;328;Guyana;GUY;110,00;Guyana 2016;GUY16;65,92;0,40;1,01;0,23
328,00;Guyana;2017;328;Guyana;GUY;110,00;Guyana 2017;GUY17;67,82;0,39;1,06;0,23
328,00;Guyana;2018;328;Guyana;GUY;110,00;Guyana 2018;GUY18;72,26;0,38;1,06;0,54
328,00;Guyana;2019;328;Guyana;GUY;110,00;Guyana 2019;GUY19;72,13;0,38;1,07;0,54
328,00;Guyana;2020;328;Guyana;GUY;110,00;Guyana 2020;GUY20;75,29;0,38;1,11;0,59
328,00;Guyana;2021;328;Guyana;GUY;110,00;Guyana 2021;GUY21;65,56;0,38;0,85;0,58
328,00;Guyana;2022;328;Guyana;GUY;110,00;Guyana 2022;GUY22;55,80;0,38;0,59;0,58
328,00;Guyana;2023;328;Guyana;GUY;110,00;Guyana 2023;GUY23;55,24;0,37;0,58;0,58
332,00;Haiti;1990;332;Haiti;HTI;41,00;Haiti 1990;HTI90;10,32;0,13;0,10;0,05
332,00;Haiti;1991;332;Haiti;HTI;41,00;Haiti 1991;HTI91;10,61;0,13;0,11;0,05
332,00;Haiti;1992;332;Haiti;HTI;41,00;Haiti 1992;HTI92;11,49;0,14;0,12;0,05
332,00;Haiti;1993;332;Haiti;HTI;41,00;Haiti 1993;HTI93;10,59;0,14;0,10;0,05
332,00;Haiti;1994;332;Haiti;HTI;41,00;Haiti 1994;HTI94;11,99;0,16;0,08;0,05
332,00;Haiti;1995;332;Haiti;HTI;41,00;Haiti 1995;HTI95;6,93;0,11;0,09;0,00
332,00;Haiti;1996;332;Haiti;HTI;41,00;Haiti 1996;HTI96;2,24;0,00;0,09;0,00
332,00;Haiti;1997;332;Haiti;HTI;41,00;Haiti 1997;HTI97;2,26;0,00;0,09;0,00
332,00;Haiti;1998;332;Haiti;HTI;41,00;Haiti 1998;HTI98;2,04;0,00;0,09;0,00
332,00;Haiti;2013;332;Haiti;HTI;41,00;Haiti 2013;HTI13;0,00;0,00;0,04;0,01
332,00;Haiti;2014;332;Haiti;HTI;41,00;Haiti 2014;HTI14;0,50;0,00;0,04;0,01
332,00;Haiti;2015;332;Haiti;HTI;41,00;Haiti 2015;HTI15;1,40;0,00;0,05;0,03
332,00;Haiti;2016;332;Haiti;HTI;41,00;Haiti 2016;HTI16;1,81;0,00;0,06;0,03
332,00;Haiti;2017;332;Haiti;HTI;41,00;Haiti 2017;HTI17;2,38;0,00;0,05;0,05
332,00;Haiti;2018;332;Haiti;HTI;41,00;Haiti 2018;HTI18;1,90;0,00;0,07;0,02
332,00;Haiti;2019;332;Haiti;HTI;41,00;Haiti 2019;HTI19;4,24;0,00;0,10;0,05
332,00;Haiti;2020;332;Haiti;HTI;41,00;Haiti 2020;HTI20;5,15;0,00;0,13;0,05
332,00;Haiti;2021;332;Haiti;HTI;41,00;Haiti 2021;HTI21;7,26;0,00;0,19;0,05
332,00;Haiti;2022;332;Haiti;HTI;41,00;Haiti 2022;HTI22;4,18;0,00;0,09;0,07
332,00;Haiti;2023;332;Haiti;HTI;41,00;Haiti 2023;HTI23;3,51;0,00;0,07;0,07
340,00;Honduras;1990;340;Honduras;HND;91,00;Honduras 1990;HND90;106,26;0,69;1,61;0,32
340,00;Honduras;1991;340;Honduras;HND;91,00;Honduras 1991;HND91;90,15;0,67;1,25;0,30
340,00;Honduras;1992;340;Honduras;HND;91,00;Honduras 1992;HND92;88,88;0,67;1,24;0,29
340,00;Honduras;1993;340;Honduras;HND;91,00;Honduras 1993;HND93;88,29;0,90;1,00;0,28
340,00;Honduras;1994;340;Honduras;HND;91,00;Honduras 1994;HND94;87,03;0,89;0,99;0,28
340,00;Honduras;1995;340;Honduras;HND;91,00;Honduras 1995;HND95;88,06;0,92;0,97;0,29
340,00;Honduras;1996;340;Honduras;HND;91,00;Honduras 1996;HND96;73,97;0,58;0,98;0,28
340,00;Honduras;2000;340;Honduras;HND;91,00;Honduras 2000;HND00;66,57;0,58;0,67;0,59
340,00;Honduras;2001;340;Honduras;HND;91,00;Honduras 2001;HND01;68,49;0,57;0,74;0,59
340,00;Honduras;2002;340;Honduras;HND;91,00;Honduras 2002;HND02;67,42;0,56;0,72;0,58
340,00;Honduras;2003;340;Honduras;HND;91,00;Honduras 2003;HND03;69,95;0,40;0,84;0,69
340,00;Honduras;2004;340;Honduras;HND;91,00;Honduras 2004;HND04;61,57;0,39;0,62;0,69
340,00;Honduras;2005;340;Honduras;HND;91,00;Honduras 2005;HND05;62,43;0,39;0,59;0,75
340,00;Honduras;2006;340;Honduras;HND;91,00;Honduras 2006;HND06;63,27;0,38;0,62;0,75
340,00;Honduras;2007;340;Honduras;HND;91,00;Honduras 2007;HND07;64,60;0,36;0,68;0,74
340,00;Honduras;2008;340;Honduras;HND;91,00;Honduras 2008;HND08;68,35;0,36;0,79;0,74
340,00;Honduras;2009;340;Honduras;HND;91,00;Honduras 2009;HND09;70,56;0,35;0,86;0,74
340,00;Honduras;2010;340;Honduras;HND;91,00;Honduras 2010;HND10;71,07;0,34;0,86;0,75
340,00;Honduras;2011;340;Honduras;HND;91,00;Honduras 2011;HND11;72,47;0,35;0,89;0,75
340,00;Honduras;2012;340;Honduras;HND;91,00;Honduras 2012;HND12;71,87;0,34;0,89;0,75
340,00;Honduras;2013;340;Honduras;HND;91,00;Honduras 2013;HND13;76,70;0,33;1,03;0,74
340,00;Honduras;2014;340;Honduras;HND;91,00;Honduras 2014;HND14;72,92;0,33;0,94;0,74
340,00;Honduras;2015;340;Honduras;HND;91,00;Honduras 2015;HND15;75,31;0,32;1,03;0,72
340,00;Honduras;2016;340;Honduras;HND;91,00;Honduras 2016;HND16;71,75;0,32;1,12;0,53
340,00;Honduras;2017;340;Honduras;HND;91,00;Honduras 2017;HND17;80,83;0,32;1,17;0,74
340,00;Honduras;2018;340;Honduras;HND;91,00;Honduras 2018;HND18;78,50;0,31;1,11;0,74
340,00;Honduras;2019;340;Honduras;HND;91,00;Honduras 2019;HND19;79,61;0,31;1,15;0,73
340,00;Honduras;2020;340;Honduras;HND;91,00;Honduras 2020;HND20;71,52;0,30;1,06;0,61
340,00;Honduras;2021;340;Honduras;HND;91,00;Honduras 2021;HND21;72,03;0,30;1,08;0,61
340,00;Honduras;2022;340;Honduras;HND;91,00;Honduras 2022;HND22;71,44;0,30;1,06;0,61
340,00;Honduras;2023;340;Honduras;HND;91,00;Honduras 2023;HND23;73,31;0,30;1,12;0,61
348,00;Hungary;1990;348;Hungary;HUN;310,00;Hungary 1990;HUN90;195,21;2,62;1,59;1,09
348,00;Hungary;1991;348;Hungary;HUN;310,00;Hungary 1991;HUN91;184,02;2,54;1,43;1,04
348,00;Hungary;1992;348;Hungary;HUN;310,00;Hungary 1992;HUN92;182,64;2,52;1,44;1,02
348,00;Hungary;1993;348;Hungary;HUN;310,00;Hungary 1993;HUN93;175,59;2,49;1,32;0,97
348,00;Hungary;1994;348;Hungary;HUN;310,00;Hungary 1994;HUN94;169,39;2,49;1,28;0,84
348,00;Hungary;1995;348;Hungary;HUN;310,00;Hungary 1995;HUN95;154,12;2,38;1,02;0,79
348,00;Hungary;1996;348;Hungary;HUN;310,00;Hungary 1996;HUN96;152,85;2,34;0,99;0,83
348,00;Hungary;1997;348;Hungary;HUN;310,00;Hungary 1997;HUN97;152,29;2,31;1,11;0,73
348,00;Hungary;1998;348;Hungary;HUN;310,00;Hungary 1998;HUN98;139,92;2,20;1,00;0,62
348,00;Hungary;1999;348;Hungary;HUN;310,00;Hungary 1999;HUN99;143,33;2,21;1,08;0,62
348,00;Hungary;2000;348;Hungary;HUN;310,00;Hungary 2000;HUN00;145,45;2,19;1,13;0,65
348,00;Hungary;2001;348;Hungary;HUN;310,00;Hungary 2001;HUN01;142,40;2,17;1,16;0,55
348,00;Hungary;2002;348;Hungary;HUN;310,00;Hungary 2002;HUN02;141,75;2,16;1,17;0,54
348,00;Hungary;2003;348;Hungary;HUN;310,00;Hungary 2003;HUN03;141,95;2,17;1,17;0,53
348,00;Hungary;2004;348;Hungary;HUN;310,00;Hungary 2004;HUN04;135,50;2,13;1,09;0,47
348,00;Hungary;2005;348;Hungary;HUN;310,00;Hungary 2005;HUN05;125,57;1,87;1,06;0,50
348,00;Hungary;2006;348;Hungary;HUN;310,00;Hungary 2006;HUN06;121,45;1,87;0,96;0,49
348,00;Hungary;2007;348;Hungary;HUN;310,00;Hungary 2007;HUN07;123,38;1,88;0,99;0,50
348,00;Hungary;2008;348;Hungary;HUN;310,00;Hungary 2008;HUN08;98,97;1,34;0,94;0,42
348,00;Hungary;2009;348;Hungary;HUN;310,00;Hungary 2009;HUN09;93,68;1,19;0,91;0,47
348,00;Hungary;2010;348;Hungary;HUN;310,00;Hungary 2010;HUN10;93,31;1,24;0,84;0,48
348,00;Hungary;2011;348;Hungary;HUN;310,00;Hungary 2011;HUN11;91,30;1,24;0,85;0,41
348,00;Hungary;2012;348;Hungary;HUN;310,00;Hungary 2012;HUN12;92,30;1,24;0,85;0,44
348,00;Hungary;2013;348;Hungary;HUN;310,00;Hungary 2013;HUN13;90,34;1,25;0,80;0,44
348,00;Hungary;2014;348;Hungary;HUN;310,00;Hungary 2014;HUN14;88,26;1,25;0,74;0,43
348,00;Hungary;2015;348;Hungary;HUN;310,00;Hungary 2015;HUN15;89,93;1,25;0,78;0,44
348,00;Hungary;2016;348;Hungary;HUN;310,00;Hungary 2016;HUN16;92,08;1,25;0,84;0,44
348,00;Hungary;2017;348;Hungary;HUN;310,00;Hungary 2017;HUN17;96,86;1,25;0,96;0,45
348,00;Hungary;2018;348;Hungary;HUN;310,00;Hungary 2018;HUN18;93,59;1,29;0,85;0,43
348,00;Hungary;2019;348;Hungary;HUN;310,00;Hungary 2019;HUN19;100,90;1,29;1,05;0,42
348,00;Hungary;2020;348;Hungary;HUN;310,00;Hungary 2020;HUN20;108,81;1,30;1,24;0,44
348,00;Hungary;2021;348;Hungary;HUN;310,00;Hungary 2021;HUN21;102,85;1,31;1,02;0,49
348,00;Hungary;2022;348;Hungary;HUN;310,00;Hungary 2022;HUN22;107,30;1,29;1,28;0,36
348,00;Hungary;2023;348;Hungary;HUN;310,00;Hungary 2023;HUN23;112,08;1,29;1,40;0,37
356,00;India;1990;356;India;IND;750,00;India 1990;IND90;103,21;0,44;1,99;0,11
356,00;India;1991;356;India;IND;750,00;India 1991;IND91;98,65;0,42;1,90;0,38
356,00;India;1992;356;India;IND;750,00;India 1992;IND92;97,88;0,45;1,81;0,43
356,00;India;1993;356;India;IND;750,00;India 1993;IND93;98,94;0,43;1,85;0,42
356,00;India;1994;356;India;IND;750,00;India 1994;IND94;93,03;0,42;1,79;0,35
356,00;India;1995;356;India;IND;750,00;India 1995;IND95;93,96;0,42;1,75;0,41
356,00;India;1996;356;India;IND;750,00;India 1996;IND96;92,83;0,42;1,71;0,41
356,00;India;1997;356;India;IND;750,00;India 1997;IND97;94,03;0,44;1,76;0,12
356,00;India;1998;356;India;IND;750,00;India 1998;IND98;95,15;0,44;1,79;0,12
356,00;India;1999;356;India;IND;750,00;India 1999;IND99;99,45;0,44;1,90;0,12
356,00;India;2000;356;India;IND;750,00;India 2000;IND00;99,18;0,43;1,90;0,12
356,00;India;2001;356;India;IND;750,00;India 2001;IND01;97,66;0,43;1,87;0,12
356,00;India;2002;356;India;IND;750,00;India 2002;IND02;96,78;0,44;1,83;0,12
356,00;India;2003;356;India;IND;750,00;India 2003;IND03;95,02;0,44;1,79;0,11
356,00;India;2004;356;India;IND;750,00;India 2004;IND04;97,35;0,43;1,85;0,11
356,00;India;2005;356;India;IND;750,00;India 2005;IND05;102,37;0,50;1,90;0,12
356,00;India;2006;356;India;IND;750,00;India 2006;IND06;97,43;0,46;1,82;0,12
356,00;India;2007;356;India;IND;750,00;India 2007;IND07;95,04;0,48;1,75;0,12
356,00;India;2008;356;India;IND;750,00;India 2008;IND08;97,28;0,47;1,82;0,11
356,00;India;2009;356;India;IND;750,00;India 2009;IND09;104,56;0,44;2,02;0,11
356,00;India;2010;356;India;IND;750,00;India 2010;IND10;101,59;0,44;1,95;0,11
356,00;India;2011;356;India;IND;750,00;India 2011;IND11;97,56;0,42;1,88;0,11
356,00;India;2012;356;India;IND;750,00;India 2012;IND12;94,92;0,40;1,83;0,11
356,00;India;2013;356;India;IND;750,00;India 2013;IND13;91,40;0,39;1,76;0,11
356,00;India;2014;356;India;IND;750,00;India 2014;IND14;91,67;0,38;1,77;0,11
356,00;India;2015;356;India;IND;750,00;India 2015;IND15;90,72;0,40;1,73;0,11
356,00;India;2016;356;India;IND;750,00;India 2016;IND16;93,70;0,42;1,78;0,11
356,00;India;2017;356;India;IND;750,00;India 2017;IND17;96,20;0,42;1,84;0,12
356,00;India;2018;356;India;IND;750,00;India 2018;IND18;100,22;0,45;1,80;0,50
356,00;India;2019;356;India;IND;750,00;India 2019;IND19;101,68;0,44;1,84;0,50
356,00;India;2020;356;India;IND;750,00;India 2020;IND20;103,41;0,44;1,91;0,48
356,00;India;2021;356;India;IND;750,00;India 2021;IND21;98,56;0,44;1,77;0,48
356,00;India;2022;356;India;IND;750,00;India 2022;IND22;96,59;0,44;1,72;0,48
356,00;India;2023;356;India;IND;750,00;India 2023;IND23;97,92;0,44;1,76;0,48
360,00;Indonesia;1990;360;Indonesia;IDN;850,00;Indonesia 1990;IDN90;76,07;0,33;1,44;0,11
360,00;Indonesia;1991;360;Indonesia;IDN;850,00;Indonesia 1991;IDN91;74,80;0,36;1,37;0,12
360,00;Indonesia;1992;360;Indonesia;IDN;850,00;Indonesia 1992;IDN92;75,93;0,38;1,38;0,12
360,00;Indonesia;1993;360;Indonesia;IDN;850,00;Indonesia 1993;IDN93;102,79;0,42;1,27;1,13
360,00;Indonesia;1994;360;Indonesia;IDN;850,00;Indonesia 1994;IDN94;102,78;0,41;1,29;1,11
360,00;Indonesia;1995;360;Indonesia;IDN;850,00;Indonesia 1995;IDN95;100,45;0,40;1,24;1,11
360,00;Indonesia;1996;360;Indonesia;IDN;850,00;Indonesia 1996;IDN96;101,53;0,38;1,27;1,14
360,00;Indonesia;1997;360;Indonesia;IDN;850,00;Indonesia 1997;IDN97;109,92;0,33;1,44;1,24
360,00;Indonesia;1998;360;Indonesia;IDN;850,00;Indonesia 1998;IDN98;95,58;0,30;1,07;1,25
360,00;Indonesia;1999;360;Indonesia;IDN;850,00;Indonesia 1999;IDN99;52,56;0,30;0,88;0,13
360,00;Indonesia;2000;360;Indonesia;IDN;850,00;Indonesia 2000;IDN00;48,97;0,29;0,81;0,13
360,00;Indonesia;2001;360;Indonesia;IDN;850,00;Indonesia 2001;IDN01;43,39;0,29;0,67;0,13
360,00;Indonesia;2002;360;Indonesia;IDN;850,00;Indonesia 2002;IDN02;48,56;0,28;0,81;0,12
360,00;Indonesia;2003;360;Indonesia;IDN;850,00;Indonesia 2003;IDN03;77,48;0,29;0,96;0,88
360,00;Indonesia;2004;360;Indonesia;IDN;850,00;Indonesia 2004;IDN04;81,59;0,30;1,00;0,94
360,00;Indonesia;2005;360;Indonesia;IDN;850,00;Indonesia 2005;IDN05;74,06;0,30;0,80;0,94
360,00;Indonesia;2006;360;Indonesia;IDN;850,00;Indonesia 2006;IDN06;70,75;0,30;0,72;0,94
360,00;Indonesia;2007;360;Indonesia;IDN;850,00;Indonesia 2007;IDN07;71,74;0,29;0,75;0,93
360,00;Indonesia;2008;360;Indonesia;IDN;850,00;Indonesia 2008;IDN08;67,81;0,29;0,65;0,93
360,00;Indonesia;2009;360;Indonesia;IDN;850,00;Indonesia 2009;IDN09;65,76;0,29;0,64;0,89
360,00;Indonesia;2010;360;Indonesia;IDN;850,00;Indonesia 2010;IDN10;66,90;0,28;0,67;0,90
360,00;Indonesia;2011;360;Indonesia;IDN;850,00;Indonesia 2011;IDN11;67,52;0,28;0,69;0,89
360,00;Indonesia;2012;360;Indonesia;IDN;850,00;Indonesia 2012;IDN12;69,14;0,31;0,74;0,85
360,00;Indonesia;2013;360;Indonesia;IDN;850,00;Indonesia 2013;IDN13;75,48;0,31;0,91;0,85
360,00;Indonesia;2014;360;Indonesia;IDN;850,00;Indonesia 2014;IDN14;71,59;0,33;0,80;0,85
360,00;Indonesia;2015;360;Indonesia;IDN;850,00;Indonesia 2015;IDN15;71,64;0,33;0,88;0,76
360,00;Indonesia;2016;360;Indonesia;IDN;850,00;Indonesia 2016;IDN16;69,19;0,34;0,80;0,76
360,00;Indonesia;2017;360;Indonesia;IDN;850,00;Indonesia 2017;IDN17;68,47;0,34;0,87;0,68
360,00;Indonesia;2018;360;Indonesia;IDN;850,00;Indonesia 2018;IDN18;64,14;0,37;0,75;0,65
360,00;Indonesia;2019;360;Indonesia;IDN;850,00;Indonesia 2019;IDN19;64,53;0,40;0,76;0,62
360,00;Indonesia;2020;360;Indonesia;IDN;850,00;Indonesia 2020;IDN20;65,69;0,40;0,86;0,56
360,00;Indonesia;2021;360;Indonesia;IDN;850,00;Indonesia 2021;IDN21;60,00;0,40;0,73;0,53
360,00;Indonesia;2022;360;Indonesia;IDN;850,00;Indonesia 2022;IDN22;60,80;0,40;0,75;0,53
360,00;Indonesia;2023;360;Indonesia;IDN;850,00;Indonesia 2023;IDN23;58,57;0,40;0,68;0,54
364,00;Iran (Islamic Republic of);1990;364;Iran;IRN;630,00;Iran 1990;IRN90;153,58;1,15;2,07;0,55
364,00;Iran (Islamic Republic of);1991;364;Iran;IRN;630,00;Iran 1991;IRN91;141,26;1,25;1,68;0,54
364,00;Iran (Islamic Republic of);1992;364;Iran;IRN;630,00;Iran 1992;IRN92;133,67;1,30;1,46;0,52
364,00;Iran (Islamic Republic of);1993;364;Iran;IRN;630,00;Iran 1993;IRN93;132,01;1,37;1,39;0,47
364,00;Iran (Islamic Republic of);1994;364;Iran;IRN;630,00;Iran 1994;IRN94;145,90;1,50;1,57;0,51
364,00;Iran (Islamic Republic of);1995;364;Iran;IRN;630,00;Iran 1995;IRN95;150,08;1,60;1,58;0,50
364,00;Iran (Islamic Republic of);1996;364;Iran;IRN;630,00;Iran 1996;IRN96;155,07;1,59;1,63;0,58
364,00;Iran (Islamic Republic of);1997;364;Iran;IRN;630,00;Iran 1997;IRN97;157,68;1,58;1,72;0,57
364,00;Iran (Islamic Republic of);1998;364;Iran;IRN;630,00;Iran 1998;IRN98;154,69;1,56;1,74;0,49
364,00;Iran (Islamic Republic of);1999;364;Iran;IRN;630,00;Iran 1999;IRN99;150,08;1,54;1,65;0,49
364,00;Iran (Islamic Republic of);2000;364;Iran;IRN;630,00;Iran 2000;IRN00;143,16;1,48;1,58;0,46
364,00;Iran (Islamic Republic of);2001;364;Iran;IRN;630,00;Iran 2001;IRN01;147,17;1,55;1,61;0,45
364,00;Iran (Islamic Republic of);2002;364;Iran;IRN;630,00;Iran 2002;IRN02;143,69;1,54;1,53;0,45
364,00;Iran (Islamic Republic of);2003;364;Iran;IRN;630,00;Iran 2003;IRN03;147,63;1,55;1,61;0,46
364,00;Iran (Islamic Republic of);2004;364;Iran;IRN;630,00;Iran 2004;IRN04;163,04;1,59;1,77;1,07
364,00;Iran (Islamic Republic of);2005;364;Iran;IRN;630,00;Iran 2005;IRN05;159,31;1,58;1,84;0,92
364,00;Iran (Islamic Republic of);2006;364;Iran;IRN;630,00;Iran 2006;IRN06;172,51;1,57;1,94;1,18
364,00;Iran (Islamic Republic of);2007;364;Iran;IRN;630,00;Iran 2007;IRN07;163,61;1,56;1,72;1,17
364,00;Iran (Islamic Republic of);2008;364;Iran;IRN;630,00;Iran 2008;IRN08;162,34;1,55;1,72;1,14
364,00;Iran (Islamic Republic of);2009;364;Iran;IRN;630,00;Iran 2009;IRN09;164,77;1,55;1,80;1,14
364,00;Iran (Islamic Republic of);2010;364;Iran;IRN;630,00;Iran 2010;IRN10;160,62;1,54;1,70;1,13
364,00;Iran (Islamic Republic of);2011;364;Iran;IRN;630,00;Iran 2011;IRN11;156,76;1,59;1,55;1,13
364,00;Iran (Islamic Republic of);2012;364;Iran;IRN;630,00;Iran 2012;IRN12;148,75;1,58;1,67;0,40
364,00;Iran (Islamic Republic of);2013;364;Iran;IRN;630,00;Iran 2013;IRN13;140,67;1,57;1,49;0,39
364,00;Iran (Islamic Republic of);2014;364;Iran;IRN;630,00;Iran 2014;IRN14;140,80;1,56;1,43;0,85
364,00;Iran (Islamic Republic of);2015;364;Iran;IRN;630,00;Iran 2015;IRN15;147,34;1,55;1,57;0,89
364,00;Iran (Islamic Republic of);2016;364;Iran;IRN;630,00;Iran 2016;IRN16;148,94;1,52;1,65;0,89
364,00;Iran (Islamic Republic of);2017;364;Iran;IRN;630,00;Iran 2017;IRN17;149,16;1,52;1,67;0,88
364,00;Iran (Islamic Republic of);2018;364;Iran;IRN;630,00;Iran 2018;IRN18;137,50;1,51;1,44;0,80
364,00;Iran (Islamic Republic of);2019;364;Iran;IRN;630,00;Iran 2019;IRN19;139,56;1,50;1,43;0,88
364,00;Iran (Islamic Republic of);2020;364;Iran;IRN;630,00;Iran 2020;IRN20;141,42;1,50;1,49;0,87
364,00;Iran (Islamic Republic of);2021;364;Iran;IRN;630,00;Iran 2021;IRN21;141,35;1,49;1,49;0,87
364,00;Iran (Islamic Republic of);2022;364;Iran;IRN;630,00;Iran 2022;IRN22;139,40;1,49;1,45;0,87
364,00;Iran (Islamic Republic of);2023;364;Iran;IRN;630,00;Iran 2023;IRN23;138,18;1,48;1,43;0,86
368,00;Iraq;2004;368;Iraq;IRQ;645,00;Iraq 2004;IRQ04;91,81;0,00;1,33;0,94
368,00;Iraq;2005;368;Iraq;IRQ;645,00;Iraq 2005;IRQ05;81,07;0,00;1,69;0,31
368,00;Iraq;2006;368;Iraq;IRQ;645,00;Iraq 2006;IRQ06;79,80;0,00;1,58;0,39
368,00;Iraq;2007;368;Iraq;IRQ;645,00;Iraq 2007;IRQ07;128,01;0,62;1,67;0,85
368,00;Iraq;2008;368;Iraq;IRQ;645,00;Iraq 2008;IRQ08;162,30;1,25;1,75;0,97
368,00;Iraq;2009;368;Iraq;IRQ;645,00;Iraq 2009;IRQ09;173,06;1,40;1,90;0,94
368,00;Iraq;2010;368;Iraq;IRQ;645,00;Iraq 2010;IRQ10;159,66;1,39;1,88;1,07
368,00;Iraq;2011;368;Iraq;IRQ;645,00;Iraq 2011;IRQ11;166,85;1,67;1,75;1,12
368,00;Iraq;2012;368;Iraq;IRQ;645,00;Iraq 2012;IRQ12;158,04;1,64;1,56;1,11
368,00;Iraq;2013;368;Iraq;IRQ;645,00;Iraq 2013;IRQ13;184,98;1,76;2,18;1,09
368,00;Iraq;2014;368;Iraq;IRQ;645,00;Iraq 2014;IRQ14;164,88;1,74;2,04;0,71
368,00;Iraq;2015;368;Iraq;IRQ;645,00;Iraq 2015;IRQ15;186,73;1,52;2,78;0,78
368,00;Iraq;2016;368;Iraq;IRQ;645,00;Iraq 2016;IRQ16;158,25;1,44;2,07;0,81
368,00;Iraq;2017;368;Iraq;IRQ;645,00;Iraq 2017;IRQ17;162,88;1,42;2,21;0,80
368,00;Iraq;2018;368;Iraq;IRQ;645,00;Iraq 2018;IRQ18;149,84;1,43;1,82;0,82
368,00;Iraq;2019;368;Iraq;IRQ;645,00;Iraq 2019;IRQ19;162,15;1,32;2,00;1,09
368,00;Iraq;2020;368;Iraq;IRQ;645,00;Iraq 2020;IRQ20;154,70;1,39;1,83;1,00
368,00;Iraq;2021;368;Iraq;IRQ;645,00;Iraq 2021;IRQ21;151,70;1,38;1,56;1,19
368,00;Iraq;2022;368;Iraq;IRQ;645,00;Iraq 2022;IRQ22;139,97;1,31;1,33;1,18
368,00;Iraq;2023;368;Iraq;IRQ;645,00;Iraq 2023;IRQ23;148,64;1,43;1,45;1,17
372,00;Ireland;1990;372;Ireland;IRL;205,00;Ireland 1990;IRL90;90,78;0,99;0,96;0,54
372,00;Ireland;1991;372;Ireland;IRL;205,00;Ireland 1991;IRL91;91,03;0,99;0,99;0,52
372,00;Ireland;1992;372;Ireland;IRL;205,00;Ireland 1992;IRL92;90,48;1,03;0,96;0,49
372,00;Ireland;1993;372;Ireland;IRL;205,00;Ireland 1993;IRL93;88,92;1,03;0,93;0,49
372,00;Ireland;1994;372;Ireland;IRL;205,00;Ireland 1994;IRL94;88,30;1,03;0,91;0,49
372,00;Ireland;1995;372;Ireland;IRL;205,00;Ireland 1995;IRL95;86,55;1,05;0,85;0,47
372,00;Ireland;1996;372;Ireland;IRL;205,00;Ireland 1996;IRL96;82,52;0,96;0,84;0,46
372,00;Ireland;1997;372;Ireland;IRL;205,00;Ireland 1997;IRL97;79,60;0,93;0,80;0,46
372,00;Ireland;1998;372;Ireland;IRL;205,00;Ireland 1998;IRL98;74,57;0,90;0,74;0,42
372,00;Ireland;1999;372;Ireland;IRL;205,00;Ireland 1999;IRL99;73,90;0,94;0,69;0,41
372,00;Ireland;2000;372;Ireland;IRL;205,00;Ireland 2000;IRL00;72,26;0,94;0,65;0,41
372,00;Ireland;2001;372;Ireland;IRL;205,00;Ireland 2001;IRL01;70,07;0,92;0,64;0,36
372,00;Ireland;2002;372;Ireland;IRL;205,00;Ireland 2002;IRL02;60,84;0,74;0,59;0,36
372,00;Ireland;2003;372;Ireland;IRL;205,00;Ireland 2003;IRL03;59,25;0,75;0,55;0,34
372,00;Ireland;2004;372;Ireland;IRL;205,00;Ireland 2004;IRL04;57,83;0,74;0,53;0,33
372,00;Ireland;2005;372;Ireland;IRL;205,00;Ireland 2005;IRL05;55,62;0,74;0,51;0,29
372,00;Ireland;2006;372;Ireland;IRL;205,00;Ireland 2006;IRL06;58,29;0,84;0,49;0,28
372,00;Ireland;2007;372;Ireland;IRL;205,00;Ireland 2007;IRL07;59,13;0,89;0,48;0,26
372,00;Ireland;2008;372;Ireland;IRL;205,00;Ireland 2008;IRL08;60,51;0,88;0,53;0,26
372,00;Ireland;2009;372;Ireland;IRL;205,00;Ireland 2009;IRL09;58,20;0,81;0,54;0,26
372,00;Ireland;2010;372;Ireland;IRL;205,00;Ireland 2010;IRL10;57,23;0,81;0,52;0,26
372,00;Ireland;2011;372;Ireland;IRL;205,00;Ireland 2011;IRL11;55,65;0,81;0,50;0,24
372,00;Ireland;2012;372;Ireland;IRL;205,00;Ireland 2012;IRL12;53,65;0,81;0,47;0,21
372,00;Ireland;2013;372;Ireland;IRL;205,00;Ireland 2013;IRL13;57,70;0,92;0,47;0,22
372,00;Ireland;2014;372;Ireland;IRL;205,00;Ireland 2014;IRL14;57,34;0,91;0,44;0,24
372,00;Ireland;2015;372;Ireland;IRL;205,00;Ireland 2015;IRL15;53,29;0,91;0,34;0,23
372,00;Ireland;2016;372;Ireland;IRL;205,00;Ireland 2016;IRL16;52,43;0,89;0,34;0,22
372,00;Ireland;2017;372;Ireland;IRL;205,00;Ireland 2017;IRL17;51,13;0,89;0,31;0,22
372,00;Ireland;2018;372;Ireland;IRL;205,00;Ireland 2018;IRL18;49,77;0,86;0,30;0,23
372,00;Ireland;2019;372;Ireland;IRL;205,00;Ireland 2019;IRL19;48,44;0,85;0,29;0,21
372,00;Ireland;2020;372;Ireland;IRL;205,00;Ireland 2020;IRL20;47,66;0,85;0,28;0,20
372,00;Ireland;2021;372;Ireland;IRL;205,00;Ireland 2021;IRL21;45,99;0,84;0,26;0,18
372,00;Ireland;2022;372;Ireland;IRL;205,00;Ireland 2022;IRL22;44,46;0,83;0,24;0,17
372,00;Ireland;2023;372;Ireland;IRL;205,00;Ireland 2023;IRL23;43,51;0,82;0,23;0,16
376,00;Israel;1990;376;Israel;ISR;666,00;Israel 1990;ISR90;386,84;4,00;3,52;2,96
376,00;Israel;1991;376;Israel;ISR;666,00;Israel 1991;ISR91;393,56;3,98;3,87;2,80
376,00;Israel;1992;376;Israel;ISR;666,00;Israel 1992;ISR92;374,25;3,83;3,34;2,97
376,00;Israel;1993;376;Israel;ISR;666,00;Israel 1993;ISR93;377,17;3,88;3,42;2,91
376,00;Israel;1994;376;Israel;ISR;666,00;Israel 1994;ISR94;365,32;3,85;3,23;2,80
376,00;Israel;1995;376;Israel;ISR;666,00;Israel 1995;ISR95;350,61;3,85;2,90;2,74
376,00;Israel;1996;376;Israel;ISR;666,00;Israel 1996;ISR96;347,20;3,83;2,86;2,71
376,00;Israel;1997;376;Israel;ISR;666,00;Israel 1997;ISR97;342,36;3,81;2,81;2,65
376,00;Israel;1998;376;Israel;ISR;666,00;Israel 1998;ISR98;337,12;3,81;2,73;2,60
376,00;Israel;1999;376;Israel;ISR;666,00;Israel 1999;ISR99;330,51;3,78;2,65;2,53
376,00;Israel;2000;376;Israel;ISR;666,00;Israel 2000;ISR00;327,62;3,76;2,64;2,48
376,00;Israel;2001;376;Israel;ISR;666,00;Israel 2001;ISR01;323,03;3,74;2,66;2,35
376,00;Israel;2002;376;Israel;ISR;666,00;Israel 2002;ISR02;321,73;3,74;2,68;2,29
376,00;Israel;2003;376;Israel;ISR;666,00;Israel 2003;ISR03;320,74;3,79;2,66;2,24
376,00;Israel;2004;376;Israel;ISR;666,00;Israel 2004;ISR04;320,46;3,78;2,64;2,26
376,00;Israel;2005;376;Israel;ISR;666,00;Israel 2005;ISR05;315,19;3,69;2,61;2,24
376,00;Israel;2006;376;Israel;ISR;666,00;Israel 2006;ISR06;312,24;3,68;2,58;2,20
376,00;Israel;2007;376;Israel;ISR;666,00;Israel 2007;ISR07;321,27;3,66;2,65;2,40
376,00;Israel;2008;376;Israel;ISR;666,00;Israel 2008;ISR08;319,45;3,65;2,64;2,36
376,00;Israel;2009;376;Israel;ISR;666,00;Israel 2009;ISR09;315,08;3,63;2,59;2,32
376,00;Israel;2010;376;Israel;ISR;666,00;Israel 2010;ISR10;311,82;3,62;2,55;2,28
376,00;Israel;2011;376;Israel;ISR;666,00;Israel 2011;ISR11;298,41;3,33;2,51;2,25
376,00;Israel;2012;376;Israel;ISR;666,00;Israel 2012;ISR12;291,65;3,31;2,48;2,12
376,00;Israel;2013;376;Israel;ISR;666,00;Israel 2013;ISR13;288,65;3,30;2,44;2,09
376,00;Israel;2014;376;Israel;ISR;666,00;Israel 2014;ISR14;284,44;3,18;2,47;2,06
376,00;Israel;2015;376;Israel;ISR;666,00;Israel 2015;ISR15;282,43;3,20;2,43;2,03
376,00;Israel;2016;376;Israel;ISR;666,00;Israel 2016;ISR16;280,69;3,19;2,42;1,99
376,00;Israel;2017;376;Israel;ISR;666,00;Israel 2017;ISR17;278,96;3,18;2,42;1,96
376,00;Israel;2018;376;Israel;ISR;666,00;Israel 2018;ISR18;274,35;3,17;2,39;1,88
376,00;Israel;2019;376;Israel;ISR;666,00;Israel 2019;ISR19;270,02;3,14;2,34;1,85
376,00;Israel;2020;376;Israel;ISR;666,00;Israel 2020;ISR20;268,04;3,09;2,36;1,82
376,00;Israel;2021;376;Israel;ISR;666,00;Israel 2021;ISR21;263,26;3,08;2,28;1,79
376,00;Israel;2022;376;Israel;ISR;666,00;Israel 2022;ISR22;257,13;3,06;2,15;1,76
376,00;Israel;2023;376;Israel;ISR;666,00;Israel 2023;ISR23;262,28;3,02;2,36;1,74
380,00;Italy;1990;380;Italy;ITA;325,00;Italy 1990;ITA90;151,66;1,86;1,32;0,95
380,00;Italy;1991;380;Italy;ITA;325,00;Italy 1991;ITA91;145,80;1,75;1,31;0,91
380,00;Italy;1992;380;Italy;ITA;325,00;Italy 1992;ITA92;143,23;1,75;1,25;0,90
380,00;Italy;1993;380;Italy;ITA;325,00;Italy 1993;ITA93;142,32;1,73;1,27;0,88
380,00;Italy;1994;380;Italy;ITA;325,00;Italy 1994;ITA94;136,36;1,64;1,23;0,85
380,00;Italy;1995;380;Italy;ITA;325,00;Italy 1995;ITA95;135,26;1,66;1,10;0,93
380,00;Italy;1996;380;Italy;ITA;325,00;Italy 1996;ITA96;136,29;1,63;1,16;0,92
380,00;Italy;1997;380;Italy;ITA;325,00;Italy 1997;ITA97;136,37;1,64;1,18;0,90
380,00;Italy;1998;380;Italy;ITA;325,00;Italy 1998;ITA98;131,98;1,57;1,18;0,84
380,00;Italy;1999;380;Italy;ITA;325,00;Italy 1999;ITA99;131,01;1,60;1,20;0,77
380,00;Italy;2000;380;Italy;ITA;325,00;Italy 2000;ITA00;128,93;1,51;1,23;0,78
380,00;Italy;2001;380;Italy;ITA;325,00;Italy 2001;ITA01;127,76;1,54;1,20;0,75
380,00;Italy;2002;380;Italy;ITA;325,00;Italy 2002;ITA02;127,24;1,53;1,21;0,73
380,00;Italy;2003;380;Italy;ITA;325,00;Italy 2003;ITA03;127,22;1,56;1,21;0,71
380,00;Italy;2004;380;Italy;ITA;325,00;Italy 2004;ITA04;128,00;1,61;1,19;0,69
380,00;Italy;2005;380;Italy;ITA;325,00;Italy 2005;ITA05;114,22;1,29;1,15;0,68
380,00;Italy;2006;380;Italy;ITA;325,00;Italy 2006;ITA06;113,82;1,32;1,11;0,68
380,00;Italy;2007;380;Italy;ITA;325,00;Italy 2007;ITA07;109,52;1,26;1,07;0,67
380,00;Italy;2008;380;Italy;ITA;325,00;Italy 2008;ITA08;114,49;1,36;1,11;0,66
380,00;Italy;2009;380;Italy;ITA;325,00;Italy 2009;ITA09;114,40;1,36;1,12;0,66
380,00;Italy;2010;380;Italy;ITA;325,00;Italy 2010;ITA10;108,06;1,35;1,09;0,51
380,00;Italy;2011;380;Italy;ITA;325,00;Italy 2011;ITA11;113,00;1,44;1,08;0,57
380,00;Italy;2012;380;Italy;ITA;325,00;Italy 2012;ITA12;111,30;1,43;1,05;0,56
380,00;Italy;2013;380;Italy;ITA;325,00;Italy 2013;ITA13;95,55;1,04;1,04;0,54
380,00;Italy;2014;380;Italy;ITA;325,00;Italy 2014;ITA14;92,75;1,03;0,98;0,54
380,00;Italy;2015;380;Italy;ITA;325,00;Italy 2015;ITA15;91,18;1,03;0,94;0,54
380,00;Italy;2016;380;Italy;ITA;325,00;Italy 2016;ITA16;93,71;1,03;1,01;0,53
380,00;Italy;2017;380;Italy;ITA;325,00;Italy 2017;ITA17;94,18;1,03;1,02;0,53
380,00;Italy;2018;380;Italy;ITA;325,00;Italy 2018;ITA18;94,13;1,04;1,02;0,52
380,00;Italy;2019;380;Italy;ITA;325,00;Italy 2019;ITA19;92,25;1,02;0,99;0,52
380,00;Italy;2020;380;Italy;ITA;325,00;Italy 2020;ITA20;98,31;0,98;1,19;0,52
380,00;Italy;2021;380;Italy;ITA;325,00;Italy 2021;ITA21;109,37;1,31;1,17;0,51
380,00;Italy;2022;380;Italy;ITA;325,00;Italy 2022;ITA22;109,90;1,31;1,18;0,51
380,00;Italy;2023;380;Italy;ITA;325,00;Italy 2023;ITA23;108,35;1,31;1,14;0,52
384,00;Côte d'Ivoire;1990;384;Cote d'Ivoire;CIV;437,00;Cote d'Ivoire 1990;CIV90;35,26;0,00;0,83;0,07
384,00;Côte d'Ivoire;1991;384;Cote d'Ivoire;CIV;437,00;Cote d'Ivoire 1991;CIV91;35,87;0,00;0,84;0,06
384,00;Côte d'Ivoire;1992;384;Cote d'Ivoire;CIV;437,00;Cote d'Ivoire 1992;CIV92;36,31;0,00;0,86;0,06
384,00;Côte d'Ivoire;1993;384;Cote d'Ivoire;CIV;437,00;Cote d'Ivoire 1993;CIV93;35,02;0,00;0,83;0,06
384,00;Côte d'Ivoire;1994;384;Cote d'Ivoire;CIV;437,00;Cote d'Ivoire 1994;CIV94;28,30;0,00;0,66;0,06
384,00;Côte d'Ivoire;1995;384;Cote d'Ivoire;CIV;437,00;Cote d'Ivoire 1995;CIV95;28,30;0,00;0,67;0,06
384,00;Côte d'Ivoire;1996;384;Cote d'Ivoire;CIV;437,00;Cote d'Ivoire 1996;CIV96;24,37;0,00;0,57;0,06
384,00;Côte d'Ivoire;1997;384;Cote d'Ivoire;CIV;437,00;Cote d'Ivoire 1997;CIV97;23,07;0,00;0,54;0,06
384,00;Côte d'Ivoire;1998;384;Cote d'Ivoire;CIV;437,00;Cote d'Ivoire 1998;CIV98;22,91;0,00;0,54;0,05
384,00;Côte d'Ivoire;1999;384;Cote d'Ivoire;CIV;437,00;Cote d'Ivoire 1999;CIV99;23,14;0,00;0,55;0,05
384,00;Côte d'Ivoire;2000;384;Cote d'Ivoire;CIV;437,00;Cote d'Ivoire 2000;CIV00;23,26;0,00;0,55;0,05
384,00;Côte d'Ivoire;2003;384;Cote d'Ivoire;CIV;437,00;Cote d'Ivoire 2003;CIV03;36,53;0,00;0,87;0,06
384,00;Côte d'Ivoire;2004;384;Cote d'Ivoire;CIV;437,00;Cote d'Ivoire 2004;CIV04;65,35;0,22;0,93;0,66
384,00;Côte d'Ivoire;2005;384;Cote d'Ivoire;CIV;437,00;Cote d'Ivoire 2005;CIV05;67,01;0,23;0,92;0,71
384,00;Côte d'Ivoire;2006;384;Cote d'Ivoire;CIV;437,00;Cote d'Ivoire 2006;CIV06;67,20;0,21;0,94;0,70
384,00;Côte d'Ivoire;2007;384;Cote d'Ivoire;CIV;437,00;Cote d'Ivoire 2007;CIV07;69,85;0,23;0,99;0,70
384,00;Côte d'Ivoire;2008;384;Cote d'Ivoire;CIV;437,00;Cote d'Ivoire 2008;CIV08;64,51;0,24;0,96;0,59
384,00;Côte d'Ivoire;2009;384;Cote d'Ivoire;CIV;437,00;Cote d'Ivoire 2009;CIV09;67,33;0,21;1,06;0,59
384,00;Côte d'Ivoire;2010;384;Cote d'Ivoire;CIV;437,00;Cote d'Ivoire 2010;CIV10;64,68;0,22;0,98;0,59
384,00;Côte d'Ivoire;2011;384;Cote d'Ivoire;CIV;437,00;Cote d'Ivoire 2011;CIV11;68,62;0,22;0,90;0,78
384,00;Côte d'Ivoire;2012;384;Cote d'Ivoire;CIV;437,00;Cote d'Ivoire 2012;CIV12;70,34;0,20;0,96;0,77
384,00;Côte d'Ivoire;2013;384;Cote d'Ivoire;CIV;437,00;Cote d'Ivoire 2013;CIV13;67,75;0,18;0,92;0,77
384,00;Côte d'Ivoire;2014;384;Cote d'Ivoire;CIV;437,00;Cote d'Ivoire 2014;CIV14;65,08;0,17;0,97;0,65
384,00;Côte d'Ivoire;2015;384;Cote d'Ivoire;CIV;437,00;Cote d'Ivoire 2015;CIV15;65,40;0,17;1,12;0,51
384,00;Côte d'Ivoire;2016;384;Cote d'Ivoire;CIV;437,00;Cote d'Ivoire 2016;CIV16;65,75;0,18;1,12;0,52
384,00;Côte d'Ivoire;2017;384;Cote d'Ivoire;CIV;437,00;Cote d'Ivoire 2017;CIV17;58,77;0,17;0,94;0,52
384,00;Côte d'Ivoire;2018;384;Cote d'Ivoire;CIV;437,00;Cote d'Ivoire 2018;CIV18;61,05;0,17;0,99;0,52
384,00;Côte d'Ivoire;2019;384;Cote d'Ivoire;CIV;437,00;Cote d'Ivoire 2019;CIV19;59,42;0,17;0,89;0,58
384,00;Côte d'Ivoire;2020;384;Cote d'Ivoire;CIV;437,00;Cote d'Ivoire 2020;CIV20;60,27;0,16;0,92;0,58
384,00;Côte d'Ivoire;2021;384;Cote d'Ivoire;CIV;437,00;Cote d'Ivoire 2021;CIV21;59,02;0,16;0,89;0,58
384,00;Côte d'Ivoire;2022;384;Cote d'Ivoire;CIV;437,00;Cote d'Ivoire 2022;CIV22;63,51;0,30;0,87;0,58
384,00;Côte d'Ivoire;2023;384;Cote d'Ivoire;CIV;437,00;Cote d'Ivoire 2023;CIV23;63,17;0,29;0,87;0,58
388,00;Jamaica;1990;388;Jamaica;JAM;51,00;Jamaica 1990;JAM90;52,50;0,41;0,83;0,07
388,00;Jamaica;1991;388;Jamaica;JAM;51,00;Jamaica 1991;JAM91;45,89;0,33;0,75;0,07
388,00;Jamaica;1992;388;Jamaica;JAM;51,00;Jamaica 1992;JAM92;55,71;0,33;0,99;0,07
388,00;Jamaica;1993;388;Jamaica;JAM;51,00;Jamaica 1993;JAM93;46,14;0,31;0,78;0,07
388,00;Jamaica;1994;388;Jamaica;JAM;51,00;Jamaica 1994;JAM94;39,48;0,30;0,62;0,07
388,00;Jamaica;1995;388;Jamaica;JAM;51,00;Jamaica 1995;JAM95;36,38;0,30;0,55;0,07
388,00;Jamaica;1996;388;Jamaica;JAM;51,00;Jamaica 1996;JAM96;36,78;0,30;0,56;0,07
388,00;Jamaica;1997;388;Jamaica;JAM;51,00;Jamaica 1997;JAM97;37,98;0,28;0,61;0,07
388,00;Jamaica;1998;388;Jamaica;JAM;51,00;Jamaica 1998;JAM98;34,59;0,28;0,53;0,07
388,00;Jamaica;1999;388;Jamaica;JAM;51,00;Jamaica 1999;JAM99;33,21;0,28;0,51;0,06
388,00;Jamaica;2000;388;Jamaica;JAM;51,00;Jamaica 2000;JAM00;31,95;0,27;0,48;0,06
388,00;Jamaica;2001;388;Jamaica;JAM;51,00;Jamaica 2001;JAM01;32,77;0,27;0,50;0,06
388,00;Jamaica;2002;388;Jamaica;JAM;51,00;Jamaica 2002;JAM02;35,77;0,27;0,58;0,06
388,00;Jamaica;2003;388;Jamaica;JAM;51,00;Jamaica 2003;JAM03;40,17;0,27;0,59;0,27
388,00;Jamaica;2004;388;Jamaica;JAM;51,00;Jamaica 2004;JAM04;31,78;0,09;0,54;0,27
388,00;Jamaica;2005;388;Jamaica;JAM;51,00;Jamaica 2005;JAM05;31,67;0,09;0,53;0,27
388,00;Jamaica;2006;388;Jamaica;JAM;51,00;Jamaica 2006;JAM06;34,44;0,09;0,61;0,27
388,00;Jamaica;2007;388;Jamaica;JAM;51,00;Jamaica 2007;JAM07;35,37;0,09;0,62;0,28
388,00;Jamaica;2008;388;Jamaica;JAM;51,00;Jamaica 2008;JAM08;47,06;0,09;0,83;0,39
388,00;Jamaica;2009;388;Jamaica;JAM;51,00;Jamaica 2009;JAM09;47,29;0,09;0,84;0,39
388,00;Jamaica;2010;388;Jamaica;JAM;51,00;Jamaica 2010;JAM10;45,28;0,09;0,78;0,39
388,00;Jamaica;2011;388;Jamaica;JAM;51,00;Jamaica 2011;JAM11;46,70;0,09;0,82;0,39
388,00;Jamaica;2012;388;Jamaica;JAM;51,00;Jamaica 2012;JAM12;47,77;0,09;0,83;0,41
388,00;Jamaica;2013;388;Jamaica;JAM;51,00;Jamaica 2013;JAM13;44,93;0,09;0,81;0,35
388,00;Jamaica;2014;388;Jamaica;JAM;51,00;Jamaica 2014;JAM14;45,43;0,09;0,79;0,39
388,00;Jamaica;2015;388;Jamaica;JAM;51,00;Jamaica 2015;JAM15;50,86;0,15;0,78;0,49
388,00;Jamaica;2016;388;Jamaica;JAM;51,00;Jamaica 2016;JAM16;53,09;0,24;0,83;0,40
388,00;Jamaica;2017;388;Jamaica;JAM;51,00;Jamaica 2017;JAM17;54,49;0,24;0,83;0,44
388,00;Jamaica;2018;388;Jamaica;JAM;51,00;Jamaica 2018;JAM18;61,55;0,24;1,05;0,41
388,00;Jamaica;2019;388;Jamaica;JAM;51,00;Jamaica 2019;JAM19;72,74;0,24;1,24;0,53
388,00;Jamaica;2020;388;Jamaica;JAM;51,00;Jamaica 2020;JAM20;72,63;0,24;1,23;0,53
388,00;Jamaica;2021;388;Jamaica;JAM;51,00;Jamaica 2021;JAM21;67,66;0,24;1,10;0,53
388,00;Jamaica;2022;388;Jamaica;JAM;51,00;Jamaica 2022;JAM22;67,63;0,33;1,00;0,53
388,00;Jamaica;2023;388;Jamaica;JAM;51,00;Jamaica 2023;JAM23;66,27;0,33;0,97;0,53
392,00;Japan;1990;392;Japan;JPN;740,00;Japan 1990;JPN90;75,12;0,92;0,83;0,32
392,00;Japan;1991;392;Japan;JPN;740,00;Japan 1991;JPN91;74,92;0,92;0,82;0,32
392,00;Japan;1992;392;Japan;JPN;740,00;Japan 1992;JPN92;75,81;0,95;0,82;0,32
392,00;Japan;1993;392;Japan;JPN;740,00;Japan 1993;JPN93;75,32;0,95;0,82;0,31
392,00;Japan;1994;392;Japan;JPN;740,00;Japan 1994;JPN94;74,40;0,95;0,80;0,30
392,00;Japan;1995;392;Japan;JPN;740,00;Japan 1995;JPN95;74,34;0,96;0,79;0,30
392,00;Japan;1996;392;Japan;JPN;740,00;Japan 1996;JPN96;72,91;0,93;0,79;0,29
392,00;Japan;1997;392;Japan;JPN;740,00;Japan 1997;JPN97;73,02;0,93;0,79;0,29
392,00;Japan;1998;392;Japan;JPN;740,00;Japan 1998;JPN98;72,65;0,91;0,80;0,29
392,00;Japan;1999;392;Japan;JPN;740,00;Japan 1999;JPN99;71,87;0,90;0,80;0,29
392,00;Japan;2000;392;Japan;JPN;740,00;Japan 2000;JPN00;70,69;0,88;0,78;0,28
392,00;Japan;2001;392;Japan;JPN;740,00;Japan 2001;JPN01;70,62;0,87;0,79;0,29
392,00;Japan;2002;392;Japan;JPN;740,00;Japan 2002;JPN02;70,89;0,88;0,79;0,28
392,00;Japan;2003;392;Japan;JPN;740,00;Japan 2003;JPN03;70,61;0,87;0,79;0,28
392,00;Japan;2004;392;Japan;JPN;740,00;Japan 2004;JPN04;69,62;0,86;0,78;0,28
392,00;Japan;2005;392;Japan;JPN;740,00;Japan 2005;JPN05;68,86;0,84;0,78;0,28
392,00;Japan;2006;392;Japan;JPN;740,00;Japan 2006;JPN06;68,79;0,86;0,77;0,28
392,00;Japan;2007;392;Japan;JPN;740,00;Japan 2007;JPN07;67,67;0,84;0,75;0,28
392,00;Japan;2008;392;Japan;JPN;740,00;Japan 2008;JPN08;67,25;0,83;0,76;0,26
392,00;Japan;2009;392;Japan;JPN;740,00;Japan 2009;JPN09;69,03;0,84;0,80;0,26
392,00;Japan;2010;392;Japan;JPN;740,00;Japan 2010;JPN10;68,87;0,84;0,78;0,28
392,00;Japan;2011;392;Japan;JPN;740,00;Japan 2011;JPN11;68,30;0,82;0,79;0,28
392,00;Japan;2012;392;Japan;JPN;740,00;Japan 2012;JPN12;69,17;0,86;0,77;0,27
392,00;Japan;2013;392;Japan;JPN;740,00;Japan 2013;JPN13;68,60;0,86;0,76;0,27
392,00;Japan;2014;392;Japan;JPN;740,00;Japan 2014;JPN14;67,80;0,83;0,77;0,27
392,00;Japan;2015;392;Japan;JPN;740,00;Japan 2015;JPN15;67,64;0,83;0,77;0,27
392,00;Japan;2016;392;Japan;JPN;740,00;Japan 2016;JPN16;67,07;0,83;0,76;0,27
392,00;Japan;2017;392;Japan;JPN;740,00;Japan 2017;JPN17;66,75;0,83;0,75;0,27
392,00;Japan;2018;392;Japan;JPN;740,00;Japan 2018;JPN18;67,27;0,81;0,78;0,26
392,00;Japan;2019;392;Japan;JPN;740,00;Japan 2019;JPN19;67,63;0,81;0,79;0,26
392,00;Japan;2020;392;Japan;JPN;740,00;Japan 2020;JPN20;66,79;0,77;0,81;0,26
392,00;Japan;2021;392;Japan;JPN;740,00;Japan 2021;JPN21;66,83;0,77;0,81;0,26
392,00;Japan;2022;392;Japan;JPN;740,00;Japan 2022;JPN22;68,69;0,77;0,86;0,26
392,00;Japan;2023;392;Japan;JPN;740,00;Japan 2023;JPN23;73,61;0,75;0,91;0,37
398,00;Kazakhstan;1993;398;Kazakhstan;KAZ;705,00;Kazakhstan 1993;KAZ93;152,57;2,54;0,93;0,27
398,00;Kazakhstan;1994;398;Kazakhstan;KAZ;705,00;Kazakhstan 1994;KAZ94;145,96;2,36;0,78;0,44
398,00;Kazakhstan;1995;398;Kazakhstan;KAZ;705,00;Kazakhstan 1995;KAZ95;128,76;2,16;0,91;0,45
398,00;Kazakhstan;1996;398;Kazakhstan;KAZ;705,00;Kazakhstan 1996;KAZ96;126,16;1,96;1,03;0,46
398,00;Kazakhstan;1997;398;Kazakhstan;KAZ;705,00;Kazakhstan 1997;KAZ97;123,50;1,96;0,96;0,45
398,00;Kazakhstan;1998;398;Kazakhstan;KAZ;705,00;Kazakhstan 1998;KAZ98;128,60;1,98;0,98;0,56
398,00;Kazakhstan;1999;398;Kazakhstan;KAZ;705,00;Kazakhstan 1999;KAZ99;123,58;1,98;0,77;0,62
398,00;Kazakhstan;2000;398;Kazakhstan;KAZ;705,00;Kazakhstan 2000;KAZ00;127,67;2,12;0,75;0,62
398,00;Kazakhstan;2001;398;Kazakhstan;KAZ;705,00;Kazakhstan 2001;KAZ01;138,99;2,12;0,94;0,73
398,00;Kazakhstan;2002;398;Kazakhstan;KAZ;705,00;Kazakhstan 2002;KAZ02;137,64;2,12;0,93;0,70
398,00;Kazakhstan;2003;398;Kazakhstan;KAZ;705,00;Kazakhstan 2003;KAZ03;139,11;2,12;0,94;0,73
398,00;Kazakhstan;2004;398;Kazakhstan;KAZ;705,00;Kazakhstan 2004;KAZ04;137,40;2,12;0,90;0,72
398,00;Kazakhstan;2005;398;Kazakhstan;KAZ;705,00;Kazakhstan 2005;KAZ05;133,88;2,11;0,94;0,60
398,00;Kazakhstan;2006;398;Kazakhstan;KAZ;705,00;Kazakhstan 2006;KAZ06;133,00;2,11;0,93;0,59
398,00;Kazakhstan;2007;398;Kazakhstan;KAZ;705,00;Kazakhstan 2007;KAZ07;145,42;2,27;1,20;0,49
398,00;Kazakhstan;2008;398;Kazakhstan;KAZ;705,00;Kazakhstan 2008;KAZ08;139,86;2,26;1,07;0,48
398,00;Kazakhstan;2009;398;Kazakhstan;KAZ;705,00;Kazakhstan 2009;KAZ09;137,14;2,26;1,01;0,47
398,00;Kazakhstan;2010;398;Kazakhstan;KAZ;705,00;Kazakhstan 2010;KAZ10;135,98;2,25;1,00;0,46
398,00;Kazakhstan;2011;398;Kazakhstan;KAZ;705,00;Kazakhstan 2011;KAZ11;133,99;2,25;0,95;0,45
398,00;Kazakhstan;2012;398;Kazakhstan;KAZ;705,00;Kazakhstan 2012;KAZ12;119,43;1,87;1,00;0,40
398,00;Kazakhstan;2013;398;Kazakhstan;KAZ;705,00;Kazakhstan 2013;KAZ13;121,79;1,88;1,05;0,39
398,00;Kazakhstan;2014;398;Kazakhstan;KAZ;705,00;Kazakhstan 2014;KAZ14;116,40;1,80;1,00;0,39
398,00;Kazakhstan;2015;398;Kazakhstan;KAZ;705,00;Kazakhstan 2015;KAZ15;120,37;1,86;1,04;0,38
398,00;Kazakhstan;2016;398;Kazakhstan;KAZ;705,00;Kazakhstan 2016;KAZ16;114,08;1,86;0,89;0,37
398,00;Kazakhstan;2017;398;Kazakhstan;KAZ;705,00;Kazakhstan 2017;KAZ17;111,72;1,85;0,83;0,37
398,00;Kazakhstan;2018;398;Kazakhstan;KAZ;705,00;Kazakhstan 2018;KAZ18;112,05;1,84;0,85;0,37
398,00;Kazakhstan;2019;398;Kazakhstan;KAZ;705,00;Kazakhstan 2019;KAZ19;114,29;1,76;1,00;0,37
398,00;Kazakhstan;2020;398;Kazakhstan;KAZ;705,00;Kazakhstan 2020;KAZ20;112,05;1,85;0,86;0,36
398,00;Kazakhstan;2021;398;Kazakhstan;KAZ;705,00;Kazakhstan 2021;KAZ21;97,68;1,54;0,78;0,35
398,00;Kazakhstan;2022;398;Kazakhstan;KAZ;705,00;Kazakhstan 2022;KAZ22;88,54;1,54;0,54;0,35
398,00;Kazakhstan;2023;398;Kazakhstan;KAZ;705,00;Kazakhstan 2023;KAZ23;86,99;1,53;0,51;0,35
400,00;Jordan;1990;400;Jordan;JOR;663,00;Jordan 1990;JOR90;311,12;2,98;2,86;1,74
400,00;Jordan;1991;400;Jordan;JOR;663,00;Jordan 1991;JOR91;315,35;2,98;3,20;1,51
400,00;Jordan;1992;400;Jordan;JOR;663,00;Jordan 1992;JOR92;289,81;2,93;2,69;1,45
400,00;Jordan;1993;400;Jordan;JOR;663,00;Jordan 1993;JOR93;286,22;2,91;2,69;1,39
400,00;Jordan;1994;400;Jordan;JOR;663,00;Jordan 1994;JOR94;277,86;2,87;2,60;1,31
400,00;Jordan;1995;400;Jordan;JOR;663,00;Jordan 1995;JOR95;254,98;2,84;2,13;1,26
400,00;Jordan;1996;400;Jordan;JOR;663,00;Jordan 1996;JOR96;265,63;2,79;2,47;1,22
400,00;Jordan;1997;400;Jordan;JOR;663,00;Jordan 1997;JOR97;267,77;2,80;2,49;1,24
400,00;Jordan;1998;400;Jordan;JOR;663,00;Jordan 1998;JOR98;271,51;2,80;2,51;2,05
400,00;Jordan;1999;400;Jordan;JOR;663,00;Jordan 1999;JOR99;264,39;2,81;2,51;1,86
400,00;Jordan;2000;400;Jordan;JOR;663,00;Jordan 2000;JOR00;263,48;2,81;2,50;1,83
400,00;Jordan;2001;400;Jordan;JOR;663,00;Jordan 2001;JOR01;255,49;2,77;2,42;1,74
400,00;Jordan;2002;400;Jordan;JOR;663,00;Jordan 2002;JOR02;249,67;2,74;2,34;1,70
400,00;Jordan;2003;400;Jordan;JOR;663,00;Jordan 2003;JOR03;253,16;2,73;2,47;1,66
400,00;Jordan;2004;400;Jordan;JOR;663,00;Jordan 2004;JOR04;247,99;2,79;2,29;1,66
400,00;Jordan;2005;400;Jordan;JOR;663,00;Jordan 2005;JOR05;243,11;2,78;2,21;1,60
400,00;Jordan;2006;400;Jordan;JOR;663,00;Jordan 2006;JOR06;238,17;2,73;2,21;1,52
400,00;Jordan;2007;400;Jordan;JOR;663,00;Jordan 2007;JOR07;245,10;2,70;2,48;1,48
400,00;Jordan;2008;400;Jordan;JOR;663,00;Jordan 2008;JOR08;244,81;2,70;2,48;1,46
400,00;Jordan;2009;400;Jordan;JOR;663,00;Jordan 2009;JOR09;245,88;2,70;2,53;1,44
400,00;Jordan;2010;400;Jordan;JOR;663,00;Jordan 2010;JOR10;239,41;2,66;2,44;1,40
400,00;Jordan;2011;400;Jordan;JOR;663,00;Jordan 2011;JOR11;230,76;2,52;2,37;1,38
400,00;Jordan;2012;400;Jordan;JOR;663,00;Jordan 2012;JOR12;223,92;2,51;2,20;1,37
400,00;Jordan;2013;400;Jordan;JOR;663,00;Jordan 2013;JOR13;220,80;2,56;2,11;1,32
400,00;Jordan;2014;400;Jordan;JOR;663,00;Jordan 2014;JOR14;214,18;2,48;2,11;1,22
400,00;Jordan;2015;400;Jordan;JOR;663,00;Jordan 2015;JOR15;208,88;2,48;2,09;1,10
400,00;Jordan;2016;400;Jordan;JOR;663,00;Jordan 2016;JOR16;206,79;2,37;2,18;1,07
400,00;Jordan;2017;400;Jordan;JOR;663,00;Jordan 2017;JOR17;208,88;2,35;2,24;1,08
400,00;Jordan;2018;400;Jordan;JOR;663,00;Jordan 2018;JOR18;205,65;2,30;2,22;1,07
400,00;Jordan;2019;400;Jordan;JOR;663,00;Jordan 2019;JOR19;202,79;2,28;2,22;1,02
400,00;Jordan;2020;400;Jordan;JOR;663,00;Jordan 2020;JOR20;203,19;2,26;2,25;1,01
400,00;Jordan;2021;400;Jordan;JOR;663,00;Jordan 2021;JOR21;203,15;2,26;2,27;1,00
400,00;Jordan;2022;400;Jordan;JOR;663,00;Jordan 2022;JOR22;200,91;2,18;2,29;0,99
400,00;Jordan;2023;400;Jordan;JOR;663,00;Jordan 2023;JOR23;201,37;2,20;2,29;0,99
404,00;Kenya;1990;404;Kenya;KEN;501,00;Kenya 1990;KEN90;99,42;0,52;1,87;0,06
404,00;Kenya;1991;404;Kenya;KEN;501,00;Kenya 1991;KEN91;89,68;0,51;1,64;0,06
404,00;Kenya;1992;404;Kenya;KEN;501,00;Kenya 1992;KEN92;84,50;0,60;1,43;0,06
404,00;Kenya;1993;404;Kenya;KEN;501,00;Kenya 1993;KEN93;81,17;0,55;1,40;0,06
404,00;Kenya;1994;404;Kenya;KEN;501,00;Kenya 1994;KEN94;86,09;0,54;1,29;0,06
404,00;Kenya;1995;404;Kenya;KEN;501,00;Kenya 1995;KEN95;72,14;0,44;1,29;0,05
404,00;Kenya;1996;404;Kenya;KEN;501,00;Kenya 1996;KEN96;66,79;0,44;1,17;0,05
404,00;Kenya;1997;404;Kenya;KEN;501,00;Kenya 1997;KEN97;64,56;0,43;1,12;0,05
404,00;Kenya;1998;404;Kenya;KEN;501,00;Kenya 1998;KEN98;60,45;0,42;1,03;0,05
404,00;Kenya;1999;404;Kenya;KEN;501,00;Kenya 1999;KEN99;67,34;0,41;1,03;0,05
404,00;Kenya;2000;404;Kenya;KEN;501,00;Kenya 2000;KEN00;63,62;0,40;1,14;0,04
404,00;Kenya;2001;404;Kenya;KEN;501,00;Kenya 2001;KEN01;67,73;0,39;1,24;0,05
404,00;Kenya;2002;404;Kenya;KEN;501,00;Kenya 2002;KEN02;82,58;0,39;1,31;0,58
404,00;Kenya;2003;404;Kenya;KEN;501,00;Kenya 2003;KEN03;81,98;0,38;1,30;0,57
404,00;Kenya;2004;404;Kenya;KEN;501,00;Kenya 2004;KEN04;80,52;0,37;1,27;0,57
404,00;Kenya;2005;404;Kenya;KEN;501,00;Kenya 2005;KEN05;81,04;0,34;1,32;0,57
404,00;Kenya;2006;404;Kenya;KEN;501,00;Kenya 2006;KEN06;74,53;0,34;1,15;0,57
404,00;Kenya;2007;404;Kenya;KEN;501,00;Kenya 2007;KEN07;75,88;0,33;1,20;0,57
404,00;Kenya;2008;404;Kenya;KEN;501,00;Kenya 2008;KEN08;74,18;0,33;1,23;0,48
404,00;Kenya;2009;404;Kenya;KEN;501,00;Kenya 2009;KEN09;73,80;0,47;1,09;0,47
404,00;Kenya;2010;404;Kenya;KEN;501,00;Kenya 2010;KEN10;72,52;0,44;1,09;0,46
404,00;Kenya;2011;404;Kenya;KEN;501,00;Kenya 2011;KEN11;67,94;0,32;1,10;0,45
404,00;Kenya;2012;404;Kenya;KEN;501,00;Kenya 2012;KEN12;69,76;0,32;1,17;0,43
404,00;Kenya;2013;404;Kenya;KEN;501,00;Kenya 2013;KEN13;70,52;0,40;1,12;0,42
404,00;Kenya;2014;404;Kenya;KEN;501,00;Kenya 2014;KEN14;65,27;0,39;1,01;0,41
404,00;Kenya;2015;404;Kenya;KEN;501,00;Kenya 2015;KEN15;65,76;0,39;1,01;0,41
404,00;Kenya;2016;404;Kenya;KEN;501,00;Kenya 2016;KEN16;66,33;0,38;1,04;0,41
404,00;Kenya;2017;404;Kenya;KEN;501,00;Kenya 2017;KEN17;67,06;0,38;1,07;0,41
404,00;Kenya;2018;404;Kenya;KEN;501,00;Kenya 2018;KEN18;68,00;0,40;1,04;0,43
404,00;Kenya;2019;404;Kenya;KEN;501,00;Kenya 2019;KEN19;65,08;0,39;0,97;0,43
404,00;Kenya;2020;404;Kenya;KEN;501,00;Kenya 2020;KEN20;64,59;0,39;0,97;0,43
404,00;Kenya;2021;404;Kenya;KEN;501,00;Kenya 2021;KEN21;61,27;0,40;0,94;0,35
404,00;Kenya;2022;404;Kenya;KEN;501,00;Kenya 2022;KEN22;59,47;0,40;0,90;0,35
404,00;Kenya;2023;404;Kenya;KEN;501,00;Kenya 2023;KEN23;57,14;0,41;0,83;0,35
410,00;Korea (the Republic of);1990;410;Korea, South;KOR;732,00;Korea, South 1990;KOR90;253,16;2,06;2,37;2,43
410,00;Korea (the Republic of);1991;410;Korea, South;KOR;732,00;Korea, South 1991;KOR91;247,59;2,06;2,26;2,40
410,00;Korea (the Republic of);1992;410;Korea, South;KOR;732,00;Korea, South 1992;KOR92;241,49;2,13;2,24;2,19
410,00;Korea (the Republic of);1993;410;Korea, South;KOR;732,00;Korea, South 1993;KOR93;236,15;2,13;2,13;2,16
410,00;Korea (the Republic of);1994;410;Korea, South;KOR;732,00;Korea, South 1994;KOR94;231,28;2,12;2,03;2,13
410,00;Korea (the Republic of);1995;410;Korea, South;KOR;732,00;Korea, South 1995;KOR95;225,79;2,12;1,91;2,10
410,00;Korea (the Republic of);1996;410;Korea, South;KOR;732,00;Korea, South 1996;KOR96;223,48;2,13;1,83;2,11
410,00;Korea (the Republic of);1997;410;Korea, South;KOR;732,00;Korea, South 1997;KOR97;221,75;2,12;1,80;2,10
410,00;Korea (the Republic of);1998;410;Korea, South;KOR;732,00;Korea, South 1998;KOR98;222,58;2,12;1,84;2,09
410,00;Korea (the Republic of);1999;410;Korea, South;KOR;732,00;Korea, South 1999;KOR99;216,37;2,11;1,70;2,07
410,00;Korea (the Republic of);2000;410;Korea, South;KOR;732,00;Korea, South 2000;KOR00;217,43;2,13;1,71;2,07
410,00;Korea (the Republic of);2001;410;Korea, South;KOR;732,00;Korea, South 2001;KOR01;214,45;2,12;1,66;2,04
410,00;Korea (the Republic of);2002;410;Korea, South;KOR;732,00;Korea, South 2002;KOR02;212,42;2,12;1,63;2,02
410,00;Korea (the Republic of);2003;410;Korea, South;KOR;732,00;Korea, South 2003;KOR03;211,35;2,12;1,62;2,00
410,00;Korea (the Republic of);2004;410;Korea, South;KOR;732,00;Korea, South 2004;KOR04;211,39;2,12;1,62;2,00
410,00;Korea (the Republic of);2005;410;Korea, South;KOR;732,00;Korea, South 2005;KOR05;211,98;2,11;1,66;1,98
410,00;Korea (the Republic of);2006;410;Korea, South;KOR;732,00;Korea, South 2006;KOR06;215,05;2,22;1,65;1,97
410,00;Korea (the Republic of);2007;410;Korea, South;KOR;732,00;Korea, South 2007;KOR07;213,94;2,22;1,64;1,95
410,00;Korea (the Republic of);2008;410;Korea, South;KOR;732,00;Korea, South 2008;KOR08;212,36;2,21;1,63;1,92
410,00;Korea (the Republic of);2009;410;Korea, South;KOR;732,00;Korea, South 2009;KOR09;209,89;2,14;1,66;1,91
410,00;Korea (the Republic of);2010;410;Korea, South;KOR;732,00;Korea, South 2010;KOR10;205,37;2,14;1,59;1,85
410,00;Korea (the Republic of);2011;410;Korea, South;KOR;732,00;Korea, South 2011;KOR11;205,10;2,15;1,59;1,83
410,00;Korea (the Republic of);2012;410;Korea, South;KOR;732,00;Korea, South 2012;KOR12;205,47;2,16;1,60;1,82
410,00;Korea (the Republic of);2013;410;Korea, South;KOR;732,00;Korea, South 2013;KOR13;204,75;2,16;1,60;1,80
410,00;Korea (the Republic of);2014;410;Korea, South;KOR;732,00;Korea, South 2014;KOR14;204,04;2,16;1,60;1,79
410,00;Korea (the Republic of);2015;410;Korea, South;KOR;732,00;Korea, South 2015;KOR15;201,65;2,16;1,58;1,74
410,00;Korea (the Republic of);2016;410;Korea, South;KOR;732,00;Korea, South 2016;KOR16;200,66;2,16;1,55;1,73
410,00;Korea (the Republic of);2017;410;Korea, South;KOR;732,00;Korea, South 2017;KOR17;192,39;2,16;1,53;1,53
410,00;Korea (the Republic of);2018;410;Korea, South;KOR;732,00;Korea, South 2018;KOR18;193,03;2,17;1,55;1,52
410,00;Korea (the Republic of);2019;410;Korea, South;KOR;732,00;Korea, South 2019;KOR19;190,92;2,11;1,60;1,48
410,00;Korea (the Republic of);2020;410;Korea, South;KOR;732,00;Korea, South 2020;KOR20;194,89;2,18;1,64;1,48
410,00;Korea (the Republic of);2021;410;Korea, South;KOR;732,00;Korea, South 2021;KOR21;192,13;2,18;1,62;1,42
410,00;Korea (the Republic of);2022;410;Korea, South;KOR;732,00;Korea, South 2022;KOR22;191,70;2,19;1,60;1,43
410,00;Korea (the Republic of);2023;410;Korea, South;KOR;732,00;Korea, South 2023;KOR23;189,87;2,20;1,61;1,35
414,00;Kuwait;1990;414;Kuwait;KWT;690,00;Kuwait 1990;KWT90;412,79;2,85;6,40;0,81
414,00;Kuwait;1991;414;Kuwait;KWT;690,00;Kuwait 1991;KWT91;444,51;2,26;8,00;0,56
414,00;Kuwait;1992;414;Kuwait;KWT;690,00;Kuwait 1992;KWT92;348,21;2,27;5,61;0,61
414,00;Kuwait;1993;414;Kuwait;KWT;690,00;Kuwait 1993;KWT93;281,62;2,23;3,99;0,65
414,00;Kuwait;1994;414;Kuwait;KWT;690,00;Kuwait 1994;KWT94;289,78;2,23;4,08;0,76
414,00;Kuwait;1995;414;Kuwait;KWT;690,00;Kuwait 1995;KWT95;302,30;2,54;4,09;0,75
414,00;Kuwait;1996;414;Kuwait;KWT;690,00;Kuwait 1996;KWT96;281,52;2,49;3,69;0,69
414,00;Kuwait;1997;414;Kuwait;KWT;690,00;Kuwait 1997;KWT97;268,26;2,60;3,28;0,67
414,00;Kuwait;1998;414;Kuwait;KWT;690,00;Kuwait 1998;KWT98;262,46;2,46;3,30;0,65
414,00;Kuwait;1999;414;Kuwait;KWT;690,00;Kuwait 1999;KWT99;257,85;2,48;3,19;0,63
414,00;Kuwait;2000;414;Kuwait;KWT;690,00;Kuwait 2000;KWT00;265,34;2,47;3,40;0,61
414,00;Kuwait;2001;414;Kuwait;KWT;690,00;Kuwait 2001;KWT01;260,82;2,48;3,29;0,60
414,00;Kuwait;2002;414;Kuwait;KWT;690,00;Kuwait 2002;KWT02;260,33;2,49;3,24;0,62
414,00;Kuwait;2003;414;Kuwait;KWT;690,00;Kuwait 2003;KWT03;254,82;2,49;3,13;0,61
414,00;Kuwait;2004;414;Kuwait;KWT;690,00;Kuwait 2004;KWT04;264,77;2,83;3,04;0,59
414,00;Kuwait;2005;414;Kuwait;KWT;690,00;Kuwait 2005;KWT05;250,85;2,84;2,71;0,57
414,00;Kuwait;2006;414;Kuwait;KWT;690,00;Kuwait 2006;KWT06;232,55;2,76;2,48;1,07
414,00;Kuwait;2007;414;Kuwait;KWT;690,00;Kuwait 2007;KWT07;229,09;2,77;2,47;0,98
414,00;Kuwait;2008;414;Kuwait;KWT;690,00;Kuwait 2008;KWT08;217,63;2,73;2,24;0,94
414,00;Kuwait;2009;414;Kuwait;KWT;690,00;Kuwait 2009;KWT09;221,83;2,69;2,43;0,90
414,00;Kuwait;2010;414;Kuwait;KWT;690,00;Kuwait 2010;KWT10;215,45;2,68;2,36;0,81
414,00;Kuwait;2011;414;Kuwait;KWT;690,00;Kuwait 2011;KWT11;208,64;2,56;2,34;0,77
414,00;Kuwait;2012;414;Kuwait;KWT;690,00;Kuwait 2012;KWT12;203,96;2,51;2,31;0,73
414,00;Kuwait;2013;414;Kuwait;KWT;690,00;Kuwait 2013;KWT13;197,49;2,46;2,22;0,69
414,00;Kuwait;2014;414;Kuwait;KWT;690,00;Kuwait 2014;KWT14;198,31;2,47;2,26;0,66
414,00;Kuwait;2015;414;Kuwait;KWT;690,00;Kuwait 2015;KWT15;207,25;2,46;2,53;0,64
414,00;Kuwait;2016;414;Kuwait;KWT;690,00;Kuwait 2016;KWT16;214,50;2,50;2,70;0,63
414,00;Kuwait;2017;414;Kuwait;KWT;690,00;Kuwait 2017;KWT17;211,61;2,49;2,64;0,62
414,00;Kuwait;2018;414;Kuwait;KWT;690,00;Kuwait 2018;KWT18;204,70;2,43;2,49;0,65
414,00;Kuwait;2019;414;Kuwait;KWT;690,00;Kuwait 2019;KWT19;205,27;2,41;2,53;0,64
414,00;Kuwait;2020;414;Kuwait;KWT;690,00;Kuwait 2020;KWT20;218,60;2,58;2,71;0,65
414,00;Kuwait;2021;414;Kuwait;KWT;690,00;Kuwait 2021;KWT21;222,88;2,64;2,76;0,66
414,00;Kuwait;2022;414;Kuwait;KWT;690,00;Kuwait 2022;KWT22;206,85;2,64;2,33;0,65
414,00;Kuwait;2023;414;Kuwait;KWT;690,00;Kuwait 2023;KWT23;210,43;2,70;2,37;0,65
417,00;Kyrgyzstan;1992;417;Kyrgyzstan;KGZ;703,00;Kyrgyzstan 1992;KGZ92;106,02;1,66;0,75;0,20
417,00;Kyrgyzstan;1993;417;Kyrgyzstan;KGZ;703,00;Kyrgyzstan 1993;KGZ93;131,15;2,19;0,74;0,29
417,00;Kyrgyzstan;1994;417;Kyrgyzstan;KGZ;703,00;Kyrgyzstan 1994;KGZ94;135,44;2,12;0,91;0,30
417,00;Kyrgyzstan;1995;417;Kyrgyzstan;KGZ;703,00;Kyrgyzstan 1995;KGZ95;135,90;2,23;1,29;0,18
417,00;Kyrgyzstan;1996;417;Kyrgyzstan;KGZ;703,00;Kyrgyzstan 1996;KGZ96;130,49;2,10;1,18;0,28
417,00;Kyrgyzstan;1997;417;Kyrgyzstan;KGZ;703,00;Kyrgyzstan 1997;KGZ97;134,33;1,88;1,31;0,48
417,00;Kyrgyzstan;1998;417;Kyrgyzstan;KGZ;703,00;Kyrgyzstan 1998;KGZ98;129,77;1,87;1,20;0,48
417,00;Kyrgyzstan;1999;417;Kyrgyzstan;KGZ;703,00;Kyrgyzstan 1999;KGZ99;130,34;1,83;1,34;0,38
417,00;Kyrgyzstan;2000;417;Kyrgyzstan;KGZ;703,00;Kyrgyzstan 2000;KGZ00;137,55;1,93;1,40;0,41
417,00;Kyrgyzstan;2001;417;Kyrgyzstan;KGZ;703,00;Kyrgyzstan 2001;KGZ01;132,78;2,02;1,18;0,42
417,00;Kyrgyzstan;2002;417;Kyrgyzstan;KGZ;703,00;Kyrgyzstan 2002;KGZ02;136,69;2,02;1,26;0,46
417,00;Kyrgyzstan;2003;417;Kyrgyzstan;KGZ;703,00;Kyrgyzstan 2003;KGZ03;135,90;2,00;1,25;0,45
417,00;Kyrgyzstan;2004;417;Kyrgyzstan;KGZ;703,00;Kyrgyzstan 2004;KGZ04;135,70;1,99;1,23;0,48
417,00;Kyrgyzstan;2005;417;Kyrgyzstan;KGZ;703,00;Kyrgyzstan 2005;KGZ05;129,95;1,98;1,17;0,40
417,00;Kyrgyzstan;2006;417;Kyrgyzstan;KGZ;703,00;Kyrgyzstan 2006;KGZ06;130,07;1,97;1,18;0,40
417,00;Kyrgyzstan;2007;417;Kyrgyzstan;KGZ;703,00;Kyrgyzstan 2007;KGZ07;122,38;1,84;1,04;0,46
417,00;Kyrgyzstan;2008;417;Kyrgyzstan;KGZ;703,00;Kyrgyzstan 2008;KGZ08;118,77;1,84;0,96;0,45
417,00;Kyrgyzstan;2009;417;Kyrgyzstan;KGZ;703,00;Kyrgyzstan 2009;KGZ09;123,11;1,83;1,09;0,44
417,00;Kyrgyzstan;2010;417;Kyrgyzstan;KGZ;703,00;Kyrgyzstan 2010;KGZ10;122,65;1,73;1,18;0,44
417,00;Kyrgyzstan;2011;417;Kyrgyzstan;KGZ;703,00;Kyrgyzstan 2011;KGZ11;120,57;1,79;1,06;0,44
417,00;Kyrgyzstan;2012;417;Kyrgyzstan;KGZ;703,00;Kyrgyzstan 2012;KGZ12;123,51;1,78;1,16;0,43
417,00;Kyrgyzstan;2013;417;Kyrgyzstan;KGZ;703,00;Kyrgyzstan 2013;KGZ13;122,89;1,77;1,16;0,43
417,00;Kyrgyzstan;2014;417;Kyrgyzstan;KGZ;703,00;Kyrgyzstan 2014;KGZ14;124,52;1,76;1,22;0,42
417,00;Kyrgyzstan;2015;417;Kyrgyzstan;KGZ;703,00;Kyrgyzstan 2015;KGZ15;124,14;1,73;1,24;0,42
417,00;Kyrgyzstan;2016;417;Kyrgyzstan;KGZ;703,00;Kyrgyzstan 2016;KGZ16;122,98;1,71;1,23;0,42
417,00;Kyrgyzstan;2017;417;Kyrgyzstan;KGZ;703,00;Kyrgyzstan 2017;KGZ17;120,38;1,70;1,18;0,41
417,00;Kyrgyzstan;2018;417;Kyrgyzstan;KGZ;703,00;Kyrgyzstan 2018;KGZ18;120,47;1,68;1,20;0,41
417,00;Kyrgyzstan;2019;417;Kyrgyzstan;KGZ;703,00;Kyrgyzstan 2019;KGZ19;116,96;1,67;1,13;0,40
417,00;Kyrgyzstan;2020;417;Kyrgyzstan;KGZ;703,00;Kyrgyzstan 2020;KGZ20;119,41;1,66;1,21;0,39
417,00;Kyrgyzstan;2021;417;Kyrgyzstan;KGZ;703,00;Kyrgyzstan 2021;KGZ21;138,95;1,64;1,76;0,39
417,00;Kyrgyzstan;2022;417;Kyrgyzstan;KGZ;703,00;Kyrgyzstan 2022;KGZ22;142,72;1,67;1,84;0,39
417,00;Kyrgyzstan;2023;417;Kyrgyzstan;KGZ;703,00;Kyrgyzstan 2023;KGZ23;149,50;1,66;2,03;0,38
418,00;Lao People's Democratic Republic (the);1992;418;Laos;LAO;812,00;Laos 1992;LAO92;251,24;1,22;3,44;1,47
418,00;Lao People's Democratic Republic (the);1993;418;Laos;LAO;812,00;Laos 1993;LAO93;243,53;1,21;3,30;1,44
418,00;Lao People's Democratic Republic (the);1994;418;Laos;LAO;812,00;Laos 1994;LAO94;265,34;1,19;3,16;1,40
418,00;Lao People's Democratic Republic (the);1995;418;Laos;LAO;812,00;Laos 1995;LAO95;239,56;1,18;2,79;2,53
418,00;Lao People's Democratic Republic (the);1996;418;Laos;LAO;812,00;Laos 1996;LAO96;221,85;1,17;2,36;2,50
418,00;Lao People's Democratic Republic (the);1997;418;Laos;LAO;812,00;Laos 1997;LAO97;209,45;1,15;2,16;2,38
418,00;Lao People's Democratic Republic (the);1998;418;Laos;LAO;812,00;Laos 1998;LAO98;189,71;1,13;1,66;2,36
418,00;Lao People's Democratic Republic (the);1999;418;Laos;LAO;812,00;Laos 1999;LAO99;162,48;1,12;0,96;2,34
418,00;Lao People's Democratic Republic (the);2000;418;Laos;LAO;812,00;Laos 2000;LAO00;152,91;1,07;0,75;2,34
418,00;Lao People's Democratic Republic (the);2001;418;Laos;LAO;812,00;Laos 2001;LAO01;148,81;1,04;0,69;2,32
418,00;Lao People's Democratic Republic (the);2002;418;Laos;LAO;812,00;Laos 2002;LAO02;140,41;0,92;0,60;2,31
418,00;Lao People's Democratic Republic (the);2003;418;Laos;LAO;812,00;Laos 2003;LAO03;135,90;0,91;0,51;2,29
418,00;Lao People's Democratic Republic (the);2004;418;Laos;LAO;812,00;Laos 2004;LAO04;132,35;0,93;0,47;2,20
418,00;Lao People's Democratic Republic (the);2005;418;Laos;LAO;812,00;Laos 2005;LAO05;132,33;0,92;0,44;2,25
418,00;Lao People's Democratic Republic (the);2006;418;Laos;LAO;812,00;Laos 2006;LAO06;129,99;0,91;0,40;2,23
418,00;Lao People's Democratic Republic (the);2007;418;Laos;LAO;812,00;Laos 2007;LAO07;127,64;0,91;0,36;2,22
418,00;Lao People's Democratic Republic (the);2008;418;Laos;LAO;812,00;Laos 2008;LAO08;125,64;0,90;0,33;2,20
418,00;Lao People's Democratic Republic (the);2009;418;Laos;LAO;812,00;Laos 2009;LAO09;121,98;0,89;0,26;2,19
418,00;Lao People's Democratic Republic (the);2010;418;Laos;LAO;812,00;Laos 2010;LAO10;118,37;0,89;0,25;2,09
418,00;Lao People's Democratic Republic (the);2011;418;Laos;LAO;812,00;Laos 2011;LAO11;116,20;0,81;0,29;2,08
418,00;Lao People's Democratic Republic (the);2012;418;Laos;LAO;812,00;Laos 2012;LAO12;114,71;0,80;0,27;2,07
418,00;Lao People's Democratic Republic (the);2013;418;Laos;LAO;812,00;Laos 2013;LAO13;112,90;0,79;0,25;2,05
418,00;Lao People's Democratic Republic (the);2014;418;Laos;LAO;812,00;Laos 2014;LAO14;110,73;0,79;0,25;1,99
418,00;Lao People's Democratic Republic (the);2015;418;Laos;LAO;812,00;Laos 2015;LAO15;109,15;0,78;0,24;1,96
418,00;Lao People's Democratic Republic (the);2016;418;Laos;LAO;812,00;Laos 2016;LAO16;109,01;0,77;0,25;1,96
422,00;Lebanon;1990;422;Lebanon;LBN;660,00;Lebanon 1990;LBN90;218,66;2,38;2,57;0,40
422,00;Lebanon;1991;422;Lebanon;LBN;660,00;Lebanon 1991;LBN91;196,27;2,30;2,14;0,36
422,00;Lebanon;1992;422;Lebanon;LBN;660,00;Lebanon 1992;LBN92;214,01;2,00;2,65;0,58
422,00;Lebanon;1993;422;Lebanon;LBN;660,00;Lebanon 1993;LBN93;221,80;2,44;2,33;0,65
422,00;Lebanon;1994;422;Lebanon;LBN;660,00;Lebanon 1994;LBN94;264,22;2,49;2,52;0,73
422,00;Lebanon;1995;422;Lebanon;LBN;660,00;Lebanon 1995;LBN95;232,21;2,46;2,50;0,72
422,00;Lebanon;1996;422;Lebanon;LBN;660,00;Lebanon 1996;LBN96;226,73;2,50;2,28;0,76
422,00;Lebanon;1997;422;Lebanon;LBN;660,00;Lebanon 1997;LBN97;215,03;2,45;1,98;0,82
422,00;Lebanon;1998;422;Lebanon;LBN;660,00;Lebanon 1998;LBN98;215,04;2,51;1,94;0,81
422,00;Lebanon;1999;422;Lebanon;LBN;660,00;Lebanon 1999;LBN99;230,01;2,54;2,14;0,94
422,00;Lebanon;2000;422;Lebanon;LBN;660,00;Lebanon 2000;LBN00;234,47;2,57;2,28;0,88
422,00;Lebanon;2001;422;Lebanon;LBN;660,00;Lebanon 2001;LBN01;234,80;2,56;2,30;1,51
422,00;Lebanon;2002;422;Lebanon;LBN;660,00;Lebanon 2002;LBN02;229,64;2,56;2,18;1,50
422,00;Lebanon;2003;422;Lebanon;LBN;660,00;Lebanon 2003;LBN03;228,73;2,54;2,18;1,49
422,00;Lebanon;2004;422;Lebanon;LBN;660,00;Lebanon 2004;LBN04;227,29;2,53;2,16;1,48
422,00;Lebanon;2005;422;Lebanon;LBN;660,00;Lebanon 2005;LBN05;225,96;2,50;2,17;1,46
422,00;Lebanon;2006;422;Lebanon;LBN;660,00;Lebanon 2006;LBN06;224,22;2,49;2,15;1,45
422,00;Lebanon;2007;422;Lebanon;LBN;660,00;Lebanon 2007;LBN07;220,10;2,49;2,17;1,32
422,00;Lebanon;2008;422;Lebanon;LBN;660,00;Lebanon 2008;LBN08;214,04;2,47;2,03;1,31
422,00;Lebanon;2009;422;Lebanon;LBN;660,00;Lebanon 2009;LBN09;216,22;2,47;2,07;1,34
422,00;Lebanon;2010;422;Lebanon;LBN;660,00;Lebanon 2010;LBN10;214,55;2,42;2,08;1,32
422,00;Lebanon;2011;422;Lebanon;LBN;660,00;Lebanon 2011;LBN11;211,60;2,44;2,03;1,28
422,00;Lebanon;2012;422;Lebanon;LBN;660,00;Lebanon 2012;LBN12;213,08;2,46;2,06;1,27
422,00;Lebanon;2013;422;Lebanon;LBN;660,00;Lebanon 2013;LBN13;210,31;2,40;2,11;1,21
422,00;Lebanon;2014;422;Lebanon;LBN;660,00;Lebanon 2014;LBN14;210,70;2,35;2,22;1,15
422,00;Lebanon;2015;422;Lebanon;LBN;660,00;Lebanon 2015;LBN15;209,03;2,38;2,18;1,12
422,00;Lebanon;2016;422;Lebanon;LBN;660,00;Lebanon 2016;LBN16;215,21;2,40;2,30;1,14
422,00;Lebanon;2017;422;Lebanon;LBN;660,00;Lebanon 2017;LBN17;211,25;2,42;2,17;1,15
422,00;Lebanon;2018;422;Lebanon;LBN;660,00;Lebanon 2018;LBN18;215,69;2,46;2,24;1,16
422,00;Lebanon;2019;422;Lebanon;LBN;660,00;Lebanon 2019;LBN19;210,19;2,48;2,07;1,17
422,00;Lebanon;2020;422;Lebanon;LBN;660,00;Lebanon 2020;LBN20;199,25;2,49;1,74;1,18
422,00;Lebanon;2021;422;Lebanon;LBN;660,00;Lebanon 2021;LBN21;201,49;2,50;1,78;1,19
422,00;Lebanon;2022;422;Lebanon;LBN;660,00;Lebanon 2022;LBN22;197,18;2,51;1,64;1,20
422,00;Lebanon;2023;422;Lebanon;LBN;660,00;Lebanon 2023;LBN23;246,25;2,53;2,93;1,22
426,00;Lesotho;1990;426;Lesotho;LSO;570,00;Lesotho 1990;LSO90;90,42;0,30;1,88;0,06
426,00;Lesotho;1991;426;Lesotho;LSO;570,00;Lesotho 1991;LSO91;81,71;0,30;1,67;0,05
426,00;Lesotho;1992;426;Lesotho;LSO;570,00;Lesotho 1992;LSO92;87,49;0,50;1,61;0,05
426,00;Lesotho;1993;426;Lesotho;LSO;570,00;Lesotho 1993;LSO93;83,94;0,49;1,53;0,05
426,00;Lesotho;1994;426;Lesotho;LSO;570,00;Lesotho 1994;LSO94;99,20;0,49;1,64;0,05
426,00;Lesotho;1995;426;Lesotho;LSO;570,00;Lesotho 1995;LSO95;95,12;0,48;1,81;0,05
426,00;Lesotho;1996;426;Lesotho;LSO;570,00;Lesotho 1996;LSO96;89,07;0,48;1,67;0,05
426,00;Lesotho;1997;426;Lesotho;LSO;570,00;Lesotho 1997;LSO97;86,86;0,44;1,66;0,05
426,00;Lesotho;1998;426;Lesotho;LSO;570,00;Lesotho 1998;LSO98;88,66;0,44;1,70;0,05
426,00;Lesotho;1999;426;Lesotho;LSO;570,00;Lesotho 1999;LSO99;110,99;0,44;1,94;0,05
426,00;Lesotho;2000;426;Lesotho;LSO;570,00;Lesotho 2000;LSO00;97,03;0,44;1,91;0,05
426,00;Lesotho;2001;426;Lesotho;LSO;570,00;Lesotho 2001;LSO01;90,46;0,54;1,65;0,05
426,00;Lesotho;2002;426;Lesotho;LSO;570,00;Lesotho 2002;LSO02;87,96;0,54;1,59;0,05
426,00;Lesotho;2003;426;Lesotho;LSO;570,00;Lesotho 2003;LSO03;108,33;0,54;1,55;0,88
426,00;Lesotho;2004;426;Lesotho;LSO;570,00;Lesotho 2004;LSO04;87,13;0,07;1,45;0,88
426,00;Lesotho;2005;426;Lesotho;LSO;570,00;Lesotho 2005;LSO05;86,66;0,07;1,43;0,88
426,00;Lesotho;2006;426;Lesotho;LSO;570,00;Lesotho 2006;LSO06;86,13;0,07;1,42;0,88
426,00;Lesotho;2007;426;Lesotho;LSO;570,00;Lesotho 2007;LSO07;89,41;0,07;1,51;0,88
426,00;Lesotho;2008;426;Lesotho;LSO;570,00;Lesotho 2008;LSO08;75,46;0,06;1,13;0,88
426,00;Lesotho;2009;426;Lesotho;LSO;570,00;Lesotho 2009;LSO09;68,94;0,06;1,60;0,05
426,00;Lesotho;2010;426;Lesotho;LSO;570,00;Lesotho 2010;LSO10;95,44;0,06;1,78;0,77
426,00;Lesotho;2011;426;Lesotho;LSO;570,00;Lesotho 2011;LSO11;82,02;0,06;1,42;0,77
426,00;Lesotho;2012;426;Lesotho;LSO;570,00;Lesotho 2012;LSO12;79,82;0,06;1,36;0,77
426,00;Lesotho;2013;426;Lesotho;LSO;570,00;Lesotho 2013;LSO13;77,49;0,06;1,30;0,77
426,00;Lesotho;2014;426;Lesotho;LSO;570,00;Lesotho 2014;LSO14;77,86;0,09;1,28;0,77
426,00;Lesotho;2015;426;Lesotho;LSO;570,00;Lesotho 2015;LSO15;76,77;0,09;1,25;0,77
426,00;Lesotho;2016;426;Lesotho;LSO;570,00;Lesotho 2016;LSO16;57,49;0,09;1,30;0,05
426,00;Lesotho;2017;426;Lesotho;LSO;570,00;Lesotho 2017;LSO17;61,74;0,09;1,40;0,05
426,00;Lesotho;2018;426;Lesotho;LSO;570,00;Lesotho 2018;LSO18;61,81;0,09;1,29;0,33
426,00;Lesotho;2019;426;Lesotho;LSO;570,00;Lesotho 2019;LSO19;59,51;0,09;1,23;0,33
426,00;Lesotho;2020;426;Lesotho;LSO;570,00;Lesotho 2020;LSO20;60,23;0,08;1,25;0,33
426,00;Lesotho;2021;426;Lesotho;LSO;570,00;Lesotho 2021;LSO21;54,39;0,08;1,09;0,33
426,00;Lesotho;2022;426;Lesotho;LSO;570,00;Lesotho 2022;LSO22;59,15;0,22;1,08;0,33
426,00;Lesotho;2023;426;Lesotho;LSO;570,00;Lesotho 2023;LSO23;59,42;0,22;1,09;0,33
428,00;Latvia;1993;428;Latvia;LVA;367,00;Latvia 1993;LVA93;49,17;0,00;0,68;0,69
428,00;Latvia;1994;428;Latvia;LVA;367,00;Latvia 1994;LVA94;39,81;0,00;0,75;0,36
428,00;Latvia;1995;428;Latvia;LVA;367,00;Latvia 1995;LVA95;69,65;0,82;0,73;0,38
428,00;Latvia;1996;428;Latvia;LVA;367,00;Latvia 1996;LVA96;59,93;0,64;0,60;0,41
428,00;Latvia;1997;428;Latvia;LVA;367,00;Latvia 1997;LVA97;57,82;0,63;0,55;0,42
428,00;Latvia;1998;428;Latvia;LVA;367,00;Latvia 1998;LVA98;59,15;0,63;0,56;0,45
428,00;Latvia;1999;428;Latvia;LVA;367,00;Latvia 1999;LVA99;65,61;0,66;0,68;0,48
428,00;Latvia;2000;428;Latvia;LVA;367,00;Latvia 2000;LVA00;69,64;0,69;0,79;0,44
428,00;Latvia;2001;428;Latvia;LVA;367,00;Latvia 2001;LVA01;76,03;0,70;0,89;0,51
428,00;Latvia;2002;428;Latvia;LVA;367,00;Latvia 2002;LVA02;85,02;0,70;1,17;0,46
428,00;Latvia;2003;428;Latvia;LVA;367,00;Latvia 2003;LVA03;85,89;0,71;1,22;0,43
428,00;Latvia;2004;428;Latvia;LVA;367,00;Latvia 2004;LVA04;84,95;0,71;1,19;0,43
428,00;Latvia;2005;428;Latvia;LVA;367,00;Latvia 2005;LVA05;75,45;0,56;1,21;0,31
428,00;Latvia;2006;428;Latvia;LVA;367,00;Latvia 2006;LVA06;77,67;0,57;1,26;0,31
428,00;Latvia;2007;428;Latvia;LVA;367,00;Latvia 2007;LVA07;91,30;0,57;1,19;0,75
428,00;Latvia;2008;428;Latvia;LVA;367,00;Latvia 2008;LVA08;91,83;0,57;1,22;0,72
428,00;Latvia;2009;428;Latvia;LVA;367,00;Latvia 2009;LVA09;72,17;0,58;1,08;0,33
428,00;Latvia;2010;428;Latvia;LVA;367,00;Latvia 2010;LVA10;66,41;0,59;0,90;0,34
428,00;Latvia;2011;428;Latvia;LVA;367,00;Latvia 2011;LVA11;64,91;0,60;0,91;0,29
428,00;Latvia;2012;428;Latvia;LVA;367,00;Latvia 2012;LVA12;66,21;0,70;0,81;0,32
428,00;Latvia;2013;428;Latvia;LVA;367,00;Latvia 2013;LVA13;65,79;0,67;0,83;0,32
428,00;Latvia;2014;428;Latvia;LVA;367,00;Latvia 2014;LVA14;66,08;0,68;0,83;0,32
428,00;Latvia;2015;428;Latvia;LVA;367,00;Latvia 2015;LVA15;69,80;0,72;0,89;0,32
428,00;Latvia;2016;428;Latvia;LVA;367,00;Latvia 2016;LVA16;77,17;0,68;1,11;0,33
428,00;Latvia;2017;428;Latvia;LVA;367,00;Latvia 2017;LVA17;80,38;0,69;1,19;0,33
428,00;Latvia;2018;428;Latvia;LVA;367,00;Latvia 2018;LVA18;105,03;1,06;1,41;0,40
428,00;Latvia;2019;428;Latvia;LVA;367,00;Latvia 2019;LVA19;104,57;1,07;1,38;0,42
428,00;Latvia;2020;428;Latvia;LVA;367,00;Latvia 2020;LVA20;105,23;1,07;1,42;0,39
428,00;Latvia;2021;428;Latvia;LVA;367,00;Latvia 2021;LVA21;108,20;1,10;1,35;0,50
428,00;Latvia;2022;428;Latvia;LVA;367,00;Latvia 2022;LVA22;109,31;1,21;1,36;0,42
428,00;Latvia;2023;428;Latvia;LVA;367,00;Latvia 2023;LVA23;116,64;1,34;1,43;0,43
430,00;Liberia;1990;430;Liberia;LBR;450,00;Liberia 1990;LBR90;97,43;0,40;1,61;0,39
430,00;Liberia;1991;430;Liberia;LBR;450,00;Liberia 1991;LBR91;137,39;0,00;2,93;0,44
430,00;Liberia;1992;430;Liberia;LBR;450,00;Liberia 1992;LBR92;156,55;0,00;3,42;0,42
430,00;Liberia;1993;430;Liberia;LBR;450,00;Liberia 1993;LBR93;196,17;0,00;4,40;0,40
430,00;Liberia;1994;430;Liberia;LBR;450,00;Liberia 1994;LBR94;315,93;0,00;5,14;0,00
430,00;Liberia;1995;430;Liberia;LBR;450,00;Liberia 1995;LBR95;210,10;0,00;5,14;0,00
430,00;Liberia;1996;430;Liberia;LBR;450,00;Liberia 1996;LBR96;234,11;0,58;5,14;0,00
430,00;Liberia;1997;430;Liberia;LBR;450,00;Liberia 1997;LBR97;232,87;0,55;5,14;0,00
430,00;Liberia;2004;430;Liberia;LBR;450,00;Liberia 2004;LBR04;72,60;0,00;0,59;1,41
430,00;Liberia;2005;430;Liberia;LBR;450,00;Liberia 2005;LBR05;83,07;0,00;0,74;1,54
430,00;Liberia;2006;430;Liberia;LBR;450,00;Liberia 2006;LBR06;48,28;0,00;0,47;0,87
430,00;Liberia;2007;430;Liberia;LBR;450,00;Liberia 2007;LBR07;41,52;0,00;0,34;0,82
430,00;Liberia;2008;430;Liberia;LBR;450,00;Liberia 2008;LBR08;55,52;0,00;0,49;1,05
430,00;Liberia;2009;430;Liberia;LBR;450,00;Liberia 2009;LBR09;53,12;0,00;0,57;0,90
430,00;Liberia;2010;430;Liberia;LBR;450,00;Liberia 2010;LBR10;56,05;0,00;0,69;0,87
430,00;Liberia;2011;430;Liberia;LBR;450,00;Liberia 2011;LBR11;61,48;0,00;0,84;0,86
430,00;Liberia;2012;430;Liberia;LBR;450,00;Liberia 2012;LBR12;64,69;0,00;0,93;0,86
430,00;Liberia;2013;430;Liberia;LBR;450,00;Liberia 2013;LBR13;63,04;0,00;0,89;0,86
430,00;Liberia;2014;430;Liberia;LBR;450,00;Liberia 2014;LBR14;61,15;0,00;0,84;0,86
430,00;Liberia;2015;430;Liberia;LBR;450,00;Liberia 2015;LBR15;55,27;0,00;0,83;0,70
430,00;Liberia;2016;430;Liberia;LBR;450,00;Liberia 2016;LBR16;55,66;0,00;0,84;0,70
430,00;Liberia;2017;430;Liberia;LBR;450,00;Liberia 2017;LBR17;53,01;0,00;0,77;0,71
430,00;Liberia;2018;430;Liberia;LBR;450,00;Liberia 2018;LBR18;49,17;0,00;0,76;0,60
430,00;Liberia;2019;430;Liberia;LBR;450,00;Liberia 2019;LBR19;49,79;0,00;0,78;0,60
430,00;Liberia;2020;430;Liberia;LBR;450,00;Liberia 2020;LBR20;50,33;0,04;0,76;0,60
430,00;Liberia;2021;430;Liberia;LBR;450,00;Liberia 2021;LBR21;68,53;0,04;1,25;0,60
430,00;Liberia;2022;430;Liberia;LBR;450,00;Liberia 2022;LBR22;74,96;0,04;1,42;0,60
430,00;Liberia;2023;430;Liberia;LBR;450,00;Liberia 2023;LBR23;72,43;0,04;1,36;0,60
434,00;Libya;1997;434;Libya;LBY;620,00;Libya 1997;LBY97;253,86;3,18;2,35;1,35
434,00;Libya;1998;434;Libya;LBY;620,00;Libya 1998;LBY98;263,83;3,17;2,64;1,34
434,00;Libya;1999;434;Libya;LBY;620,00;Libya 1999;LBY99;247,85;3,16;2,23;1,33
434,00;Libya;2000;434;Libya;LBY;620,00;Libya 2000;LBY00;245,28;3,15;2,04;1,46
434,00;Libya;2001;434;Libya;LBY;620,00;Libya 2001;LBY01;229,23;3,10;1,68;1,44
434,00;Libya;2002;434;Libya;LBY;620,00;Libya 2002;LBY02;224,88;3,21;1,48;1,42
434,00;Libya;2003;434;Libya;LBY;620,00;Libya 2003;LBY03;223,40;3,20;1,52;0,73
434,00;Libya;2004;434;Libya;LBY;620,00;Libya 2004;LBY04;224,94;3,17;1,57;1,36
434,00;Libya;2005;434;Libya;LBY;620,00;Libya 2005;LBY05;217,09;3,19;1,37;1,34
434,00;Libya;2006;434;Libya;LBY;620,00;Libya 2006;LBY06;206,69;3,17;1,12;1,33
434,00;Libya;2007;434;Libya;LBY;620,00;Libya 2007;LBY07;200,19;3,15;0,97;1,31
434,00;Libya;2008;434;Libya;LBY;620,00;Libya 2008;LBY08;210,24;3,14;1,38;1,19
434,00;Libya;2009;434;Libya;LBY;620,00;Libya 2009;LBY09;204,32;3,14;1,24;1,16
434,00;Libya;2010;434;Libya;LBY;620,00;Libya 2010;LBY10;203,53;3,11;1,27;1,15
434,00;Libya;2011;434;Libya;LBY;620,00;Libya 2011;LBY11;88,56;0,03;1,22;1,18
434,00;Libya;2012;434;Libya;LBY;620,00;Libya 2012;LBY12;125,59;0,03;2,18;1,22
434,00;Libya;2013;434;Libya;LBY;620,00;Libya 2013;LBY13;141,64;0,49;3,14;0,23
434,00;Libya;2014;434;Libya;LBY;620,00;Libya 2014;LBY14;167,52;0,14;4,25;0,17
434,00;Libya;2015;434;Libya;LBY;620,00;Libya 2015;LBY15;164,12;0,04;4,25;0,18
434,00;Libya;2016;434;Libya;LBY;620,00;Libya 2016;LBY16;162,91;0,01;4,25;0,18
434,00;Libya;2017;434;Libya;LBY;620,00;Libya 2017;LBY17;134,04;0,01;2,93;0,16
440,00;Lithuania;1993;440;Lithuania;LTU;368,00;Lithuania 1993;LTU93;42,93;0,15;0,75;0,30
440,00;Lithuania;1994;440;Lithuania;LTU;368,00;Lithuania 1994;LTU94;36,76;0,26;0,50;0,28
440,00;Lithuania;1995;440;Lithuania;LTU;368,00;Lithuania 1995;LTU95;42,87;0,46;0,46;0,28
440,00;Lithuania;1996;440;Lithuania;LTU;368,00;Lithuania 1996;LTU96;44,25;0,43;0,50;0,31
440,00;Lithuania;1997;440;Lithuania;LTU;368,00;Lithuania 1997;LTU97;49,15;0,37;0,69;0,31
440,00;Lithuania;1998;440;Lithuania;LTU;368,00;Lithuania 1998;LTU98;67,62;0,41;0,99;0,47
440,00;Lithuania;1999;440;Lithuania;LTU;368,00;Lithuania 1999;LTU99;62,68;0,41;0,83;0,49
440,00;Lithuania;2000;440;Lithuania;LTU;368,00;Lithuania 2000;LTU00;72,11;0,49;0,98;0,52
440,00;Lithuania;2001;440;Lithuania;LTU;368,00;Lithuania 2001;LTU01;95,88;0,82;1,07;0,74
440,00;Lithuania;2002;440;Lithuania;LTU;368,00;Lithuania 2002;LTU02;107,37;1,17;1,02;0,75
440,00;Lithuania;2003;440;Lithuania;LTU;368,00;Lithuania 2003;LTU03;109,31;1,33;0,93;0,73
440,00;Lithuania;2004;440;Lithuania;LTU;368,00;Lithuania 2004;LTU04;112,82;1,34;0,99;0,76
440,00;Lithuania;2005;440;Lithuania;LTU;368,00;Lithuania 2005;LTU05;112,45;1,35;0,96;0,76
440,00;Lithuania;2006;440;Lithuania;LTU;368,00;Lithuania 2006;LTU06;119,43;1,58;0,96;0,72
440,00;Lithuania;2007;440;Lithuania;LTU;368,00;Lithuania 2007;LTU07;113,40;1,50;0,93;0,67
440,00;Lithuania;2008;440;Lithuania;LTU;368,00;Lithuania 2008;LTU08;113,04;1,50;0,93;0,66
440,00;Lithuania;2009;440;Lithuania;LTU;368,00;Lithuania 2009;LTU09;111,78;1,51;0,88;0,67
440,00;Lithuania;2010;440;Lithuania;LTU;368,00;Lithuania 2010;LTU10;109,42;1,52;0,76;0,71
440,00;Lithuania;2011;440;Lithuania;LTU;368,00;Lithuania 2011;LTU11;108,16;1,53;0,71;0,72
440,00;Lithuania;2012;440;Lithuania;LTU;368,00;Lithuania 2012;LTU12;93,87;1,20;0,69;0,68
440,00;Lithuania;2013;440;Lithuania;LTU;368,00;Lithuania 2013;LTU13;93,94;1,20;0,69;0,68
440,00;Lithuania;2014;440;Lithuania;LTU;368,00;Lithuania 2014;LTU14;95,97;1,21;0,77;0,65
440,00;Lithuania;2015;440;Lithuania;LTU;368,00;Lithuania 2015;LTU15;119,53;1,54;0,93;0,80
440,00;Lithuania;2016;440;Lithuania;LTU;368,00;Lithuania 2016;LTU16;127,62;1,55;1,12;0,81
440,00;Lithuania;2017;440;Lithuania;LTU;368,00;Lithuania 2017;LTU17;133,87;1,56;1,24;0,85
440,00;Lithuania;2018;440;Lithuania;LTU;368,00;Lithuania 2018;LTU18;144,54;1,62;1,36;0,96
440,00;Lithuania;2019;440;Lithuania;LTU;368,00;Lithuania 2019;LTU19;147,81;1,66;1,36;1,01
440,00;Lithuania;2020;440;Lithuania;LTU;368,00;Lithuania 2020;LTU20;151,15;1,70;1,38;1,04
440,00;Lithuania;2021;440;Lithuania;LTU;368,00;Lithuania 2021;LTU21;151,99;1,80;1,32;1,02
440,00;Lithuania;2022;440;Lithuania;LTU;368,00;Lithuania 2022;LTU22;161,11;1,84;1,53;1,01
440,00;Lithuania;2023;440;Lithuania;LTU;368,00;Lithuania 2023;LTU23;177,46;2,05;1,63;1,15
442,00;Luxembourg;1990;442;Luxembourg;LUX;212,00;Luxembourg 1990;LUX90;62,30;0,57;0,72;0,43
442,00;Luxembourg;1991;442;Luxembourg;LUX;212,00;Luxembourg 1991;LUX91;63,05;0,56;0,74;0,44
442,00;Luxembourg;1992;442;Luxembourg;LUX;212,00;Luxembourg 1992;LUX92;62,89;0,56;0,75;0,43
442,00;Luxembourg;1993;442;Luxembourg;LUX;212,00;Luxembourg 1993;LUX93;59,09;0,55;0,66;0,42
442,00;Luxembourg;1994;442;Luxembourg;LUX;212,00;Luxembourg 1994;LUX94;66,37;0,55;0,69;0,42
442,00;Luxembourg;1995;442;Luxembourg;LUX;212,00;Luxembourg 1995;LUX95;54,83;0,54;0,57;0,41
442,00;Luxembourg;1996;442;Luxembourg;LUX;212,00;Luxembourg 1996;LUX96;54,00;0,54;0,57;0,40
442,00;Luxembourg;1997;442;Luxembourg;LUX;212,00;Luxembourg 1997;LUX97;54,56;0,53;0,59;0,39
442,00;Luxembourg;1998;442;Luxembourg;LUX;212,00;Luxembourg 1998;LUX98;55,12;0,53;0,61;0,39
442,00;Luxembourg;1999;442;Luxembourg;LUX;212,00;Luxembourg 1999;LUX99;33,47;0,00;0,55;0,39
442,00;Luxembourg;2000;442;Luxembourg;LUX;212,00;Luxembourg 2000;LUX00;33,61;0,00;0,53;0,42
442,00;Luxembourg;2001;442;Luxembourg;LUX;212,00;Luxembourg 2001;LUX01;37,24;0,00;0,63;0,42
442,00;Luxembourg;2002;442;Luxembourg;LUX;212,00;Luxembourg 2002;LUX02;28,12;0,00;0,55;0,17
442,00;Luxembourg;2003;442;Luxembourg;LUX;212,00;Luxembourg 2003;LUX03;28,60;0,00;0,57;0,17
442,00;Luxembourg;2004;442;Luxembourg;LUX;212,00;Luxembourg 2004;LUX04;28,51;0,00;0,57;0,16
442,00;Luxembourg;2005;442;Luxembourg;LUX;212,00;Luxembourg 2005;LUX05;32,71;0,00;0,55;0,38
442,00;Luxembourg;2006;442;Luxembourg;LUX;212,00;Luxembourg 2006;LUX06;30,78;0,00;0,50;0,37
442,00;Luxembourg;2007;442;Luxembourg;LUX;212,00;Luxembourg 2007;LUX07;29,98;0,00;0,49;0,36
442,00;Luxembourg;2008;442;Luxembourg;LUX;212,00;Luxembourg 2008;LUX08;25,36;0,00;0,37;0,35
442,00;Luxembourg;2009;442;Luxembourg;LUX;212,00;Luxembourg 2009;LUX09;25,20;0,00;0,37;0,35
442,00;Luxembourg;2010;442;Luxembourg;LUX;212,00;Luxembourg 2010;LUX10;27,19;0,00;0,44;0,34
442,00;Luxembourg;2011;442;Luxembourg;LUX;212,00;Luxembourg 2011;LUX11;83,71;1,58;0,39;0,33
442,00;Luxembourg;2012;442;Luxembourg;LUX;212,00;Luxembourg 2012;LUX12;82,46;1,56;0,38;0,33
442,00;Luxembourg;2013;442;Luxembourg;LUX;212,00;Luxembourg 2013;LUX13;81,67;1,55;0,38;0,32
442,00;Luxembourg;2014;442;Luxembourg;LUX;212,00;Luxembourg 2014;LUX14;81,11;1,54;0,38;0,31
442,00;Luxembourg;2015;442;Luxembourg;LUX;212,00;Luxembourg 2015;LUX15;82,00;1,52;0,43;0,30
442,00;Luxembourg;2016;442;Luxembourg;LUX;212,00;Luxembourg 2016;LUX16;80,05;1,51;0,40;0,30
442,00;Luxembourg;2017;442;Luxembourg;LUX;212,00;Luxembourg 2017;LUX17;82,90;1,49;0,50;0,29
442,00;Luxembourg;2018;442;Luxembourg;LUX;212,00;Luxembourg 2018;LUX18;82,48;1,48;0,50;0,28
442,00;Luxembourg;2019;442;Luxembourg;LUX;212,00;Luxembourg 2019;LUX19;83,25;1,47;0,54;0,28
442,00;Luxembourg;2020;442;Luxembourg;LUX;212,00;Luxembourg 2020;LUX20;80,61;1,46;0,56;0,20
442,00;Luxembourg;2021;442;Luxembourg;LUX;212,00;Luxembourg 2021;LUX21;77,01;1,45;0,47;0,20
442,00;Luxembourg;2022;442;Luxembourg;LUX;212,00;Luxembourg 2022;LUX22;81,26;1,44;0,60;0,20
442,00;Luxembourg;2023;442;Luxembourg;LUX;212,00;Luxembourg 2023;LUX23;90,30;1,43;0,69;0,11
450,00;Madagascar;1990;450;Madagascar;MDG;580,00;Madagascar 1990;MDG90;62,51;0,36;1,07;0,12
450,00;Madagascar;1991;450;Madagascar;MDG;580,00;Madagascar 1991;MDG91;66,68;0,43;1,11;0,12
450,00;Madagascar;1992;450;Madagascar;MDG;580,00;Madagascar 1992;MDG92;51,11;0,42;0,74;0,11
450,00;Madagascar;1993;450;Madagascar;MDG;580,00;Madagascar 1993;MDG93;63,98;0,49;0,99;0,11
450,00;Madagascar;1994;450;Madagascar;MDG;580,00;Madagascar 1994;MDG94;65,17;0,48;0,85;0,11
450,00;Madagascar;1995;450;Madagascar;MDG;580,00;Madagascar 1995;MDG95;54,05;0,44;0,81;0,10
450,00;Madagascar;1996;450;Madagascar;MDG;580,00;Madagascar 1996;MDG96;62,15;0,40;1,04;0,10
450,00;Madagascar;1997;450;Madagascar;MDG;580,00;Madagascar 1997;MDG97;65,97;0,37;1,18;0,10
450,00;Madagascar;1998;450;Madagascar;MDG;580,00;Madagascar 1998;MDG98;58,13;0,24;1,11;0,09
450,00;Madagascar;1999;450;Madagascar;MDG;580,00;Madagascar 1999;MDG99;61,22;0,24;1,03;0,09
450,00;Madagascar;2000;450;Madagascar;MDG;580,00;Madagascar 2000;MDG00;55,06;0,23;1,06;0,09
450,00;Madagascar;2001;450;Madagascar;MDG;580,00;Madagascar 2001;MDG01;59,65;0,24;1,18;0,06
450,00;Madagascar;2002;450;Madagascar;MDG;580,00;Madagascar 2002;MDG02;72,19;0,23;1,07;0,68
450,00;Madagascar;2003;450;Madagascar;MDG;580,00;Madagascar 2003;MDG03;71,09;0,23;1,08;0,65
450,00;Madagascar;2004;450;Madagascar;MDG;580,00;Madagascar 2004;MDG04;68,10;0,22;1,03;0,63
450,00;Madagascar;2005;450;Madagascar;MDG;580,00;Madagascar 2005;MDG05;61,18;0,19;0,92;0,59
450,00;Madagascar;2006;450;Madagascar;MDG;580,00;Madagascar 2006;MDG06;59,02;0,18;0,86;0,59
450,00;Madagascar;2007;450;Madagascar;MDG;580,00;Madagascar 2007;MDG07;58,30;0,18;0,86;0,58
450,00;Madagascar;2008;450;Madagascar;MDG;580,00;Madagascar 2008;MDG08;58,17;0,17;0,88;0,56
450,00;Madagascar;2009;450;Madagascar;MDG;580,00;Madagascar 2009;MDG09;51,46;0,17;0,71;0,55
450,00;Madagascar;2010;450;Madagascar;MDG;580,00;Madagascar 2010;MDG10;45,20;0,16;0,57;0,53
450,00;Madagascar;2011;450;Madagascar;MDG;580,00;Madagascar 2011;MDG11;49,05;0,16;0,61;0,59
450,00;Madagascar;2012;450;Madagascar;MDG;580,00;Madagascar 2012;MDG12;48,35;0,16;0,60;0,59
450,00;Madagascar;2013;450;Madagascar;MDG;580,00;Madagascar 2013;MDG13;47,04;0,15;0,60;0,56
450,00;Madagascar;2014;450;Madagascar;MDG;580,00;Madagascar 2014;MDG14;43,92;0,15;0,56;0,52
450,00;Madagascar;2015;450;Madagascar;MDG;580,00;Madagascar 2015;MDG15;42,27;0,14;0,52;0,52
450,00;Madagascar;2016;450;Madagascar;MDG;580,00;Madagascar 2016;MDG16;41,33;0,14;0,50;0,52
450,00;Madagascar;2017;450;Madagascar;MDG;580,00;Madagascar 2017;MDG17;41,62;0,14;0,51;0,51
450,00;Madagascar;2018;450;Madagascar;MDG;580,00;Madagascar 2018;MDG18;41,08;0,13;0,55;0,47
450,00;Madagascar;2019;450;Madagascar;MDG;580,00;Madagascar 2019;MDG19;42,60;0,13;0,59;0,47
450,00;Madagascar;2020;450;Madagascar;MDG;580,00;Madagascar 2020;MDG20;46,11;0,14;0,68;0,47
450,00;Madagascar;2021;450;Madagascar;MDG;580,00;Madagascar 2021;MDG21;46,84;0,14;0,70;0,47
450,00;Madagascar;2022;450;Madagascar;MDG;580,00;Madagascar 2022;MDG22;45,90;0,13;0,68;0,47
450,00;Madagascar;2023;450;Madagascar;MDG;580,00;Madagascar 2023;MDG23;45,67;0,13;0,68;0,47
454,00;Malawi;1990;454;Malawi;MWI;553,00;Malawi 1990;MWI90;61,24;0,28;1,21;0,04
454,00;Malawi;1991;454;Malawi;MWI;553,00;Malawi 1991;MWI91;53,40;0,28;1,01;0,04
454,00;Malawi;1992;454;Malawi;MWI;553,00;Malawi 1992;MWI92;62,68;0,30;1,20;0,06
454,00;Malawi;1993;454;Malawi;MWI;553,00;Malawi 1993;MWI93;58,29;0,30;1,09;0,07
454,00;Malawi;1994;454;Malawi;MWI;553,00;Malawi 1994;MWI94;61,21;0,29;1,17;0,07
454,00;Malawi;1995;454;Malawi;MWI;553,00;Malawi 1995;MWI95;33,41;0,06;0,73;0,05
454,00;Malawi;1996;454;Malawi;MWI;553,00;Malawi 1996;MWI96;36,26;0,06;0,81;0,05
454,00;Malawi;1997;454;Malawi;MWI;553,00;Malawi 1997;MWI97;37,67;0,06;0,87;0,03
454,00;Malawi;1998;454;Malawi;MWI;553,00;Malawi 1998;MWI98;32,25;0,05;0,74;0,03
454,00;Malawi;1999;454;Malawi;MWI;553,00;Malawi 1999;MWI99;31,41;0,05;0,72;0,03
454,00;Malawi;2000;454;Malawi;MWI;553,00;Malawi 2000;MWI00;32,48;0,05;0,75;0,03
454,00;Malawi;2001;454;Malawi;MWI;553,00;Malawi 2001;MWI01;36,11;0,05;0,83;0,03
454,00;Malawi;2002;454;Malawi;MWI;553,00;Malawi 2002;MWI02;21,90;0,05;0,49;0,03
454,00;Malawi;2003;454;Malawi;MWI;553,00;Malawi 2003;MWI03;20,34;0,05;0,46;0,03
454,00;Malawi;2004;454;Malawi;MWI;553,00;Malawi 2004;MWI04;56,66;0,05;0,63;0,89
454,00;Malawi;2005;454;Malawi;MWI;553,00;Malawi 2005;MWI05;67,62;0,05;0,93;0,89
454,00;Malawi;2006;454;Malawi;MWI;553,00;Malawi 2006;MWI06;59,92;0,05;0,72;0,89
454,00;Malawi;2007;454;Malawi;MWI;553,00;Malawi 2007;MWI07;59,20;0,04;0,70;0,90
454,00;Malawi;2008;454;Malawi;MWI;553,00;Malawi 2008;MWI08;60,77;0,04;0,74;0,90
454,00;Malawi;2009;454;Malawi;MWI;553,00;Malawi 2009;MWI09;63,42;0,04;0,82;0,89
454,00;Malawi;2010;454;Malawi;MWI;553,00;Malawi 2010;MWI10;57,85;0,04;0,68;0,89
454,00;Malawi;2011;454;Malawi;MWI;553,00;Malawi 2011;MWI11;56,01;0,04;0,63;0,89
454,00;Malawi;2012;454;Malawi;MWI;553,00;Malawi 2012;MWI12;58,44;0,04;0,69;0,89
454,00;Malawi;2013;454;Malawi;MWI;553,00;Malawi 2013;MWI13;62,64;0,08;0,70;0,96
454,00;Malawi;2014;454;Malawi;MWI;553,00;Malawi 2014;MWI14;56,89;0,07;0,55;0,96
454,00;Malawi;2015;454;Malawi;MWI;553,00;Malawi 2015;MWI15;54,05;0,10;0,44;0,96
454,00;Malawi;2016;454;Malawi;MWI;553,00;Malawi 2016;MWI16;44,48;0,10;0,44;0,71
454,00;Malawi;2017;454;Malawi;MWI;553,00;Malawi 2017;MWI17;54,83;0,10;0,50;0,92
454,00;Malawi;2018;454;Malawi;MWI;553,00;Malawi 2018;MWI18;43,51;0,13;0,55;0,53
454,00;Malawi;2019;454;Malawi;MWI;553,00;Malawi 2019;MWI19;47,91;0,13;0,68;0,53
454,00;Malawi;2020;454;Malawi;MWI;553,00;Malawi 2020;MWI20;58,97;0,13;0,73;0,78
454,00;Malawi;2021;454;Malawi;MWI;553,00;Malawi 2021;MWI21;56,74;0,12;0,67;0,78
454,00;Malawi;2022;454;Malawi;MWI;553,00;Malawi 2022;MWI22;62,58;0,14;0,81;0,77
454,00;Malawi;2023;454;Malawi;MWI;553,00;Malawi 2023;MWI23;63,38;0,14;0,84;0,77
458,00;Malaysia;1990;458;Malaysia (1966-);MYS;820,00;Malaysia (1966-) 1990;MYS90;145,92;1,28;1,86;0,44
458,00;Malaysia;1991;458;Malaysia (1966-);MYS;820,00;Malaysia (1966-) 1991;MYS91;156,07;1,28;2,13;0,42
458,00;Malaysia;1992;458;Malaysia (1966-);MYS;820,00;Malaysia (1966-) 1992;MYS92;159,38;1,45;2,04;0,41
458,00;Malaysia;1993;458;Malaysia (1966-);MYS;820,00;Malaysia (1966-) 1993;MYS93;155,35;1,44;2,00;0,37
458,00;Malaysia;1994;458;Malaysia (1966-);MYS;820,00;Malaysia (1966-) 1994;MYS94;154,25;1,43;1,98;0,36
458,00;Malaysia;1995;458;Malaysia (1966-);MYS;820,00;Malaysia (1966-) 1995;MYS95;146,45;1,31;1,93;0,35
458,00;Malaysia;1996;458;Malaysia (1966-);MYS;820,00;Malaysia (1966-) 1996;MYS96;136,68;1,24;1,78;0,34
458,00;Malaysia;1997;458;Malaysia (1966-);MYS;820,00;Malaysia (1966-) 1997;MYS97;130,09;1,22;1,65;0,32
458,00;Malaysia;1998;458;Malaysia (1966-);MYS;820,00;Malaysia (1966-) 1998;MYS98;117,30;1,21;1,37;0,31
458,00;Malaysia;1999;458;Malaysia (1966-);MYS;820,00;Malaysia (1966-) 1999;MYS99;126,55;1,19;1,62;0,29
458,00;Malaysia;2000;458;Malaysia (1966-);MYS;820,00;Malaysia (1966-) 2000;MYS00;126,98;1,21;1,43;0,83
458,00;Malaysia;2001;458;Malaysia (1966-);MYS;820,00;Malaysia (1966-) 2001;MYS01;134,86;1,18;1,66;0,84
458,00;Malaysia;2002;458;Malaysia (1966-);MYS;820,00;Malaysia (1966-) 2002;MYS02;136,39;1,19;1,73;0,80
458,00;Malaysia;2003;458;Malaysia (1966-);MYS;820,00;Malaysia (1966-) 2003;MYS03;143,72;1,23;1,88;0,81
458,00;Malaysia;2004;458;Malaysia (1966-);MYS;820,00;Malaysia (1966-) 2004;MYS04;140,64;1,29;1,72;0,82
458,00;Malaysia;2005;458;Malaysia (1966-);MYS;820,00;Malaysia (1966-) 2005;MYS05;138,27;1,29;1,69;0,79
458,00;Malaysia;2006;458;Malaysia (1966-);MYS;820,00;Malaysia (1966-) 2006;MYS06;134,35;1,32;1,57;0,78
458,00;Malaysia;2007;458;Malaysia (1966-);MYS;820,00;Malaysia (1966-) 2007;MYS07;132,39;1,31;1,55;0,76
458,00;Malaysia;2008;458;Malaysia (1966-);MYS;820,00;Malaysia (1966-) 2008;MYS08;126,08;1,22;1,48;0,74
458,00;Malaysia;2009;458;Malaysia (1966-);MYS;820,00;Malaysia (1966-) 2009;MYS09;123,85;1,21;1,48;0,69
458,00;Malaysia;2010;458;Malaysia (1966-);MYS;820,00;Malaysia (1966-) 2010;MYS10;114,82;1,19;1,28;0,67
458,00;Malaysia;2011;458;Malaysia (1966-);MYS;820,00;Malaysia (1966-) 2011;MYS11;113,54;1,16;1,30;0,65
458,00;Malaysia;2012;458;Malaysia (1966-);MYS;820,00;Malaysia (1966-) 2012;MYS12;106,42;1,07;1,21;0,63
458,00;Malaysia;2013;458;Malaysia (1966-);MYS;820,00;Malaysia (1966-) 2013;MYS13;106,44;1,07;1,25;0,59
458,00;Malaysia;2014;458;Malaysia (1966-);MYS;820,00;Malaysia (1966-) 2014;MYS14;107,40;1,13;1,22;0,59
458,00;Malaysia;2015;458;Malaysia (1966-);MYS;820,00;Malaysia (1966-) 2015;MYS15;108,31;1,14;1,24;0,58
458,00;Malaysia;2016;458;Malaysia (1966-);MYS;820,00;Malaysia (1966-) 2016;MYS16;105,04;1,14;1,17;0,56
458,00;Malaysia;2017;458;Malaysia (1966-);MYS;820,00;Malaysia (1966-) 2017;MYS17;96,91;1,13;0,99;0,53
458,00;Malaysia;2018;458;Malaysia (1966-);MYS;820,00;Malaysia (1966-) 2018;MYS18;93,97;1,16;0,89;0,53
458,00;Malaysia;2019;458;Malaysia (1966-);MYS;820,00;Malaysia (1966-) 2019;MYS19;84,78;0,98;0,84;0,51
458,00;Malaysia;2020;458;Malaysia (1966-);MYS;820,00;Malaysia (1966-) 2020;MYS20;86,78;0,99;0,91;0,49
458,00;Malaysia;2021;458;Malaysia (1966-);MYS;820,00;Malaysia (1966-) 2021;MYS21;87,06;1,02;0,88;0,49
458,00;Malaysia;2022;458;Malaysia (1966-);MYS;820,00;Malaysia (1966-) 2022;MYS22;84,68;1,01;0,83;0,48
458,00;Malaysia;2023;458;Malaysia (1966-);MYS;820,00;Malaysia (1966-) 2023;MYS23;79,56;0,86;0,85;0,48
466,00;Mali;1990;466;Mali;MLI;432,00;Mali 1990;MLI90;85,49;0,67;1,37;0,07
466,00;Mali;1991;466;Mali;MLI;432,00;Mali 1991;MLI91;83,81;0,63;1,37;0,07
466,00;Mali;1992;466;Mali;MLI;432,00;Mali 1992;MLI92;83,34;0,63;1,37;0,07
466,00;Mali;1993;466;Mali;MLI;432,00;Mali 1993;MLI93;74,97;0,62;1,18;0,06
466,00;Mali;1994;466;Mali;MLI;432,00;Mali 1994;MLI94;80,91;0,61;1,11;0,06
466,00;Mali;1995;466;Mali;MLI;432,00;Mali 1995;MLI95;71,66;0,54;1,18;0,06
466,00;Mali;1996;466;Mali;MLI;432,00;Mali 1996;MLI96;67,07;0,53;1,07;0,06
466,00;Mali;1997;466;Mali;MLI;432,00;Mali 1997;MLI97;68,72;0,52;1,12;0,06
466,00;Mali;1998;466;Mali;MLI;432,00;Mali 1998;MLI98;66,90;0,52;1,09;0,06
466,00;Mali;1999;466;Mali;MLI;432,00;Mali 1999;MLI99;77,30;0,51;1,14;0,06
466,00;Mali;2000;466;Mali;MLI;432,00;Mali 2000;MLI00;68,45;0,50;1,15;0,05
466,00;Mali;2001;466;Mali;MLI;432,00;Mali 2001;MLI01;66,44;0,52;1,08;0,05
466,00;Mali;2002;466;Mali;MLI;432,00;Mali 2002;MLI02;64,53;0,51;1,05;0,05
466,00;Mali;2003;466;Mali;MLI;432,00;Mali 2003;MLI03;66,84;0,48;1,13;0,05
466,00;Mali;2004;466;Mali;MLI;432,00;Mali 2004;MLI04;88,11;0,48;1,13;0,81
466,00;Mali;2005;466;Mali;MLI;432,00;Mali 2005;MLI05;85,80;0,47;1,11;0,78
466,00;Mali;2006;466;Mali;MLI;432,00;Mali 2006;MLI06;85,36;0,46;1,10;0,78
466,00;Mali;2007;466;Mali;MLI;432,00;Mali 2007;MLI07;83,42;0,45;1,09;0,75
466,00;Mali;2008;466;Mali;MLI;432,00;Mali 2008;MLI08;84,59;0,43;1,16;0,74
466,00;Mali;2009;466;Mali;MLI;432,00;Mali 2009;MLI09;78,80;0,46;1,13;0,58
466,00;Mali;2010;466;Mali;MLI;432,00;Mali 2010;MLI10;81,46;0,50;1,12;0,62
466,00;Mali;2011;466;Mali;MLI;432,00;Mali 2011;MLI11;76,64;0,47;1,07;0,57
466,00;Mali;2012;466;Mali;MLI;432,00;Mali 2012;MLI12;76,29;0,46;1,05;0,59
466,00;Mali;2013;466;Mali;MLI;432,00;Mali 2013;MLI13;56,19;0,09;1,02;0,44
466,00;Mali;2014;466;Mali;MLI;432,00;Mali 2014;MLI14;71,32;0,18;1,21;0,57
466,00;Mali;2015;466;Mali;MLI;432,00;Mali 2015;MLI15;88,89;0,18;1,65;0,61
466,00;Mali;2016;466;Mali;MLI;432,00;Mali 2016;MLI16;92,82;0,18;1,77;0,59
466,00;Mali;2017;466;Mali;MLI;432,00;Mali 2017;MLI17;100,76;0,18;1,96;0,62
466,00;Mali;2018;466;Mali;MLI;432,00;Mali 2018;MLI18;97,05;0,19;1,87;0,60
466,00;Mali;2019;466;Mali;MLI;432,00;Mali 2019;MLI19;102,56;0,33;1,84;0,64
466,00;Mali;2020;466;Mali;MLI;432,00;Mali 2020;MLI20;118,37;0,47;2,12;0,64
466,00;Mali;2021;466;Mali;MLI;432,00;Mali 2021;MLI21;125,69;0,56;2,03;0,85
466,00;Mali;2022;466;Mali;MLI;432,00;Mali 2022;MLI22;122,23;0,56;1,93;0,85
466,00;Mali;2023;466;Mali;MLI;432,00;Mali 2023;MLI23;135,65;0,69;2,16;0,84
470,00;Malta;1990;470;Malta;MLT;338,00;Malta 1990;MLT90;47,12;0,00;0,82;0,49
470,00;Malta;1991;470;Malta;MLT;338,00;Malta 1991;MLT91;46,83;0,00;0,79;0,52
470,00;Malta;1992;470;Malta;MLT;338,00;Malta 1992;MLT92;49,15;0,00;0,85;0,51
470,00;Malta;1993;470;Malta;MLT;338,00;Malta 1993;MLT93;49,35;0,00;0,87;0,50
470,00;Malta;1994;470;Malta;MLT;338,00;Malta 1994;MLT94;57,21;0,00;0,88;0,55
470,00;Malta;1995;470;Malta;MLT;338,00;Malta 1995;MLT95;46,71;0,00;0,76;0,55
470,00;Malta;1996;470;Malta;MLT;338,00;Malta 1996;MLT96;48,02;0,00;0,77;0,57
470,00;Malta;1997;470;Malta;MLT;338,00;Malta 1997;MLT97;46,46;0,00;0,73;0,56
470,00;Malta;1998;470;Malta;MLT;338,00;Malta 1998;MLT98;42,63;0,00;0,66;0,53
470,00;Malta;1999;470;Malta;MLT;338,00;Malta 1999;MLT99;41,29;0,00;0,63;0,53
470,00;Malta;2000;470;Malta;MLT;338,00;Malta 2000;MLT00;40,89;0,00;0,58;0,56
470,00;Malta;2001;470;Malta;MLT;338,00;Malta 2001;MLT01;40,68;0,00;0,61;0,53
470,00;Malta;2002;470;Malta;MLT;338,00;Malta 2002;MLT02;39,12;0,00;0,58;0,52
470,00;Malta;2003;470;Malta;MLT;338,00;Malta 2003;MLT03;39,07;0,00;0,58;0,52
470,00;Malta;2004;470;Malta;MLT;338,00;Malta 2004;MLT04;40,05;0,00;0,60;0,52
470,00;Malta;2005;470;Malta;MLT;338,00;Malta 2005;MLT05;44,38;0,00;0,70;0,54
470,00;Malta;2006;470;Malta;MLT;338,00;Malta 2006;MLT06;35,50;0,00;0,59;0,41
470,00;Malta;2007;470;Malta;MLT;338,00;Malta 2007;MLT07;55,00;0,46;0,56;0,50
470,00;Malta;2008;470;Malta;MLT;338,00;Malta 2008;MLT08;37,28;0,00;0,57;0,48
470,00;Malta;2009;470;Malta;MLT;338,00;Malta 2009;MLT09;42,47;0,00;0,61;0,58
470,00;Malta;2010;470;Malta;MLT;338,00;Malta 2010;MLT10;40,79;0,00;0,59;0,55
470,00;Malta;2011;470;Malta;MLT;338,00;Malta 2011;MLT11;38,02;0,00;0,53;0,53
470,00;Malta;2012;470;Malta;MLT;338,00;Malta 2012;MLT12;36,02;0,00;0,49;0,52
470,00;Malta;2013;470;Malta;MLT;338,00;Malta 2013;MLT13;35,02;0,00;0,48;0,51
470,00;Malta;2014;470;Malta;MLT;338,00;Malta 2014;MLT14;33,52;0,00;0,46;0,49
470,00;Malta;2015;470;Malta;MLT;338,00;Malta 2015;MLT15;32,29;0,00;0,44;0,47
470,00;Malta;2016;470;Malta;MLT;338,00;Malta 2016;MLT16;33,40;0,00;0,48;0,46
470,00;Malta;2017;470;Malta;MLT;338,00;Malta 2017;MLT17;32,29;0,00;0,45;0,46
470,00;Malta;2018;470;Malta;MLT;338,00;Malta 2018;MLT18;30,69;0,00;0,42;0,45
470,00;Malta;2019;470;Malta;MLT;338,00;Malta 2019;MLT19;30,94;0,00;0,47;0,41
470,00;Malta;2020;470;Malta;MLT;338,00;Malta 2020;MLT20;32,09;0,00;0,51;0,40
470,00;Malta;2021;470;Malta;MLT;338,00;Malta 2021;MLT21;25,89;0,00;0,45;0,29
470,00;Malta;2022;470;Malta;MLT;338,00;Malta 2022;MLT22;24,16;0,00;0,41;0,28
470,00;Malta;2023;470;Malta;MLT;338,00;Malta 2023;MLT23;27,55;0,00;0,51;0,28
478,00;Mauritania;1990;478;Mauritania;MRT;435,00;Mauritania 1990;MRT90;111,50;0,00;2,35;0,39
478,00;Mauritania;1991;478;Mauritania;MRT;435,00;Mauritania 1991;MRT91;107,05;0,00;2,24;0,40
478,00;Mauritania;1992;478;Mauritania;MRT;435,00;Mauritania 1992;MRT92;88,70;0,00;1,86;0,33
478,00;Mauritania;1993;478;Mauritania;MRT;435,00;Mauritania 1993;MRT93;87,99;0,00;1,72;0,46
478,00;Mauritania;1994;478;Mauritania;MRT;435,00;Mauritania 1994;MRT94;94,04;0,00;1,62;0,44
478,00;Mauritania;1995;478;Mauritania;MRT;435,00;Mauritania 1995;MRT95;126,20;1,10;1,57;0,43
478,00;Mauritania;1996;478;Mauritania;MRT;435,00;Mauritania 1996;MRT96;134,64;1,09;1,79;0,42
478,00;Mauritania;1997;478;Mauritania;MRT;435,00;Mauritania 1997;MRT97;138,74;1,08;1,91;0,41
478,00;Mauritania;1998;478;Mauritania;MRT;435,00;Mauritania 1998;MRT98;115,88;1,06;1,38;0,40
478,00;Mauritania;1999;478;Mauritania;MRT;435,00;Mauritania 1999;MRT99;125,41;1,15;1,54;0,39
478,00;Mauritania;2000;478;Mauritania;MRT;435,00;Mauritania 2000;MRT00;141,42;1,14;1,95;0,38
478,00;Mauritania;2001;478;Mauritania;MRT;435,00;Mauritania 2001;MRT01;155,30;1,12;2,31;0,37
478,00;Mauritania;2002;478;Mauritania;MRT;435,00;Mauritania 2002;MRT02;134,30;1,12;1,82;0,37
478,00;Mauritania;2003;478;Mauritania;MRT;435,00;Mauritania 2003;MRT03;151,72;1,10;2,26;0,36
478,00;Mauritania;2004;478;Mauritania;MRT;435,00;Mauritania 2004;MRT04;176,22;1,09;2,24;1,46
478,00;Mauritania;2005;478;Mauritania;MRT;435,00;Mauritania 2005;MRT05;170,00;1,17;2,00;1,45
478,00;Mauritania;2006;478;Mauritania;MRT;435,00;Mauritania 2006;MRT06;167,24;1,16;1,94;1,45
478,00;Mauritania;2007;478;Mauritania;MRT;435,00;Mauritania 2007;MRT07;165,64;1,15;1,92;1,44
478,00;Mauritania;2008;478;Mauritania;MRT;435,00;Mauritania 2008;MRT08;169,62;1,14;2,05;1,43
478,00;Mauritania;2009;478;Mauritania;MRT;435,00;Mauritania 2009;MRT09;165,98;1,12;2,07;1,33
478,00;Mauritania;2010;478;Mauritania;MRT;435,00;Mauritania 2010;MRT10;166,06;1,11;2,14;1,27
478,00;Mauritania;2011;478;Mauritania;MRT;435,00;Mauritania 2011;MRT11;165,88;1,09;2,17;1,26
478,00;Mauritania;2012;478;Mauritania;MRT;435,00;Mauritania 2012;MRT12;146,74;1,07;1,68;1,25
478,00;Mauritania;2013;478;Mauritania;MRT;435,00;Mauritania 2013;MRT13;144,20;1,10;1,59;1,24
478,00;Mauritania;2014;478;Mauritania;MRT;435,00;Mauritania 2014;MRT14;143,53;1,09;1,63;1,20
478,00;Mauritania;2015;478;Mauritania;MRT;435,00;Mauritania 2015;MRT15;140,33;1,07;1,59;1,17
478,00;Mauritania;2016;478;Mauritania;MRT;435,00;Mauritania 2016;MRT16;143,19;1,10;1,64;1,16
478,00;Mauritania;2017;478;Mauritania;MRT;435,00;Mauritania 2017;MRT17;139,86;1,09;1,60;1,12
478,00;Mauritania;2018;478;Mauritania;MRT;435,00;Mauritania 2018;MRT18;140,86;1,11;1,62;1,10
478,00;Mauritania;2019;478;Mauritania;MRT;435,00;Mauritania 2019;MRT19;136,91;1,09;1,54;1,10
478,00;Mauritania;2020;478;Mauritania;MRT;435,00;Mauritania 2020;MRT20;142,26;1,06;1,72;1,09
478,00;Mauritania;2021;478;Mauritania;MRT;435,00;Mauritania 2021;MRT21;137,61;1,05;1,62;1,09
478,00;Mauritania;2022;478;Mauritania;MRT;435,00;Mauritania 2022;MRT22;136,64;1,04;1,61;1,08
478,00;Mauritania;2023;478;Mauritania;MRT;435,00;Mauritania 2023;MRT23;140,25;1,02;1,73;1,07
480,00;Mauritius;1993;480;Mauritius;MUS;590,00;Mauritius 1993;MUS93;24,98;0,00;0,37;0,06
480,00;Mauritius;1994;480;Mauritius;MUS;590,00;Mauritius 1994;MUS94;25,14;0,00;0,37;0,06
480,00;Mauritius;1995;480;Mauritius;MUS;590,00;Mauritius 1995;MUS95;34,00;0,43;0,37;0,06
480,00;Mauritius;1996;480;Mauritius;MUS;590,00;Mauritius 1996;MUS96;33,18;0,43;0,34;0,08
480,00;Mauritius;1997;480;Mauritius;MUS;590,00;Mauritius 1997;MUS97;30,41;0,42;0,27;0,08
480,00;Mauritius;1998;480;Mauritius;MUS;590,00;Mauritius 1998;MUS98;28,82;0,42;0,24;0,08
480,00;Mauritius;1999;480;Mauritius;MUS;590,00;Mauritius 1999;MUS99;32,13;0,42;0,25;0,06
480,00;Mauritius;2000;480;Mauritius;MUS;590,00;Mauritius 2000;MUS00;33,81;0,41;0,25;0,29
480,00;Mauritius;2001;480;Mauritius;MUS;590,00;Mauritius 2001;MUS01;40,74;0,60;0,24;0,30
480,00;Mauritius;2002;480;Mauritius;MUS;590,00;Mauritius 2002;MUS02;42,06;0,60;0,24;0,34
480,00;Mauritius;2003;480;Mauritius;MUS;590,00;Mauritius 2003;MUS03;42,47;0,62;0,23;0,34
480,00;Mauritius;2004;480;Mauritius;MUS;590,00;Mauritius 2004;MUS04;40,78;0,61;0,20;0,33
480,00;Mauritius;2005;480;Mauritius;MUS;590,00;Mauritius 2005;MUS05;40,19;0,61;0,19;0,32
480,00;Mauritius;2006;480;Mauritius;MUS;590,00;Mauritius 2006;MUS06;39,54;0,61;0,18;0,31
480,00;Mauritius;2007;480;Mauritius;MUS;590,00;Mauritius 2007;MUS07;38,92;0,61;0,17;0,31
480,00;Mauritius;2008;480;Mauritius;MUS;590,00;Mauritius 2008;MUS08;39,17;0,61;0,18;0,31
480,00;Mauritius;2009;480;Mauritius;MUS;590,00;Mauritius 2009;MUS09;39,44;0,61;0,19;0,31
480,00;Mauritius;2010;480;Mauritius;MUS;590,00;Mauritius 2010;MUS10;38,45;0,61;0,17;0,30
480,00;Mauritius;2011;480;Mauritius;MUS;590,00;Mauritius 2011;MUS11;37,61;0,60;0,18;0,28
480,00;Mauritius;2012;480;Mauritius;MUS;590,00;Mauritius 2012;MUS12;39,42;0,60;0,17;0,34
480,00;Mauritius;2013;480;Mauritius;MUS;590,00;Mauritius 2013;MUS13;40,15;0,60;0,21;0,31
480,00;Mauritius;2014;480;Mauritius;MUS;590,00;Mauritius 2014;MUS14;37,60;0,60;0,17;0,28
480,00;Mauritius;2015;480;Mauritius;MUS;590,00;Mauritius 2015;MUS15;36,97;0,60;0,16;0,28
480,00;Mauritius;2016;480;Mauritius;MUS;590,00;Mauritius 2016;MUS16;37,99;0,60;0,19;0,27
480,00;Mauritius;2017;480;Mauritius;MUS;590,00;Mauritius 2017;MUS17;37,35;0,60;0,18;0,27
480,00;Mauritius;2018;480;Mauritius;MUS;590,00;Mauritius 2018;MUS18;34,43;0,51;0,17;0,29
480,00;Mauritius;2019;480;Mauritius;MUS;590,00;Mauritius 2019;MUS19;32,60;0,51;0,17;0,25
480,00;Mauritius;2020;480;Mauritius;MUS;590,00;Mauritius 2020;MUS20;32,84;0,51;0,18;0,25
480,00;Mauritius;2021;480;Mauritius;MUS;590,00;Mauritius 2021;MUS21;33,22;0,51;0,19;0,25
480,00;Mauritius;2022;480;Mauritius;MUS;590,00;Mauritius 2022;MUS22;32,02;0,51;0,15;0,25
480,00;Mauritius;2023;480;Mauritius;MUS;590,00;Mauritius 2023;MUS23;32,58;0,51;0,17;0,25
484,00;Mexico;1990;484;Mexico;MEX;70,00;Mexico 1990;MEX90;46,97;0,31;0,45;0,55
484,00;Mexico;1991;484;Mexico;MEX;70,00;Mexico 1991;MEX91;41,94;0,30;0,45;0,42
484,00;Mexico;1992;484;Mexico;MEX;70,00;Mexico 1992;MEX92;42,06;0,30;0,48;0,39
484,00;Mexico;1993;484;Mexico;MEX;70,00;Mexico 1993;MEX93;40,79;0,31;0,46;0,37
484,00;Mexico;1994;484;Mexico;MEX;70,00;Mexico 1994;MEX94;43,49;0,34;0,52;0,36
484,00;Mexico;1995;484;Mexico;MEX;70,00;Mexico 1995;MEX95;42,10;0,37;0,46;0,34
484,00;Mexico;1996;484;Mexico;MEX;70,00;Mexico 1996;MEX96;43,26;0,38;0,49;0,34
484,00;Mexico;1997;484;Mexico;MEX;70,00;Mexico 1997;MEX97;46,84;0,50;0,47;0,33
484,00;Mexico;1998;484;Mexico;MEX;70,00;Mexico 1998;MEX98;47,97;0,55;0,46;0,32
484,00;Mexico;1999;484;Mexico;MEX;70,00;Mexico 1999;MEX99;49,13;0,57;0,47;0,33
484,00;Mexico;2000;484;Mexico;MEX;70,00;Mexico 2000;MEX00;49,05;0,55;0,47;0,35
484,00;Mexico;2001;484;Mexico;MEX;70,00;Mexico 2001;MEX01;48,59;0,55;0,46;0,35
484,00;Mexico;2002;484;Mexico;MEX;70,00;Mexico 2002;MEX02;47,38;0,54;0,43;0,34
484,00;Mexico;2003;484;Mexico;MEX;70,00;Mexico 2003;MEX03;46,24;0,54;0,41;0,33
484,00;Mexico;2004;484;Mexico;MEX;70,00;Mexico 2004;MEX04;44,23;0,54;0,37;0,32
484,00;Mexico;2005;484;Mexico;MEX;70,00;Mexico 2005;MEX05;42,84;0,52;0,37;0,31
484,00;Mexico;2006;484;Mexico;MEX;70,00;Mexico 2006;MEX06;40,11;0,45;0,33;0,35
484,00;Mexico;2007;484;Mexico;MEX;70,00;Mexico 2007;MEX07;43,26;0,45;0,41;0,35
484,00;Mexico;2008;484;Mexico;MEX;70,00;Mexico 2008;MEX08;42,65;0,44;0,40;0,35
484,00;Mexico;2009;484;Mexico;MEX;70,00;Mexico 2009;MEX09;46,26;0,43;0,49;0,37
484,00;Mexico;2010;484;Mexico;MEX;70,00;Mexico 2010;MEX10;44,98;0,43;0,44;0,39
484,00;Mexico;2011;484;Mexico;MEX;70,00;Mexico 2011;MEX11;44,47;0,41;0,45;0,38
484,00;Mexico;2012;484;Mexico;MEX;70,00;Mexico 2012;MEX12;44,58;0,42;0,46;0,37
484,00;Mexico;2013;484;Mexico;MEX;70,00;Mexico 2013;MEX13;45,12;0,41;0,48;0,36
484,00;Mexico;2014;484;Mexico;MEX;70,00;Mexico 2014;MEX14;44,68;0,40;0,49;0,35
484,00;Mexico;2015;484;Mexico;MEX;70,00;Mexico 2015;MEX15;43,20;0,40;0,45;0,35
484,00;Mexico;2016;484;Mexico;MEX;70,00;Mexico 2016;MEX16;43,62;0,39;0,48;0,35
484,00;Mexico;2017;484;Mexico;MEX;70,00;Mexico 2017;MEX17;41,53;0,39;0,43;0,34
484,00;Mexico;2018;484;Mexico;MEX;70,00;Mexico 2018;MEX18;46,52;0,49;0,47;0,33
484,00;Mexico;2019;484;Mexico;MEX;70,00;Mexico 2019;MEX19;48,64;0,49;0,50;0,36
484,00;Mexico;2020;484;Mexico;MEX;70,00;Mexico 2020;MEX20;53,03;0,49;0,66;0,33
484,00;Mexico;2021;484;Mexico;MEX;70,00;Mexico 2021;MEX21;51,84;0,49;0,62;0,33
484,00;Mexico;2022;484;Mexico;MEX;70,00;Mexico 2022;MEX22;52,65;0,48;0,64;0,34
484,00;Mexico;2023;484;Mexico;MEX;70,00;Mexico 2023;MEX23;51,82;0,48;0,61;0,34
496,00;Mongolia;1990;496;Mongolia;MNG;712,00;Mongolia 1990;MNG90;292,06;3,07;2,67;1,39
496,00;Mongolia;1991;496;Mongolia;MNG;712,00;Mongolia 1991;MNG91;266,31;3,06;2,24;1,21
496,00;Mongolia;1992;496;Mongolia;MNG;712,00;Mongolia 1992;MNG92;238,90;3,04;1,58;1,21
496,00;Mongolia;1993;496;Mongolia;MNG;712,00;Mongolia 1993;MNG93;229,64;3,03;1,44;1,13
496,00;Mongolia;1994;496;Mongolia;MNG;712,00;Mongolia 1994;MNG94;226,28;3,03;1,39;1,12
496,00;Mongolia;1995;496;Mongolia;MNG;712,00;Mongolia 1995;MNG95;223,84;3,02;1,35;1,10
496,00;Mongolia;1996;496;Mongolia;MNG;712,00;Mongolia 1996;MNG96;225,28;2,96;1,41;1,14
496,00;Mongolia;1997;496;Mongolia;MNG;712,00;Mongolia 1997;MNG97;199,23;2,78;1,32;0,77
496,00;Mongolia;1998;496;Mongolia;MNG;712,00;Mongolia 1998;MNG98;201,41;2,72;1,44;0,77
496,00;Mongolia;1999;496;Mongolia;MNG;712,00;Mongolia 1999;MNG99;198,70;2,70;1,40;0,75
496,00;Mongolia;2000;496;Mongolia;MNG;712,00;Mongolia 2000;MNG00;196,72;2,65;1,41;0,75
496,00;Mongolia;2001;496;Mongolia;MNG;712,00;Mongolia 2001;MNG01;191,04;2,62;1,32;0,73
496,00;Mongolia;2002;496;Mongolia;MNG;712,00;Mongolia 2002;MNG02;178,96;2,49;1,32;1,05
496,00;Mongolia;2003;496;Mongolia;MNG;712,00;Mongolia 2003;MNG03;174,30;2,49;1,22;1,03
496,00;Mongolia;2004;496;Mongolia;MNG;712,00;Mongolia 2004;MNG04;177,91;2,67;1,15;1,02
496,00;Mongolia;2005;496;Mongolia;MNG;712,00;Mongolia 2005;MNG05;169,52;2,66;0,93;1,02
496,00;Mongolia;2006;496;Mongolia;MNG;712,00;Mongolia 2006;MNG06;167,65;2,66;0,90;1,01
496,00;Mongolia;2007;496;Mongolia;MNG;712,00;Mongolia 2007;MNG07;169,23;2,65;0,94;1,01
496,00;Mongolia;2008;496;Mongolia;MNG;712,00;Mongolia 2008;MNG08;162,63;2,64;0,77;1,02
496,00;Mongolia;2009;496;Mongolia;MNG;712,00;Mongolia 2009;MNG09;157,01;2,64;0,62;1,02
496,00;Mongolia;2010;496;Mongolia;MNG;712,00;Mongolia 2010;MNG10;160,72;2,63;0,75;1,00
496,00;Mongolia;2011;496;Mongolia;MNG;712,00;Mongolia 2011;MNG11;161,71;2,61;0,81;0,98
496,00;Mongolia;2012;496;Mongolia;MNG;712,00;Mongolia 2012;MNG12;162,67;2,61;0,86;0,95
496,00;Mongolia;2013;496;Mongolia;MNG;712,00;Mongolia 2013;MNG13;160,11;2,64;0,78;0,94
496,00;Mongolia;2014;496;Mongolia;MNG;712,00;Mongolia 2014;MNG14;160,03;2,63;0,80;0,92
496,00;Mongolia;2015;496;Mongolia;MNG;712,00;Mongolia 2015;MNG15;159,18;2,62;0,81;0,90
496,00;Mongolia;2016;496;Mongolia;MNG;712,00;Mongolia 2016;MNG16;157,78;2,60;0,80;0,90
496,00;Mongolia;2017;496;Mongolia;MNG;712,00;Mongolia 2017;MNG17;154,25;2,59;0,73;0,89
496,00;Mongolia;2018;496;Mongolia;MNG;712,00;Mongolia 2018;MNG18;148,34;2,57;0,65;0,82
496,00;Mongolia;2019;496;Mongolia;MNG;712,00;Mongolia 2019;MNG19;147,18;2,56;0,65;0,81
496,00;Mongolia;2020;496;Mongolia;MNG;712,00;Mongolia 2020;MNG20;147,60;2,55;0,68;0,80
496,00;Mongolia;2021;496;Mongolia;MNG;712,00;Mongolia 2021;MNG21;143,04;2,54;0,58;0,79
496,00;Mongolia;2022;496;Mongolia;MNG;712,00;Mongolia 2022;MNG22;139,38;2,53;0,49;0,78
496,00;Mongolia;2023;496;Mongolia;MNG;712,00;Mongolia 2023;MNG23;141,29;2,52;0,56;0,77
498,00;Moldova (the Republic of);1993;498;Moldova;MDA;359,00;Moldova 1993;MDA93;110,38;1,44;0,48;1,09
498,00;Moldova (the Republic of);1994;498;Moldova;MDA;359,00;Moldova 1994;MDA94;105,69;1,57;0,66;0,67
498,00;Moldova (the Republic of);1995;498;Moldova;MDA;359,00;Moldova 1995;MDA95;112,18;1,69;0,77;0,61
498,00;Moldova (the Republic of);1996;498;Moldova;MDA;359,00;Moldova 1996;MDA96;111,14;1,69;0,75;0,61
498,00;Moldova (the Republic of);1997;498;Moldova;MDA;359,00;Moldova 1997;MDA97;118,04;1,89;0,75;0,58
498,00;Moldova (the Republic of);1998;498;Moldova;MDA;359,00;Moldova 1998;MDA98;106,82;1,76;0,57;0,59
498,00;Moldova (the Republic of);1999;498;Moldova;MDA;359,00;Moldova 1999;MDA99;104,35;1,78;0,50;0,58
498,00;Moldova (the Republic of);2000;498;Moldova;MDA;359,00;Moldova 2000;MDA00;101,35;1,78;0,40;0,60
498,00;Moldova (the Republic of);2001;498;Moldova;MDA;359,00;Moldova 2001;MDA01;101,64;1,80;0,41;0,57
498,00;Moldova (the Republic of);2002;498;Moldova;MDA;359,00;Moldova 2002;MDA02;100,72;1,80;0,41;0,54
498,00;Moldova (the Republic of);2003;498;Moldova;MDA;359,00;Moldova 2003;MDA03;100,71;1,81;0,41;0,54
498,00;Moldova (the Republic of);2004;498;Moldova;MDA;359,00;Moldova 2004;MDA04;90,83;1,60;0,36;0,54
498,00;Moldova (the Republic of);2005;498;Moldova;MDA;359,00;Moldova 2005;MDA05;99,64;1,81;0,39;0,53
498,00;Moldova (the Republic of);2006;498;Moldova;MDA;359,00;Moldova 2006;MDA06;102,10;1,82;0,45;0,53
498,00;Moldova (the Republic of);2007;498;Moldova;MDA;359,00;Moldova 2007;MDA07;103,43;1,89;0,47;0,47
498,00;Moldova (the Republic of);2008;498;Moldova;MDA;359,00;Moldova 2008;MDA08;106,61;1,89;0,54;0,48
498,00;Moldova (the Republic of);2009;498;Moldova;MDA;359,00;Moldova 2009;MDA09;92,31;1,63;0,42;0,48
498,00;Moldova (the Republic of);2010;498;Moldova;MDA;359,00;Moldova 2010;MDA10;85,10;1,63;0,27;0,44
498,00;Moldova (the Republic of);2011;498;Moldova;MDA;359,00;Moldova 2011;MDA11;86,12;1,65;0,28;0,44
498,00;Moldova (the Republic of);2012;498;Moldova;MDA;359,00;Moldova 2012;MDA12;86,18;1,65;0,28;0,44
498,00;Moldova (the Republic of);2013;498;Moldova;MDA;359,00;Moldova 2013;MDA13;86,33;1,65;0,29;0,43
498,00;Moldova (the Republic of);2014;498;Moldova;MDA;359,00;Moldova 2014;MDA14;85,54;1,62;0,30;0,44
498,00;Moldova (the Republic of);2015;498;Moldova;MDA;359,00;Moldova 2015;MDA15;86,44;1,64;0,30;0,44
498,00;Moldova (the Republic of);2016;498;Moldova;MDA;359,00;Moldova 2016;MDA16;88,26;1,64;0,35;0,43
498,00;Moldova (the Republic of);2017;498;Moldova;MDA;359,00;Moldova 2017;MDA17;87,29;1,65;0,33;0,41
498,00;Moldova (the Republic of);2018;498;Moldova;MDA;359,00;Moldova 2018;MDA18;86,47;1,66;0,34;0,37
498,00;Moldova (the Republic of);2019;498;Moldova;MDA;359,00;Moldova 2019;MDA19;88,81;1,67;0,37;0,40
498,00;Moldova (the Republic of);2020;498;Moldova;MDA;359,00;Moldova 2020;MDA20;89,17;1,68;0,39;0,38
498,00;Moldova (the Republic of);2021;498;Moldova;MDA;359,00;Moldova 2021;MDA21;88,28;1,66;0,37;0,39
498,00;Moldova (the Republic of);2022;498;Moldova;MDA;359,00;Moldova 2022;MDA22;87,44;1,68;0,33;0,39
498,00;Moldova (the Republic of);2023;498;Moldova;MDA;359,00;Moldova 2023;MDA23;95,27;1,70;0,51;0,40
499,00;Montenegro;2006;499;Montenegro;MNE;341,00;Montenegro 2006;MNE06;206,81;1,42;1,25;2,11
499,00;Montenegro;2007;499;Montenegro;MNE;341,00;Montenegro 2007;MNE07;192,66;1,42;1,06;1,97
499,00;Montenegro;2008;499;Montenegro;MNE;341,00;Montenegro 2008;MNE08;185,06;1,35;1,10;1,82
499,00;Montenegro;2009;499;Montenegro;MNE;341,00;Montenegro 2009;MNE09;189,43;1,60;1,09;1,69
499,00;Montenegro;2010;499;Montenegro;MNE;341,00;Montenegro 2010;MNE10;188,64;1,59;1,08;1,69
499,00;Montenegro;2011;499;Montenegro;MNE;341,00;Montenegro 2011;MNE11;156,68;1,36;1,22;1,68
499,00;Montenegro;2012;499;Montenegro;MNE;341,00;Montenegro 2012;MNE12;151,40;1,36;1,17;1,59
499,00;Montenegro;2013;499;Montenegro;MNE;341,00;Montenegro 2013;MNE13;145,90;1,33;1,07;1,57
499,00;Montenegro;2014;499;Montenegro;MNE;341,00;Montenegro 2014;MNE14;146,35;1,33;1,09;1,57
499,00;Montenegro;2015;499;Montenegro;MNE;341,00;Montenegro 2015;MNE15;143,74;1,33;1,04;1,55
499,00;Montenegro;2016;499;Montenegro;MNE;341,00;Montenegro 2016;MNE16;142,89;1,33;1,05;1,52
499,00;Montenegro;2017;499;Montenegro;MNE;341,00;Montenegro 2017;MNE17;142,06;1,33;1,03;1,51
499,00;Montenegro;2018;499;Montenegro;MNE;341,00;Montenegro 2018;MNE18;141,65;1,33;1,03;1,50
499,00;Montenegro;2019;499;Montenegro;MNE;341,00;Montenegro 2019;MNE19;142,54;1,33;1,01;1,54
499,00;Montenegro;2020;499;Montenegro;MNE;341,00;Montenegro 2020;MNE20;157,91;1,58;1,17;1,54
499,00;Montenegro;2021;499;Montenegro;MNE;341,00;Montenegro 2021;MNE21;156,47;1,59;1,10;1,58
499,00;Montenegro;2022;499;Montenegro;MNE;341,00;Montenegro 2022;MNE22;134,53;1,59;1,12;0,96
499,00;Montenegro;2023;499;Montenegro;MNE;341,00;Montenegro 2023;MNE23;140,91;1,69;1,13;1,02
504,00;Morocco;1990;504;Morocco;MAR;600,00;Morocco 1990;MAR90;178,80;1,41;2,47;0,50
504,00;Morocco;1991;504;Morocco;MAR;600,00;Morocco 1991;MAR91;178,10;1,42;2,44;0,50
504,00;Morocco;1992;504;Morocco;MAR;600,00;Morocco 1992;MAR92;177,58;1,39;2,47;0,49
504,00;Morocco;1993;504;Morocco;MAR;600,00;Morocco 1993;MAR93;181,50;1,39;2,56;0,50
504,00;Morocco;1994;504;Morocco;MAR;600,00;Morocco 1994;MAR94;181,89;1,47;2,49;0,49
504,00;Morocco;1995;504;Morocco;MAR;600,00;Morocco 1995;MAR95;178,29;1,46;2,42;0,49
504,00;Morocco;1996;504;Morocco;MAR;600,00;Morocco 1996;MAR96;172,90;1,45;2,30;0,48
504,00;Morocco;1997;504;Morocco;MAR;600,00;Morocco 1997;MAR97;174,50;1,45;2,35;0,47
504,00;Morocco;1998;504;Morocco;MAR;600,00;Morocco 1998;MAR98;161,61;1,40;2,09;0,47
504,00;Morocco;1999;504;Morocco;MAR;600,00;Morocco 1999;MAR99;145,27;1,42;1,68;0,46
504,00;Morocco;2000;504;Morocco;MAR;600,00;Morocco 2000;MAR00;151,95;1,45;1,82;0,46
504,00;Morocco;2001;504;Morocco;MAR;600,00;Morocco 2001;MAR01;167,58;1,45;2,19;0,46
504,00;Morocco;2002;504;Morocco;MAR;600,00;Morocco 2002;MAR02;162,67;1,44;2,09;0,46
504,00;Morocco;2003;504;Morocco;MAR;600,00;Morocco 2003;MAR03;162,22;1,44;2,09;0,45
504,00;Morocco;2004;504;Morocco;MAR;600,00;Morocco 2004;MAR04;169,82;1,45;1,99;1,18
504,00;Morocco;2005;504;Morocco;MAR;600,00;Morocco 2005;MAR05;165,34;1,33;1,98;1,19
504,00;Morocco;2006;504;Morocco;MAR;600,00;Morocco 2006;MAR06;163,38;1,35;1,91;1,18
504,00;Morocco;2007;504;Morocco;MAR;600,00;Morocco 2007;MAR07;160,14;1,36;1,87;1,13
504,00;Morocco;2008;504;Morocco;MAR;600,00;Morocco 2008;MAR08;161,39;1,35;1,92;1,12
504,00;Morocco;2009;504;Morocco;MAR;600,00;Morocco 2009;MAR09;160,99;1,37;1,93;1,09
504,00;Morocco;2010;504;Morocco;MAR;600,00;Morocco 2010;MAR10;161,39;1,36;1,95;1,08
504,00;Morocco;2011;504;Morocco;MAR;600,00;Morocco 2011;MAR11;160,37;1,36;1,93;1,08
504,00;Morocco;2012;504;Morocco;MAR;600,00;Morocco 2012;MAR12;162,09;1,36;1,98;1,07
504,00;Morocco;2013;504;Morocco;MAR;600,00;Morocco 2013;MAR13;166,26;1,37;2,10;1,06
504,00;Morocco;2014;504;Morocco;MAR;600,00;Morocco 2014;MAR14;157,19;1,36;1,96;0,96
504,00;Morocco;2015;504;Morocco;MAR;600,00;Morocco 2015;MAR15;151,91;1,36;1,82;0,96
504,00;Morocco;2016;504;Morocco;MAR;600,00;Morocco 2016;MAR16;151,49;1,34;1,83;0,95
504,00;Morocco;2017;504;Morocco;MAR;600,00;Morocco 2017;MAR17;152,41;1,34;1,82;0,99
504,00;Morocco;2018;504;Morocco;MAR;600,00;Morocco 2018;MAR18;157,58;1,49;1,81;0,99
504,00;Morocco;2019;504;Morocco;MAR;600,00;Morocco 2019;MAR19;158,05;1,53;1,79;0,98
504,00;Morocco;2020;504;Morocco;MAR;600,00;Morocco 2020;MAR20;169,92;1,53;2,11;0,98
504,00;Morocco;2021;504;Morocco;MAR;600,00;Morocco 2021;MAR21;167,24;1,52;2,05;0,98
504,00;Morocco;2022;504;Morocco;MAR;600,00;Morocco 2022;MAR22;167,83;1,52;2,07;0,97
504,00;Morocco;2023;504;Morocco;MAR;600,00;Morocco 2023;MAR23;158,67;1,52;2,02;0,35
508,00;Mozambique;1990;508;Mozambique;MOZ;541,00;Mozambique 1990;MOZ90;164,36;1,04;2,70;0,29
508,00;Mozambique;1991;508;Mozambique;MOZ;541,00;Mozambique 1991;MOZ91;120,27;1,01;1,71;0,23
508,00;Mozambique;1992;508;Mozambique;MOZ;541,00;Mozambique 1992;MOZ92;127,65;1,09;1,85;0,20
508,00;Mozambique;1993;508;Mozambique;MOZ;541,00;Mozambique 1993;MOZ93;125,12;1,07;1,81;0,19
508,00;Mozambique;1994;508;Mozambique;MOZ;541,00;Mozambique 1994;MOZ94;141,41;1,08;1,97;0,03
508,00;Mozambique;1995;508;Mozambique;MOZ;541,00;Mozambique 1995;MOZ95;88,34;1,02;1,15;0,02
508,00;Mozambique;1996;508;Mozambique;MOZ;541,00;Mozambique 1996;MOZ96;80,63;1,01;0,97;0,01
508,00;Mozambique;1997;508;Mozambique;MOZ;541,00;Mozambique 1997;MOZ97;78,01;0,96;0,96;0,02
508,00;Mozambique;1998;508;Mozambique;MOZ;541,00;Mozambique 1998;MOZ98;74,99;0,86;0,98;0,02
508,00;Mozambique;1999;508;Mozambique;MOZ;541,00;Mozambique 1999;MOZ99;85,86;0,85;1,02;0,01
508,00;Mozambique;2000;508;Mozambique;MOZ;541,00;Mozambique 2000;MOZ00;84,87;0,83;1,25;0,01
508,00;Mozambique;2001;508;Mozambique;MOZ;541,00;Mozambique 2001;MOZ01;79,09;0,78;1,14;0,03
508,00;Mozambique;2002;508;Mozambique;MOZ;541,00;Mozambique 2002;MOZ02;77,28;0,75;1,13;0,03
508,00;Mozambique;2003;508;Mozambique;MOZ;541,00;Mozambique 2003;MOZ03;75,79;0,73;1,13;0,02
508,00;Mozambique;2004;508;Mozambique;MOZ;541,00;Mozambique 2004;MOZ04;101,59;0,79;1,16;0,82
508,00;Mozambique;2005;508;Mozambique;MOZ;541,00;Mozambique 2005;MOZ05;90,85;0,78;0,86;0,85
508,00;Mozambique;2006;508;Mozambique;MOZ;541,00;Mozambique 2006;MOZ06;86,49;0,77;0,77;0,83
508,00;Mozambique;2007;508;Mozambique;MOZ;541,00;Mozambique 2007;MOZ07;81,98;0,76;0,67;0,83
508,00;Mozambique;2008;508;Mozambique;MOZ;541,00;Mozambique 2008;MOZ08;80,84;0,73;0,66;0,83
508,00;Mozambique;2009;508;Mozambique;MOZ;541,00;Mozambique 2009;MOZ09;75,61;0,74;0,66;0,67
508,00;Mozambique;2010;508;Mozambique;MOZ;541,00;Mozambique 2010;MOZ10;79,07;0,73;0,79;0,65
508,00;Mozambique;2011;508;Mozambique;MOZ;541,00;Mozambique 2011;MOZ11;76,33;0,72;0,76;0,62
508,00;Mozambique;2012;508;Mozambique;MOZ;541,00;Mozambique 2012;MOZ12;75,64;0,70;0,77;0,61
508,00;Mozambique;2013;508;Mozambique;MOZ;541,00;Mozambique 2013;MOZ13;75,50;0,68;0,81;0,59
508,00;Mozambique;2014;508;Mozambique;MOZ;541,00;Mozambique 2014;MOZ14;81,45;0,81;0,84;0,59
508,00;Mozambique;2015;508;Mozambique;MOZ;541,00;Mozambique 2015;MOZ15;77,23;0,80;0,74;0,59
508,00;Mozambique;2016;508;Mozambique;MOZ;541,00;Mozambique 2016;MOZ16;75,54;0,70;0,79;0,59
508,00;Mozambique;2017;508;Mozambique;MOZ;541,00;Mozambique 2017;MOZ17;72,71;0,69;0,82;0,50
508,00;Mozambique;2018;508;Mozambique;MOZ;541,00;Mozambique 2018;MOZ18;78,53;0,68;1,01;0,47
508,00;Mozambique;2019;508;Mozambique;MOZ;541,00;Mozambique 2019;MOZ19;79,31;0,67;1,05;0,46
508,00;Mozambique;2020;508;Mozambique;MOZ;541,00;Mozambique 2020;MOZ20;90,56;0,66;1,36;0,46
508,00;Mozambique;2021;508;Mozambique;MOZ;541,00;Mozambique 2021;MOZ21;88,06;0,66;1,30;0,46
508,00;Mozambique;2022;508;Mozambique;MOZ;541,00;Mozambique 2022;MOZ22;79,76;0,65;1,09;0,46
508,00;Mozambique;2023;508;Mozambique;MOZ;541,00;Mozambique 2023;MOZ23;83,40;0,64;1,20;0,45
512,00;Oman;1990;512;Oman;OMN;698,00;Oman 1990;OMN90;275,30;1,76;3,96;1,75
512,00;Oman;1991;512;Oman;OMN;698,00;Oman 1991;OMN91;270,48;1,82;3,78;1,74
512,00;Oman;1992;512;Oman;OMN;698,00;Oman 1992;OMN92;279,31;1,79;3,93;1,85
512,00;Oman;1993;512;Oman;OMN;698,00;Oman 1993;OMN93;277,77;1,83;3,84;1,85
512,00;Oman;1994;512;Oman;OMN;698,00;Oman 1994;OMN94;317,06;1,85;3,88;2,00
512,00;Oman;1995;512;Oman;OMN;698,00;Oman 1995;OMN95;276,35;1,86;3,76;1,88
512,00;Oman;1996;512;Oman;OMN;698,00;Oman 1996;OMN96;268,30;1,89;3,53;1,86
512,00;Oman;1997;512;Oman;OMN;698,00;Oman 1997;OMN97;274,17;1,97;3,56;1,91
512,00;Oman;1998;512;Oman;OMN;698,00;Oman 1998;OMN98;262,41;1,95;3,30;1,87
512,00;Oman;1999;512;Oman;OMN;698,00;Oman 1999;OMN99;260,12;2,02;3,19;1,85
512,00;Oman;2000;512;Oman;OMN;698,00;Oman 2000;OMN00;261,50;2,10;3,26;1,73
512,00;Oman;2001;512;Oman;OMN;698,00;Oman 2001;OMN01;268,95;2,10;3,48;1,71
512,00;Oman;2002;512;Oman;OMN;698,00;Oman 2002;OMN02;264,92;2,09;3,45;1,64
512,00;Oman;2003;512;Oman;OMN;698,00;Oman 2003;OMN03;264,05;2,12;3,42;1,62
512,00;Oman;2004;512;Oman;OMN;698,00;Oman 2004;OMN04;263,62;2,11;3,44;1,59
512,00;Oman;2005;512;Oman;OMN;698,00;Oman 2005;OMN05;267,57;2,20;3,50;1,56
512,00;Oman;2006;512;Oman;OMN;698,00;Oman 2006;OMN06;264,27;2,20;3,45;1,52
512,00;Oman;2007;512;Oman;OMN;698,00;Oman 2007;OMN07;260,14;2,21;3,33;1,51
512,00;Oman;2008;512;Oman;OMN;698,00;Oman 2008;OMN08;245,53;2,19;2,99;1,48
512,00;Oman;2009;512;Oman;OMN;698,00;Oman 2009;OMN09;247,49;2,18;3,08;1,45
512,00;Oman;2010;512;Oman;OMN;698,00;Oman 2010;OMN10;240,30;2,16;2,97;1,38
512,00;Oman;2011;512;Oman;OMN;698,00;Oman 2011;OMN11;241,90;2,05;3,23;1,29
512,00;Oman;2012;512;Oman;OMN;698,00;Oman 2012;OMN12;261,87;1,90;4,01;1,19
512,00;Oman;2013;512;Oman;OMN;698,00;Oman 2013;OMN13;250,13;1,85;3,81;1,13
512,00;Oman;2014;512;Oman;OMN;698,00;Oman 2014;OMN14;238,91;1,90;3,51;1,07
512,00;Oman;2015;512;Oman;OMN;698,00;Oman 2015;OMN15;235,94;1,89;3,48;1,04
512,00;Oman;2016;512;Oman;OMN;698,00;Oman 2016;OMN16;238,84;1,85;3,61;1,02
512,00;Oman;2017;512;Oman;OMN;698,00;Oman 2017;OMN17;225,27;1,83;3,30;0,99
512,00;Oman;2018;512;Oman;OMN;698,00;Oman 2018;OMN18;227,85;1,82;3,39;0,97
512,00;Oman;2019;512;Oman;OMN;698,00;Oman 2019;OMN19;219,06;1,84;3,14;0,97
512,00;Oman;2020;512;Oman;OMN;698,00;Oman 2020;OMN20;221,74;1,95;3,08;0,99
512,00;Oman;2021;512;Oman;OMN;698,00;Oman 2021;OMN21;214,70;1,96;2,88;1,00
512,00;Oman;2022;512;Oman;OMN;698,00;Oman 2022;OMN22;204,83;2,05;2,52;0,99
512,00;Oman;2023;512;Oman;OMN;698,00;Oman 2023;OMN23;207,26;2,03;2,61;0,98
516,00;Namibia;1990;516;Namibia;NAM;565,00;Namibia 1990;NAM90;111,67;0,00;2,75;0,00
516,00;Namibia;1991;516;Namibia;NAM;565,00;Namibia 1991;NAM91;103,73;0,00;2,56;0,00
516,00;Namibia;1992;516;Namibia;NAM;565,00;Namibia 1992;NAM92;99,37;0,00;2,19;0,26
516,00;Namibia;1993;516;Namibia;NAM;565,00;Namibia 1993;NAM93;120,09;1,10;1,59;0,27
516,00;Namibia;1994;516;Namibia;NAM;565,00;Namibia 1994;NAM94;119,26;1,08;1,27;0,26
516,00;Namibia;1995;516;Namibia;NAM;565,00;Namibia 1995;NAM95;108,62;1,06;1,36;0,25
516,00;Namibia;1996;516;Namibia;NAM;565,00;Namibia 1996;NAM96;107,15;1,07;1,33;0,24
516,00;Namibia;1997;516;Namibia;NAM;565,00;Namibia 1997;NAM97;111,00;1,07;1,49;0,17
516,00;Namibia;1998;516;Namibia;NAM;565,00;Namibia 1998;NAM98;115,07;1,07;1,50;0,26
516,00;Namibia;1999;516;Namibia;NAM;565,00;Namibia 1999;NAM99;146,44;1,15;1,79;0,25
516,00;Namibia;2000;516;Namibia;NAM;565,00;Namibia 2000;NAM00;130,22;1,20;1,59;0,41
516,00;Namibia;2001;516;Namibia;NAM;565,00;Namibia 2001;NAM01;133,29;1,19;1,68;0,40
516,00;Namibia;2002;516;Namibia;NAM;565,00;Namibia 2002;NAM02;127,08;1,18;1,55;0,39
516,00;Namibia;2003;516;Namibia;NAM;565,00;Namibia 2003;NAM03;126,97;1,19;1,54;0,39
516,00;Namibia;2004;516;Namibia;NAM;565,00;Namibia 2004;NAM04;144,53;1,19;1,51;1,24
516,00;Namibia;2005;516;Namibia;NAM;565,00;Namibia 2005;NAM05;146,01;1,19;1,55;1,25
516,00;Namibia;2006;516;Namibia;NAM;565,00;Namibia 2006;NAM06;143,39;1,18;1,49;1,24
516,00;Namibia;2007;516;Namibia;NAM;565,00;Namibia 2007;NAM07;141,61;1,17;1,53;1,16
516,00;Namibia;2008;516;Namibia;NAM;565,00;Namibia 2008;NAM08;144,67;1,06;1,72;1,17
516,00;Namibia;2009;516;Namibia;NAM;565,00;Namibia 2009;NAM09;151,03;1,14;1,81;1,16
516,00;Namibia;2010;516;Namibia;NAM;565,00;Namibia 2010;NAM10;156,37;1,27;1,84;1,16
516,00;Namibia;2011;516;Namibia;NAM;565,00;Namibia 2011;NAM11;156,39;1,26;1,85;1,15
516,00;Namibia;2012;516;Namibia;NAM;565,00;Namibia 2012;NAM12;149,79;1,20;1,74;1,14
516,00;Namibia;2013;516;Namibia;NAM;565,00;Namibia 2013;NAM13;135,17;1,22;1,76;0,34
516,00;Namibia;2014;516;Namibia;NAM;565,00;Namibia 2014;NAM14;148,56;1,21;2,10;0,34
516,00;Namibia;2015;516;Namibia;NAM;565,00;Namibia 2015;NAM15;148,11;1,20;2,10;0,33
516,00;Namibia;2016;516;Namibia;NAM;565,00;Namibia 2016;NAM16;142,84;1,19;1,97;0,34
516,00;Namibia;2017;516;Namibia;NAM;565,00;Namibia 2017;NAM17;148,05;1,18;1,86;0,99
516,00;Namibia;2018;516;Namibia;NAM;565,00;Namibia 2018;NAM18;146,15;1,19;1,82;0,98
516,00;Namibia;2019;516;Namibia;NAM;565,00;Namibia 2019;NAM19;145,07;1,18;1,80;0,98
516,00;Namibia;2020;516;Namibia;NAM;565,00;Namibia 2020;NAM20;146,13;1,17;1,85;0,97
516,00;Namibia;2021;516;Namibia;NAM;565,00;Namibia 2021;NAM21;141,96;1,15;1,75;0,97
516,00;Namibia;2022;516;Namibia;NAM;565,00;Namibia 2022;NAM22;137,91;1,14;1,66;0,96
516,00;Namibia;2023;516;Namibia;NAM;565,00;Namibia 2023;NAM23;136,44;1,17;1,59;0,96
524,00;Nepal;1990;524;Nepal;NPL;790,00;Nepal 1990;NPL90;45,34;0,02;0,96;0,16
524,00;Nepal;1991;524;Nepal;NPL;790,00;Nepal 1991;NPL91;45,16;0,02;0,96;0,16
524,00;Nepal;1992;524;Nepal;NPL;790,00;Nepal 1992;NPL92;44,16;0,02;0,94;0,15
524,00;Nepal;1993;524;Nepal;NPL;790,00;Nepal 1993;NPL93;43,01;0,02;0,92;0,15
524,00;Nepal;1994;524;Nepal;NPL;790,00;Nepal 1994;NPL94;46,83;0,04;0,86;0,14
524,00;Nepal;1995;524;Nepal;NPL;790,00;Nepal 1995;NPL95;40,13;0,04;0,83;0,14
524,00;Nepal;1996;524;Nepal;NPL;790,00;Nepal 1996;NPL96;39,45;0,04;0,80;0,16
524,00;Nepal;1997;524;Nepal;NPL;790,00;Nepal 1997;NPL97;39,98;0,04;0,78;0,18
524,00;Nepal;1998;524;Nepal;NPL;790,00;Nepal 1998;NPL98;40,26;0,04;0,80;0,18
524,00;Nepal;1999;524;Nepal;NPL;790,00;Nepal 1999;NPL99;41,18;0,04;0,82;0,18
524,00;Nepal;2000;524;Nepal;NPL;790,00;Nepal 2000;NPL00;45,42;0,04;0,93;0,17
524,00;Nepal;2001;524;Nepal;NPL;790,00;Nepal 2001;NPL01;47,67;0,04;0,99;0,17
524,00;Nepal;2002;524;Nepal;NPL;790,00;Nepal 2002;NPL02;59,61;0,11;1,20;0,18
524,00;Nepal;2003;524;Nepal;NPL;790,00;Nepal 2003;NPL03;64,92;0,13;1,28;0,20
524,00;Nepal;2004;524;Nepal;NPL;790,00;Nepal 2004;NPL04;95,20;0,13;1,38;1,10
524,00;Nepal;2005;524;Nepal;NPL;790,00;Nepal 2005;NPL05;97,86;0,13;1,46;1,10
524,00;Nepal;2006;524;Nepal;NPL;790,00;Nepal 2006;NPL06;95,39;0,13;1,39;1,10
524,00;Nepal;2007;524;Nepal;NPL;790,00;Nepal 2007;NPL07;90,80;0,12;1,27;1,09
524,00;Nepal;2008;524;Nepal;NPL;790,00;Nepal 2008;NPL08;91,92;0,14;1,29;1,09
524,00;Nepal;2009;524;Nepal;NPL;790,00;Nepal 2009;NPL09;92,51;0,15;1,20;1,19
524,00;Nepal;2010;524;Nepal;NPL;790,00;Nepal 2010;NPL10;63,11;0,15;1,13;0,29
524,00;Nepal;2011;524;Nepal;NPL;790,00;Nepal 2011;NPL11;64,36;0,20;1,12;0,29
524,00;Nepal;2012;524;Nepal;NPL;790,00;Nepal 2012;NPL12;91,05;0,49;1,06;0,95
524,00;Nepal;2013;524;Nepal;NPL;790,00;Nepal 2013;NPL13;91,67;0,47;1,12;0,93
524,00;Nepal;2014;524;Nepal;NPL;790,00;Nepal 2014;NPL14;93,67;0,47;1,17;0,93
524,00;Nepal;2015;524;Nepal;NPL;790,00;Nepal 2015;NPL15;91,20;0,47;1,11;0,92
524,00;Nepal;2016;524;Nepal;NPL;790,00;Nepal 2016;NPL16;92,83;0,47;1,16;0,92
524,00;Nepal;2017;524;Nepal;NPL;790,00;Nepal 2017;NPL17;90,60;0,46;1,22;0,80
524,00;Nepal;2018;524;Nepal;NPL;790,00;Nepal 2018;NPL18;84,35;0,46;1,18;0,68
524,00;Nepal;2019;524;Nepal;NPL;790,00;Nepal 2019;NPL19;80,69;0,45;1,11;0,66
524,00;Nepal;2020;524;Nepal;NPL;790,00;Nepal 2020;NPL20;78,90;0,44;1,09;0,64
524,00;Nepal;2021;524;Nepal;NPL;790,00;Nepal 2021;NPL21;75,87;0,43;1,03;0,62
524,00;Nepal;2022;524;Nepal;NPL;790,00;Nepal 2022;NPL22;72,04;0,43;0,94;0,62
524,00;Nepal;2023;524;Nepal;NPL;790,00;Nepal 2023;NPL23;71,05;0,42;0,92;0,62
528,00;Netherlands (the);1990;528;Netherlands;NLD;210,00;Netherlands 1990;NLD90;170,69;2,37;1,51;0,77
528,00;Netherlands (the);1991;528;Netherlands;NLD;210,00;Netherlands 1991;NLD91;168,05;2,37;1,46;0,75
528,00;Netherlands (the);1992;528;Netherlands;NLD;210,00;Netherlands 1992;NLD92;165,31;2,36;1,44;0,70
528,00;Netherlands (the);1993;528;Netherlands;NLD;210,00;Netherlands 1993;NLD93;156,06;2,27;1,36;0,62
528,00;Netherlands (the);1994;528;Netherlands;NLD;210,00;Netherlands 1994;NLD94;146,83;2,13;1,31;0,56
528,00;Netherlands (the);1995;528;Netherlands;NLD;210,00;Netherlands 1995;NLD95;142,90;2,06;1,26;0,58
528,00;Netherlands (the);1996;528;Netherlands;NLD;210,00;Netherlands 1996;NLD96;132,19;1,88;1,24;0,49
528,00;Netherlands (the);1997;528;Netherlands;NLD;210,00;Netherlands 1997;NLD97;133,78;1,88;1,19;0,22
528,00;Netherlands (the);1998;528;Netherlands;NLD;210,00;Netherlands 1998;NLD98;132,18;1,88;1,15;0,22
528,00;Netherlands (the);1999;528;Netherlands;NLD;210,00;Netherlands 1999;NLD99;124,37;1,79;1,16;0,45
528,00;Netherlands (the);2000;528;Netherlands;NLD;210,00;Netherlands 2000;NLD00;119,70;1,80;1,07;0,40
528,00;Netherlands (the);2001;528;Netherlands;NLD;210,00;Netherlands 2001;NLD01;117,97;1,77;1,07;0,38
528,00;Netherlands (the);2002;528;Netherlands;NLD;210,00;Netherlands 2002;NLD02;115,95;1,74;1,06;0,37
528,00;Netherlands (the);2003;528;Netherlands;NLD;210,00;Netherlands 2003;NLD03;115,34;1,70;1,06;0,39
528,00;Netherlands (the);2004;528;Netherlands;NLD;210,00;Netherlands 2004;NLD04;109,54;1,56;1,05;0,39
528,00;Netherlands (the);2005;528;Netherlands;NLD;210,00;Netherlands 2005;NLD05;108,06;1,54;1,03;0,38
528,00;Netherlands (the);2006;528;Netherlands;NLD;210,00;Netherlands 2006;NLD06;100,63;1,34;1,03;0,38
528,00;Netherlands (the);2007;528;Netherlands;NLD;210,00;Netherlands 2007;NLD07;104,16;1,50;1,01;0,34
528,00;Netherlands (the);2008;528;Netherlands;NLD;210,00;Netherlands 2008;NLD08;88,51;1,12;0,98;0,32
528,00;Netherlands (the);2009;528;Netherlands;NLD;210,00;Netherlands 2009;NLD09;91,23;1,16;1,02;0,32
528,00;Netherlands (the);2010;528;Netherlands;NLD;210,00;Netherlands 2010;NLD10;81,17;0,98;0,99;0,26
528,00;Netherlands (the);2011;528;Netherlands;NLD;210,00;Netherlands 2011;NLD11;80,62;1,00;0,97;0,25
528,00;Netherlands (the);2012;528;Netherlands;NLD;210,00;Netherlands 2012;NLD12;81,70;1,06;0,93;0,25
528,00;Netherlands (the);2013;528;Netherlands;NLD;210,00;Netherlands 2013;NLD13;80,44;1,07;0,90;0,25
528,00;Netherlands (the);2014;528;Netherlands;NLD;210,00;Netherlands 2014;NLD14;83,82;1,13;0,89;0,28
528,00;Netherlands (the);2015;528;Netherlands;NLD;210,00;Netherlands 2015;NLD15;82,50;1,12;0,88;0,27
528,00;Netherlands (the);2016;528;Netherlands;NLD;210,00;Netherlands 2016;NLD16;81,69;1,09;0,90;0,26
528,00;Netherlands (the);2017;528;Netherlands;NLD;210,00;Netherlands 2017;NLD17;81,29;1,08;0,89;0,26
528,00;Netherlands (the);2018;528;Netherlands;NLD;210,00;Netherlands 2018;NLD18;84,00;1,13;0,93;0,25
528,00;Netherlands (the);2019;528;Netherlands;NLD;210,00;Netherlands 2019;NLD19;90,82;1,26;0,98;0,25
528,00;Netherlands (the);2020;528;Netherlands;NLD;210,00;Netherlands 2020;NLD20;90,35;1,20;1,04;0,24
528,00;Netherlands (the);2021;528;Netherlands;NLD;210,00;Netherlands 2021;NLD21;89,62;1,21;1,01;0,24
528,00;Netherlands (the);2022;528;Netherlands;NLD;210,00;Netherlands 2022;NLD22;88,03;1,19;0,99;0,24
528,00;Netherlands (the);2023;528;Netherlands;NLD;210,00;Netherlands 2023;NLD23;91,08;1,18;1,08;0,24
554,00;New Zealand;1990;554;New Zealand;NZL;920,00;New Zealand 1990;NZL90;123,26;1,37;1,53;0,47
554,00;New Zealand;1991;554;New Zealand;NZL;920,00;New Zealand 1991;NZL91;117,99;1,29;1,49;0,44
554,00;New Zealand;1992;554;New Zealand;NZL;920,00;New Zealand 1992;NZL92;113,88;1,28;1,41;0,43
554,00;New Zealand;1993;554;New Zealand;NZL;920,00;New Zealand 1993;NZL93;109,89;1,26;1,33;0,42
554,00;New Zealand;1994;554;New Zealand;NZL;920,00;New Zealand 1994;NZL94;107,00;1,26;1,29;0,38
554,00;New Zealand;1995;554;New Zealand;NZL;920,00;New Zealand 1995;NZL95;105,79;1,24;1,28;0,37
554,00;New Zealand;1996;554;New Zealand;NZL;920,00;New Zealand 1996;NZL96;104,00;1,22;1,26;0,36
554,00;New Zealand;1997;554;New Zealand;NZL;920,00;New Zealand 1997;NZL97;101,39;1,22;1,22;0,33
554,00;New Zealand;1998;554;New Zealand;NZL;920,00;New Zealand 1998;NZL98;100,40;1,21;1,21;0,33
554,00;New Zealand;1999;554;New Zealand;NZL;920,00;New Zealand 1999;NZL99;94,36;1,09;1,17;0,32
554,00;New Zealand;2000;554;New Zealand;NZL;920,00;New Zealand 2000;NZL00;92,41;1,02;1,20;0,31
554,00;New Zealand;2001;554;New Zealand;NZL;920,00;New Zealand 2001;NZL01;90,39;1,01;1,15;0,32
554,00;New Zealand;2002;554;New Zealand;NZL;920,00;New Zealand 2002;NZL02;82,74;0,89;1,08;0,30
554,00;New Zealand;2003;554;New Zealand;NZL;920,00;New Zealand 2003;NZL03;81,54;0,89;1,05;0,30
554,00;New Zealand;2004;554;New Zealand;NZL;920,00;New Zealand 2004;NZL04;71,40;0,70;0,97;0,30
554,00;New Zealand;2005;554;New Zealand;NZL;920,00;New Zealand 2005;NZL05;79,95;0,99;0,90;0,30
554,00;New Zealand;2006;554;New Zealand;NZL;920,00;New Zealand 2006;NZL06;81,06;0,99;0,96;0,29
554,00;New Zealand;2007;554;New Zealand;NZL;920,00;New Zealand 2007;NZL07;79,65;0,98;0,93;0,28
554,00;New Zealand;2008;554;New Zealand;NZL;920,00;New Zealand 2008;NZL08;78,43;0,98;0,90;0,28
554,00;New Zealand;2009;554;New Zealand;NZL;920,00;New Zealand 2009;NZL09;79,09;0,96;0,93;0,28
554,00;New Zealand;2010;554;New Zealand;NZL;920,00;New Zealand 2010;NZL10;78,94;0,97;0,93;0,28
554,00;New Zealand;2011;554;New Zealand;NZL;920,00;New Zealand 2011;NZL11;77,70;0,96;0,90;0,27
554,00;New Zealand;2012;554;New Zealand;NZL;920,00;New Zealand 2012;NZL12;75,44;0,96;0,88;0,24
554,00;New Zealand;2013;554;New Zealand;NZL;920,00;New Zealand 2013;NZL13;73,60;0,95;0,84;0,24
554,00;New Zealand;2014;554;New Zealand;NZL;920,00;New Zealand 2014;NZL14;70,58;0,91;0,81;0,23
554,00;New Zealand;2015;554;New Zealand;NZL;920,00;New Zealand 2015;NZL15;70,07;0,90;0,80;0,23
554,00;New Zealand;2016;554;New Zealand;NZL;920,00;New Zealand 2016;NZL16;70,44;0,89;0,83;0,22
554,00;New Zealand;2017;554;New Zealand;NZL;920,00;New Zealand 2017;NZL17;70,27;0,88;0,84;0,22
554,00;New Zealand;2018;554;New Zealand;NZL;920,00;New Zealand 2018;NZL18;70,59;0,86;0,88;0,21
554,00;New Zealand;2019;554;New Zealand;NZL;920,00;New Zealand 2019;NZL19;74,15;0,85;0,98;0,21
554,00;New Zealand;2020;554;New Zealand;NZL;920,00;New Zealand 2020;NZL20;74,27;0,84;0,99;0,21
554,00;New Zealand;2021;554;New Zealand;NZL;920,00;New Zealand 2021;NZL21;70,65;0,84;0,90;0,21
554,00;New Zealand;2022;554;New Zealand;NZL;920,00;New Zealand 2022;NZL22;68,00;0,77;0,90;0,20
554,00;New Zealand;2023;554;New Zealand;NZL;920,00;New Zealand 2023;NZL23;70,28;0,82;0,93;0,19
558,00;Nicaragua;1991;558;Nicaragua;NIC;93,00;Nicaragua 1991;NIC91;176,36;1,68;2,03;0,61
558,00;Nicaragua;1992;558;Nicaragua;NIC;93,00;Nicaragua 1992;NIC92;149,61;1,65;1,60;0,42
558,00;Nicaragua;1993;558;Nicaragua;NIC;93,00;Nicaragua 1993;NIC93;140,27;1,63;1,40;0,41
558,00;Nicaragua;1994;558;Nicaragua;NIC;93,00;Nicaragua 1994;NIC94;120,01;1,59;0,96;0,40
558,00;Nicaragua;1995;558;Nicaragua;NIC;93,00;Nicaragua 1995;NIC95;109,38;1,64;0,91;0,15
558,00;Nicaragua;1996;558;Nicaragua;NIC;93,00;Nicaragua 1996;NIC96;102,54;1,52;0,81;0,19
558,00;Nicaragua;1997;558;Nicaragua;NIC;93,00;Nicaragua 1997;NIC97;105,88;1,62;0,80;0,19
558,00;Nicaragua;1998;558;Nicaragua;NIC;93,00;Nicaragua 1998;NIC98;100,34;1,61;0,68;0,19
558,00;Nicaragua;1999;558;Nicaragua;NIC;93,00;Nicaragua 1999;NIC99;98,45;1,60;0,67;0,16
558,00;Nicaragua;2000;558;Nicaragua;NIC;93,00;Nicaragua 2000;NIC00;99,98;1,59;0,72;0,16
558,00;Nicaragua;2001;558;Nicaragua;NIC;93,00;Nicaragua 2001;NIC01;96,33;1,58;0,64;0,15
558,00;Nicaragua;2002;558;Nicaragua;NIC;93,00;Nicaragua 2002;NIC02;101,90;1,61;0,77;0,13
558,00;Nicaragua;2003;558;Nicaragua;NIC;93,00;Nicaragua 2003;NIC03;110,97;1,60;0,76;0,67
558,00;Nicaragua;2004;558;Nicaragua;NIC;93,00;Nicaragua 2004;NIC04;107,26;1,59;0,67;0,67
558,00;Nicaragua;2005;558;Nicaragua;NIC;93,00;Nicaragua 2005;NIC05;103,63;1,59;0,64;0,61
558,00;Nicaragua;2006;558;Nicaragua;NIC;93,00;Nicaragua 2006;NIC06;98,97;1,58;0,53;0,60
558,00;Nicaragua;2007;558;Nicaragua;NIC;93,00;Nicaragua 2007;NIC07;97,15;1,57;0,51;0,58
558,00;Nicaragua;2008;558;Nicaragua;NIC;93,00;Nicaragua 2008;NIC08;92,24;1,56;0,48;0,49
558,00;Nicaragua;2009;558;Nicaragua;NIC;93,00;Nicaragua 2009;NIC09;91,04;1,55;0,48;0,47
558,00;Nicaragua;2010;558;Nicaragua;NIC;93,00;Nicaragua 2010;NIC10;90,38;1,54;0,48;0,46
558,00;Nicaragua;2011;558;Nicaragua;NIC;93,00;Nicaragua 2011;NIC11;88,94;1,51;0,50;0,43
558,00;Nicaragua;2012;558;Nicaragua;NIC;93,00;Nicaragua 2012;NIC12;92,00;1,50;0,61;0,42
558,00;Nicaragua;2013;558;Nicaragua;NIC;93,00;Nicaragua 2013;NIC13;91,53;1,49;0,61;0,40
558,00;Nicaragua;2014;558;Nicaragua;NIC;93,00;Nicaragua 2014;NIC14;91,16;1,48;0,61;0,40
558,00;Nicaragua;2015;558;Nicaragua;NIC;93,00;Nicaragua 2015;NIC15;92,79;1,48;0,68;0,39
558,00;Nicaragua;2016;558;Nicaragua;NIC;93,00;Nicaragua 2016;NIC16;90,67;1,52;0,58;0,38
558,00;Nicaragua;2017;558;Nicaragua;NIC;93,00;Nicaragua 2017;NIC17;89,54;1,52;0,57;0,37
558,00;Nicaragua;2018;558;Nicaragua;NIC;93,00;Nicaragua 2018;NIC18;91,67;1,51;0,57;0,44
558,00;Nicaragua;2019;558;Nicaragua;NIC;93,00;Nicaragua 2019;NIC19;90,69;1,50;0,55;0,44
558,00;Nicaragua;2020;558;Nicaragua;NIC;93,00;Nicaragua 2020;NIC20;90,71;1,48;0,57;0,44
558,00;Nicaragua;2021;558;Nicaragua;NIC;93,00;Nicaragua 2021;NIC21;88,22;1,48;0,50;0,44
558,00;Nicaragua;2022;558;Nicaragua;NIC;93,00;Nicaragua 2022;NIC22;87,50;1,47;0,49;0,43
558,00;Nicaragua;2023;558;Nicaragua;NIC;93,00;Nicaragua 2023;NIC23;87,39;1,46;0,50;0,43
562,00;Niger (the);1990;562;Niger;NER;436,00;Niger 1990;NER90;29,27;0,10;0,60;0,05
562,00;Niger (the);1994;562;Niger;NER;436,00;Niger 1994;NER94;53,34;0,14;0,99;0,06
562,00;Niger (the);1995;562;Niger;NER;436,00;Niger 1995;NER95;40,26;0,14;0,82;0,05
562,00;Niger (the);1996;562;Niger;NER;436,00;Niger 1996;NER96;37,26;0,13;0,76;0,05
562,00;Niger (the);1997;562;Niger;NER;436,00;Niger 1997;NER97;38,71;0,13;0,80;0,05
562,00;Niger (the);1998;562;Niger;NER;436,00;Niger 1998;NER98;41,78;0,13;0,88;0,05
562,00;Niger (the);1999;562;Niger;NER;436,00;Niger 1999;NER99;49,87;0,12;0,94;0,05
562,00;Niger (the);2000;562;Niger;NER;436,00;Niger 2000;NER00;46,12;0,12;0,99;0,05
562,00;Niger (the);2001;562;Niger;NER;436,00;Niger 2001;NER01;49,70;0,11;1,09;0,04
562,00;Niger (the);2002;562;Niger;NER;436,00;Niger 2002;NER02;40,07;0,11;0,86;0,04
562,00;Niger (the);2003;562;Niger;NER;436,00;Niger 2003;NER03;39,07;0,11;0,84;0,04
562,00;Niger (the);2004;562;Niger;NER;436,00;Niger 2004;NER04;73,77;0,10;0,94;0,99
562,00;Niger (the);2005;562;Niger;NER;436,00;Niger 2005;NER05;63,32;0,10;0,66;0,99
562,00;Niger (the);2006;562;Niger;NER;436,00;Niger 2006;NER06;63,08;0,10;0,66;0,99
562,00;Niger (the);2007;562;Niger;NER;436,00;Niger 2007;NER07;62,52;0,09;0,67;0,97
562,00;Niger (the);2008;562;Niger;NER;436,00;Niger 2008;NER08;64,14;0,09;0,69;0,99
562,00;Niger (the);2009;562;Niger;NER;436,00;Niger 2009;NER09;60,09;0,09;0,68;0,88
562,00;Niger (the);2010;562;Niger;NER;436,00;Niger 2010;NER10;64,01;0,09;0,79;0,88
562,00;Niger (the);2011;562;Niger;NER;436,00;Niger 2011;NER11;66,21;0,08;0,86;0,88
562,00;Niger (the);2012;562;Niger;NER;436,00;Niger 2012;NER12;74,46;0,09;1,28;0,69
562,00;Niger (the);2013;562;Niger;NER;436,00;Niger 2013;NER13;61,53;0,09;0,92;0,69
562,00;Niger (the);2014;562;Niger;NER;436,00;Niger 2014;NER14;73,63;0,09;1,11;0,83
562,00;Niger (the);2015;562;Niger;NER;436,00;Niger 2015;NER15;72,70;0,14;1,08;0,79
562,00;Niger (the);2016;562;Niger;NER;436,00;Niger 2016;NER16;78,57;0,14;1,25;0,77
562,00;Niger (the);2017;562;Niger;NER;436,00;Niger 2017;NER17;84,12;0,14;1,32;0,86
562,00;Niger (the);2018;562;Niger;NER;436,00;Niger 2018;NER18;78,94;0,13;1,32;0,72
562,00;Niger (the);2019;562;Niger;NER;436,00;Niger 2019;NER19;79,68;0,13;1,36;0,70
562,00;Niger (the);2020;562;Niger;NER;436,00;Niger 2020;NER20;80,79;0,25;1,26;0,71
562,00;Niger (the);2021;562;Niger;NER;436,00;Niger 2021;NER21;76,38;0,32;1,07;0,71
562,00;Niger (the);2022;562;Niger;NER;436,00;Niger 2022;NER22;102,04;0,33;1,24;1,23
562,00;Niger (the);2023;562;Niger;NER;436,00;Niger 2023;NER23;115,51;0,34;1,43;1,38
566,00;Nigeria;1990;566;Nigeria;NGA;475,00;Nigeria 1990;NGA90;64,39;0,60;0,94;0,06
566,00;Nigeria;1991;566;Nigeria;NGA;475,00;Nigeria 1991;NGA91;61,93;0,62;0,87;0,05
566,00;Nigeria;1992;566;Nigeria;NGA;475,00;Nigeria 1992;NGA92;52,38;0,61;0,66;0,04
566,00;Nigeria;1993;566;Nigeria;NGA;475,00;Nigeria 1993;NGA93;65,24;0,62;0,97;0,04
566,00;Nigeria;1994;566;Nigeria;NGA;475,00;Nigeria 1994;NGA94;66,94;0,61;0,83;0,04
566,00;Nigeria;1995;566;Nigeria;NGA;475,00;Nigeria 1995;NGA95;47,84;0,62;0,55;0,04
566,00;Nigeria;1996;566;Nigeria;NGA;475,00;Nigeria 1996;NGA96;40,42;0,52;0,47;0,04
566,00;Nigeria;1997;566;Nigeria;NGA;475,00;Nigeria 1997;NGA97;41,21;0,51;0,49;0,03
566,00;Nigeria;1998;566;Nigeria;NGA;475,00;Nigeria 1998;NGA98;44,58;0,51;0,58;0,03
566,00;Nigeria;1999;566;Nigeria;NGA;475,00;Nigeria 1999;NGA99;62,05;0,50;0,83;0,04
566,00;Nigeria;2000;566;Nigeria;NGA;475,00;Nigeria 2000;NGA00;44,12;0,49;0,58;0,03
566,00;Nigeria;2001;566;Nigeria;NGA;475,00;Nigeria 2001;NGA01;52,73;0,47;0,79;0,06
566,00;Nigeria;2002;566;Nigeria;NGA;475,00;Nigeria 2002;NGA02;60,05;0,46;0,97;0,06
566,00;Nigeria;2003;566;Nigeria;NGA;475,00;Nigeria 2003;NGA03;56,05;0,48;0,56;0,51
566,00;Nigeria;2004;566;Nigeria;NGA;475,00;Nigeria 2004;NGA04;53,26;0,47;0,50;0,51
566,00;Nigeria;2005;566;Nigeria;NGA;475,00;Nigeria 2005;NGA05;48,72;0,45;0,42;0,49
566,00;Nigeria;2006;566;Nigeria;NGA;475,00;Nigeria 2006;NGA06;46,81;0,48;0,38;0,45
566,00;Nigeria;2007;566;Nigeria;NGA;475,00;Nigeria 2007;NGA07;43,70;0,40;0,40;0,41
566,00;Nigeria;2008;566;Nigeria;NGA;475,00;Nigeria 2008;NGA08;47,50;0,39;0,52;0,41
566,00;Nigeria;2009;566;Nigeria;NGA;475,00;Nigeria 2009;NGA09;48,12;0,40;0,54;0,40
566,00;Nigeria;2010;566;Nigeria;NGA;475,00;Nigeria 2010;NGA10;49,13;0,39;0,58;0,40
566,00;Nigeria;2011;566;Nigeria;NGA;475,00;Nigeria 2011;NGA11;49,24;0,36;0,61;0,40
566,00;Nigeria;2012;566;Nigeria;NGA;475,00;Nigeria 2012;NGA12;46,36;0,35;0,54;0,40
566,00;Nigeria;2013;566;Nigeria;NGA;475,00;Nigeria 2013;NGA13;43,95;0,34;0,51;0,37
566,00;Nigeria;2014;566;Nigeria;NGA;475,00;Nigeria 2014;NGA14;42,41;0,35;0,46;0,37
566,00;Nigeria;2015;566;Nigeria;NGA;475,00;Nigeria 2015;NGA15;42,51;0,36;0,46;0,37
566,00;Nigeria;2016;566;Nigeria;NGA;475,00;Nigeria 2016;NGA16;43,22;0,36;0,47;0,37
566,00;Nigeria;2017;566;Nigeria;NGA;475,00;Nigeria 2017;NGA17;42,75;0,36;0,47;0,37
566,00;Nigeria;2018;566;Nigeria;NGA;475,00;Nigeria 2018;NGA18;48,65;0,39;0,56;0,41
566,00;Nigeria;2019;566;Nigeria;NGA;475,00;Nigeria 2019;NGA19;47,41;0,39;0,51;0,42
566,00;Nigeria;2020;566;Nigeria;NGA;475,00;Nigeria 2020;NGA20;51,78;0,37;0,66;0,42
566,00;Nigeria;2021;566;Nigeria;NGA;475,00;Nigeria 2021;NGA21;62,76;0,43;0,92;0,39
566,00;Nigeria;2022;566;Nigeria;NGA;475,00;Nigeria 2022;NGA22;52,83;0,43;0,65;0,39
566,00;Nigeria;2023;566;Nigeria;NGA;475,00;Nigeria 2023;NGA23;57,62;0,44;0,77;0,39
578,00;Norway;1990;578;Norway;NOR;385,00;Norway 1990;NOR90;189,16;2,08;1,78;1,28
578,00;Norway;1991;578;Norway;NOR;385,00;Norway 1991;NOR91;186,07;2,11;1,71;1,24
578,00;Norway;1992;578;Norway;NOR;385,00;Norway 1992;NOR92;188,25;2,11;1,77;1,24
578,00;Norway;1993;578;Norway;NOR;385,00;Norway 1993;NOR93;182,16;2,12;1,65;1,18
578,00;Norway;1994;578;Norway;NOR;385,00;Norway 1994;NOR94;182,09;2,08;1,65;1,22
578,00;Norway;1995;578;Norway;NOR;385,00;Norway 1995;NOR95;165,74;1,96;1,47;1,09
578,00;Norway;1996;578;Norway;NOR;385,00;Norway 1996;NOR96;163,09;1,95;1,41;1,07
578,00;Norway;1997;578;Norway;NOR;385,00;Norway 1997;NOR97;162,56;1,99;1,34;1,10
578,00;Norway;1998;578;Norway;NOR;385,00;Norway 1998;NOR98;157,86;1,91;1,38;1,00
578,00;Norway;1999;578;Norway;NOR;385,00;Norway 1999;NOR99;157,15;1,92;1,33;1,03
578,00;Norway;2000;578;Norway;NOR;385,00;Norway 2000;NOR00;146,36;1,86;1,21;0,92
578,00;Norway;2001;578;Norway;NOR;385,00;Norway 2001;NOR01;144,30;1,82;1,20;0,91
578,00;Norway;2002;578;Norway;NOR;385,00;Norway 2002;NOR02;149,90;1,81;1,35;0,92
578,00;Norway;2003;578;Norway;NOR;385,00;Norway 2003;NOR03;147,78;1,81;1,30;0,91
578,00;Norway;2004;578;Norway;NOR;385,00;Norway 2004;NOR04;150,57;1,95;1,25;0,90
578,00;Norway;2005;578;Norway;NOR;385,00;Norway 2005;NOR05;144,99;1,94;1,14;0,87
578,00;Norway;2006;578;Norway;NOR;385,00;Norway 2006;NOR06;140,16;1,94;1,08;0,81
578,00;Norway;2007;578;Norway;NOR;385,00;Norway 2007;NOR07;131,37;1,89;1,08;0,62
578,00;Norway;2008;578;Norway;NOR;385,00;Norway 2008;NOR08;128,51;2,02;1,04;0,45
578,00;Norway;2009;578;Norway;NOR;385,00;Norway 2009;NOR09;128,40;1,84;1,13;0,53
578,00;Norway;2010;578;Norway;NOR;385,00;Norway 2010;NOR10;128,19;1,85;1,09;0,56
578,00;Norway;2011;578;Norway;NOR;385,00;Norway 2011;NOR11;124,52;1,82;1,06;0,52
578,00;Norway;2012;578;Norway;NOR;385,00;Norway 2012;NOR12;124,48;1,85;1,04;0,51
578,00;Norway;2013;578;Norway;NOR;385,00;Norway 2013;NOR13;122,97;1,79;1,04;0,53
578,00;Norway;2014;578;Norway;NOR;385,00;Norway 2014;NOR14;123,12;1,78;1,07;0,52
578,00;Norway;2015;578;Norway;NOR;385,00;Norway 2015;NOR15;122,18;1,79;1,07;0,48
578,00;Norway;2016;578;Norway;NOR;385,00;Norway 2016;NOR16;124,39;1,78;1,13;0,49
578,00;Norway;2017;578;Norway;NOR;385,00;Norway 2017;NOR17;124,63;1,78;1,17;0,46
578,00;Norway;2018;578;Norway;NOR;385,00;Norway 2018;NOR18;128,98;1,90;1,18;0,44
578,00;Norway;2019;578;Norway;NOR;385,00;Norway 2019;NOR19;130,10;1,88;1,23;0,44
578,00;Norway;2020;578;Norway;NOR;385,00;Norway 2020;NOR20;132,60;1,91;1,27;0,43
578,00;Norway;2021;578;Norway;NOR;385,00;Norway 2021;NOR21;130,10;1,91;1,18;0,46
578,00;Norway;2022;578;Norway;NOR;385,00;Norway 2022;NOR22;125,76;1,88;1,10;0,46
578,00;Norway;2023;578;Norway;NOR;385,00;Norway 2023;NOR23;124,36;1,79;1,15;0,45
586,00;Pakistan;1990;586;Pakistan (1971-);PAK;770,00;Pakistan (1971-) 1990;PAK90;194,72;1,09;3,30;0,37
586,00;Pakistan;1991;586;Pakistan (1971-);PAK;770,00;Pakistan (1971-) 1991;PAK91;194,21;1,10;3,29;0,37
586,00;Pakistan;1992;586;Pakistan (1971-);PAK;770,00;Pakistan (1971-) 1992;PAK92;201,42;1,09;3,29;1,09
586,00;Pakistan;1993;586;Pakistan (1971-);PAK;770,00;Pakistan (1971-) 1993;PAK93;196,36;1,07;3,21;1,06
586,00;Pakistan;1994;586;Pakistan (1971-);PAK;770,00;Pakistan (1971-) 1994;PAK94;190,14;1,06;3,06;1,05
586,00;Pakistan;1995;586;Pakistan (1971-);PAK;770,00;Pakistan (1971-) 1995;PAK95;188,72;1,10;3,01;1,02
586,00;Pakistan;1996;586;Pakistan (1971-);PAK;770,00;Pakistan (1971-) 1996;PAK96;186,99;1,05;3,05;0,99
586,00;Pakistan;1997;586;Pakistan (1971-);PAK;770,00;Pakistan (1971-) 1997;PAK97;182,79;1,06;2,95;0,97
586,00;Pakistan;1998;586;Pakistan (1971-);PAK;770,00;Pakistan (1971-) 1998;PAK98;177,91;1,04;2,85;0,94
586,00;Pakistan;1999;586;Pakistan (1971-);PAK;770,00;Pakistan (1971-) 1999;PAK99;173,64;1,03;2,78;0,92
586,00;Pakistan;2000;586;Pakistan (1971-);PAK;770,00;Pakistan (1971-) 2000;PAK00;163,11;1,00;2,50;0,94
586,00;Pakistan;2001;586;Pakistan (1971-);PAK;770,00;Pakistan (1971-) 2001;PAK01;160,07;1,00;2,43;0,92
586,00;Pakistan;2002;586;Pakistan (1971-);PAK;770,00;Pakistan (1971-) 2002;PAK02;162,01;1,02;2,47;0,92
586,00;Pakistan;2003;586;Pakistan (1971-);PAK;770,00;Pakistan (1971-) 2003;PAK03;163,67;0,99;2,56;0,91
586,00;Pakistan;2004;586;Pakistan (1971-);PAK;770,00;Pakistan (1971-) 2004;PAK04;162,55;1,04;2,53;0,86
586,00;Pakistan;2005;586;Pakistan (1971-);PAK;770,00;Pakistan (1971-) 2005;PAK05;156,93;1,02;2,44;0,82
586,00;Pakistan;2006;586;Pakistan (1971-);PAK;770,00;Pakistan (1971-) 2006;PAK06;151,08;1,01;2,29;0,81
586,00;Pakistan;2007;586;Pakistan (1971-);PAK;770,00;Pakistan (1971-) 2007;PAK07;148,94;1,00;2,25;0,81
586,00;Pakistan;2008;586;Pakistan (1971-);PAK;770,00;Pakistan (1971-) 2008;PAK08;147,89;0,99;2,25;0,79
586,00;Pakistan;2009;586;Pakistan (1971-);PAK;770,00;Pakistan (1971-) 2009;PAK09;145,76;0,98;2,22;0,77
586,00;Pakistan;2010;586;Pakistan (1971-);PAK;770,00;Pakistan (1971-) 2010;PAK10;143,45;1,01;2,14;0,76
586,00;Pakistan;2011;586;Pakistan (1971-);PAK;770,00;Pakistan (1971-) 2011;PAK11;143,52;1,01;2,15;0,76
586,00;Pakistan;2012;586;Pakistan (1971-);PAK;770,00;Pakistan (1971-) 2012;PAK12;144,56;0,99;2,21;0,74
586,00;Pakistan;2013;586;Pakistan (1971-);PAK;770,00;Pakistan (1971-) 2013;PAK13;142,54;1,00;2,16;0,73
586,00;Pakistan;2014;586;Pakistan (1971-);PAK;770,00;Pakistan (1971-) 2014;PAK14;141,60;0,99;2,16;0,72
586,00;Pakistan;2015;586;Pakistan (1971-);PAK;770,00;Pakistan (1971-) 2015;PAK15;141,49;0,99;2,18;0,69
586,00;Pakistan;2016;586;Pakistan (1971-);PAK;770,00;Pakistan (1971-) 2016;PAK16;140,80;0,98;2,18;0,68
586,00;Pakistan;2017;586;Pakistan (1971-);PAK;770,00;Pakistan (1971-) 2017;PAK17;140,87;0,98;2,20;0,66
586,00;Pakistan;2018;586;Pakistan (1971-);PAK;770,00;Pakistan (1971-) 2018;PAK18;143,48;0,97;2,28;0,66
586,00;Pakistan;2019;586;Pakistan (1971-);PAK;770,00;Pakistan (1971-) 2019;PAK19;145,00;1,08;2,24;0,62
586,00;Pakistan;2020;586;Pakistan (1971-);PAK;770,00;Pakistan (1971-) 2020;PAK20;143,78;1,07;2,22;0,62
586,00;Pakistan;2021;586;Pakistan (1971-);PAK;770,00;Pakistan (1971-) 2021;PAK21;142,22;1,06;2,19;0,62
586,00;Pakistan;2022;586;Pakistan (1971-);PAK;770,00;Pakistan (1971-) 2022;PAK22;138,66;1,06;2,11;0,62
586,00;Pakistan;2023;586;Pakistan (1971-);PAK;770,00;Pakistan (1971-) 2023;PAK23;132,99;1,05;1,96;0,62
591,00;Panama;1990;591;Panama;PAN;95,00;Panama 1990;PAN90;64,73;0,13;0,97;0,69
591,00;Panama;1991;591;Panama;PAN;95,00;Panama 1991;PAN91;58,38;0,00;0,95;0,66
591,00;Panama;1992;591;Panama;PAN;95,00;Panama 1992;PAN92;54,88;0,00;0,87;0,65
591,00;Panama;1993;591;Panama;PAN;95,00;Panama 1993;PAN93;57,03;0,00;0,94;0,64
591,00;Panama;1994;591;Panama;PAN;95,00;Panama 1994;PAN94;63,38;0,00;0,94;0,64
591,00;Panama;1995;591;Panama;PAN;95,00;Panama 1995;PAN95;54,78;0,00;0,90;0,62
591,00;Panama;1996;591;Panama;PAN;95,00;Panama 1996;PAN96;67,27;0,00;0,89;0,97
591,00;Panama;1997;591;Panama;PAN;95,00;Panama 1997;PAN97;68,69;0,00;0,94;0,96
591,00;Panama;1998;591;Panama;PAN;95,00;Panama 1998;PAN98;63,35;0,00;0,80;0,95
591,00;Panama;1999;591;Panama;PAN;95,00;Panama 1999;PAN99;56,15;0,00;0,82;0,58
591,00;Panama;2000;591;Panama;PAN;95,00;Panama 2000;PAN00;50,03;0,00;0,82;0,57
591,00;Panama;2001;591;Panama;PAN;95,00;Panama 2001;PAN01;49,57;0,00;0,82;0,56
591,00;Panama;2002;591;Panama;PAN;95,00;Panama 2002;PAN02;48,71;0,00;0,82;0,54
598,00;Papua New Guinea;1990;598;Papua New Guinea;PNG;910,00;Papua New Guinea 1990;PNG90;64,62;0,05;1,51;0,05
598,00;Papua New Guinea;1991;598;Papua New Guinea;PNG;910,00;Papua New Guinea 1991;PNG91;45,59;0,05;1,05;0,05
598,00;Papua New Guinea;1992;598;Papua New Guinea;PNG;910,00;Papua New Guinea 1992;PNG92;42,38;0,05;0,97;0,05
598,00;Papua New Guinea;1993;598;Papua New Guinea;PNG;910,00;Papua New Guinea 1993;PNG93;41,11;0,03;0,96;0,04
598,00;Papua New Guinea;1994;598;Papua New Guinea;PNG;910,00;Papua New Guinea 1994;PNG94;48,42;0,03;1,01;0,04
598,00;Papua New Guinea;1995;598;Papua New Guinea;PNG;910,00;Papua New Guinea 1995;PNG95;34,11;0,03;0,80;0,04
598,00;Papua New Guinea;1996;598;Papua New Guinea;PNG;910,00;Papua New Guinea 1996;PNG96;40,03;0,00;0,97;0,04
598,00;Papua New Guinea;1997;598;Papua New Guinea;PNG;910,00;Papua New Guinea 1997;PNG97;40,57;0,00;0,98;0,04
598,00;Papua New Guinea;1998;598;Papua New Guinea;PNG;910,00;Papua New Guinea 1998;PNG98;34,47;0,00;0,83;0,04
598,00;Papua New Guinea;1999;598;Papua New Guinea;PNG;910,00;Papua New Guinea 1999;PNG99;28,10;0,00;0,68;0,04
598,00;Papua New Guinea;2000;598;Papua New Guinea;PNG;910,00;Papua New Guinea 2000;PNG00;55,21;0,00;0,75;0,79
598,00;Papua New Guinea;2001;598;Papua New Guinea;PNG;910,00;Papua New Guinea 2001;PNG01;51,02;0,00;0,63;0,78
598,00;Papua New Guinea;2002;598;Papua New Guinea;PNG;910,00;Papua New Guinea 2002;PNG02;40,00;0,00;0,44;0,69
598,00;Papua New Guinea;2003;598;Papua New Guinea;PNG;910,00;Papua New Guinea 2003;PNG03;39,42;0,00;0,42;0,69
598,00;Papua New Guinea;2004;598;Papua New Guinea;PNG;910,00;Papua New Guinea 2004;PNG04;40,86;0,00;0,46;0,68
598,00;Papua New Guinea;2005;598;Papua New Guinea;PNG;910,00;Papua New Guinea 2005;PNG05;42,13;0,00;0,50;0,68
598,00;Papua New Guinea;2006;598;Papua New Guinea;PNG;910,00;Papua New Guinea 2006;PNG06;18,11;0,00;0,45;0,02
598,00;Papua New Guinea;2007;598;Papua New Guinea;PNG;910,00;Papua New Guinea 2007;PNG07;19,56;0,00;0,49;0,02
598,00;Papua New Guinea;2008;598;Papua New Guinea;PNG;910,00;Papua New Guinea 2008;PNG08;37,78;0,00;0,43;0,64
598,00;Papua New Guinea;2009;598;Papua New Guinea;PNG;910,00;Papua New Guinea 2009;PNG09;41,76;0,00;0,53;0,63
598,00;Papua New Guinea;2010;598;Papua New Guinea;PNG;910,00;Papua New Guinea 2010;PNG10;36,23;0,00;0,41;0,61
598,00;Papua New Guinea;2011;598;Papua New Guinea;PNG;910,00;Papua New Guinea 2011;PNG11;37,16;0,00;0,44;0,60
598,00;Papua New Guinea;2012;598;Papua New Guinea;PNG;910,00;Papua New Guinea 2012;PNG12;42,57;0,00;0,59;0,60
598,00;Papua New Guinea;2013;598;Papua New Guinea;PNG;910,00;Papua New Guinea 2013;PNG13;36,72;0,00;0,55;0,49
598,00;Papua New Guinea;2014;598;Papua New Guinea;PNG;910,00;Papua New Guinea 2014;PNG14;36,00;0,00;0,53;0,48
598,00;Papua New Guinea;2015;598;Papua New Guinea;PNG;910,00;Papua New Guinea 2015;PNG15;38,04;0,00;0,58;0,48
598,00;Papua New Guinea;2016;598;Papua New Guinea;PNG;910,00;Papua New Guinea 2016;PNG16;17,97;0,00;0,46;0,01
598,00;Papua New Guinea;2017;598;Papua New Guinea;PNG;910,00;Papua New Guinea 2017;PNG17;17,39;0,00;0,44;0,02
598,00;Papua New Guinea;2018;598;Papua New Guinea;PNG;910,00;Papua New Guinea 2018;PNG18;33,30;0,00;0,41;0,53
598,00;Papua New Guinea;2019;598;Papua New Guinea;PNG;910,00;Papua New Guinea 2019;PNG19;34,87;0,00;0,44;0,54
598,00;Papua New Guinea;2020;598;Papua New Guinea;PNG;910,00;Papua New Guinea 2020;PNG20;36,11;0,00;0,48;0,54
598,00;Papua New Guinea;2021;598;Papua New Guinea;PNG;910,00;Papua New Guinea 2021;PNG21;33,86;0,00;0,41;0,55
598,00;Papua New Guinea;2022;598;Papua New Guinea;PNG;910,00;Papua New Guinea 2022;PNG22;33,12;0,00;0,39;0,55
598,00;Papua New Guinea;2023;598;Papua New Guinea;PNG;910,00;Papua New Guinea 2023;PNG23;34,09;0,03;0,39;0,55
600,00;Paraguay;1990;600;Paraguay;PRY;150,00;Paraguay 1990;PRY90;111,98;0,88;1,50;0,38
600,00;Paraguay;1991;600;Paraguay;PRY;150,00;Paraguay 1991;PRY91;122,40;0,85;1,78;0,38
600,00;Paraguay;1992;600;Paraguay;PRY;150,00;Paraguay 1992;PRY92;106,55;0,68;1,59;0,36
600,00;Paraguay;1993;600;Paraguay;PRY;150,00;Paraguay 1993;PRY93;101,96;0,66;1,49;0,35
600,00;Paraguay;1994;600;Paraguay;PRY;150,00;Paraguay 1994;PRY94;98,39;0,65;1,43;0,35
600,00;Paraguay;1995;600;Paraguay;PRY;150,00;Paraguay 1995;PRY95;106,33;0,53;1,52;0,57
600,00;Paraguay;1996;600;Paraguay;PRY;150,00;Paraguay 1996;PRY96;110,31;0,67;1,42;0,63
600,00;Paraguay;1997;600;Paraguay;PRY;150,00;Paraguay 1997;PRY97;96,39;0,53;1,23;0,61
600,00;Paraguay;1998;600;Paraguay;PRY;150,00;Paraguay 1998;PRY98;94,47;0,57;1,16;0,60
600,00;Paraguay;1999;600;Paraguay;PRY;150,00;Paraguay 1999;PRY99;89,47;0,56;1,07;0,59
600,00;Paraguay;2000;600;Paraguay;PRY;150,00;Paraguay 2000;PRY00;87,83;0,59;1,00;0,58
600,00;Paraguay;2001;600;Paraguay;PRY;150,00;Paraguay 2001;PRY01;82,69;0,58;0,91;0,55
600,00;Paraguay;2002;600;Paraguay;PRY;150,00;Paraguay 2002;PRY02;89,99;0,58;0,87;1,03
600,00;Paraguay;2003;600;Paraguay;PRY;150,00;Paraguay 2003;PRY03;85,25;0,56;0,76;1,02
600,00;Paraguay;2004;600;Paraguay;PRY;150,00;Paraguay 2004;PRY04;77,92;0,48;0,80;0,87
600,00;Paraguay;2005;600;Paraguay;PRY;150,00;Paraguay 2005;PRY05;72,90;0,45;0,68;0,87
600,00;Paraguay;2006;600;Paraguay;PRY;150,00;Paraguay 2006;PRY06;74,76;0,46;0,73;0,86
600,00;Paraguay;2007;600;Paraguay;PRY;150,00;Paraguay 2007;PRY07;73,26;0,45;0,70;0,88
600,00;Paraguay;2008;600;Paraguay;PRY;150,00;Paraguay 2008;PRY08;61,64;0,44;0,65;0,44
600,00;Paraguay;2009;600;Paraguay;PRY;150,00;Paraguay 2009;PRY09;66,26;0,52;0,69;0,44
600,00;Paraguay;2010;600;Paraguay;PRY;150,00;Paraguay 2010;PRY10;66,52;0,53;0,69;0,43
600,00;Paraguay;2011;600;Paraguay;PRY;150,00;Paraguay 2011;PRY11;68,35;0,52;0,75;0,43
600,00;Paraguay;2012;600;Paraguay;PRY;150,00;Paraguay 2012;PRY12;77,26;0,51;0,82;0,79
600,00;Paraguay;2013;600;Paraguay;PRY;150,00;Paraguay 2013;PRY13;77,16;0,51;0,83;0,79
600,00;Paraguay;2014;600;Paraguay;PRY;150,00;Paraguay 2014;PRY14;76,93;0,50;0,83;0,78
600,00;Paraguay;2015;600;Paraguay;PRY;150,00;Paraguay 2015;PRY15;72,44;0,34;0,88;0,77
600,00;Paraguay;2016;600;Paraguay;PRY;150,00;Paraguay 2016;PRY16;69,87;0,35;0,81;0,77
600,00;Paraguay;2017;600;Paraguay;PRY;150,00;Paraguay 2017;PRY17;68,14;0,34;0,77;0,76
600,00;Paraguay;2018;600;Paraguay;PRY;150,00;Paraguay 2018;PRY18;68,37;0,32;0,82;0,75
600,00;Paraguay;2019;600;Paraguay;PRY;150,00;Paraguay 2019;PRY19;68,75;0,30;0,82;0,77
600,00;Paraguay;2020;600;Paraguay;PRY;150,00;Paraguay 2020;PRY20;69,42;0,30;0,84;0,77
600,00;Paraguay;2021;600;Paraguay;PRY;150,00;Paraguay 2021;PRY21;61,72;0,31;0,78;0,62
600,00;Paraguay;2022;600;Paraguay;PRY;150,00;Paraguay 2022;PRY22;59,11;0,31;0,72;0,61
600,00;Paraguay;2023;600;Paraguay;PRY;150,00;Paraguay 2023;PRY23;60,64;0,31;0,76;0,61
604,00;Peru;1990;604;Peru;PER;135,00;Peru 1990;PER90;151,17;1,41;1,81;0,49
604,00;Peru;1991;604;Peru;PER;135,00;Peru 1991;PER91;135,04;1,37;1,50;0,45
604,00;Peru;1992;604;Peru;PER;135,00;Peru 1992;PER92;144,44;1,34;1,71;0,48
604,00;Peru;1993;604;Peru;PER;135,00;Peru 1993;PER93;142,46;1,26;1,81;0,43
604,00;Peru;1994;604;Peru;PER;135,00;Peru 1994;PER94;136,89;1,25;1,69;0,42
604,00;Peru;1995;604;Peru;PER;135,00;Peru 1995;PER95;138,36;1,24;1,74;0,41
604,00;Peru;1996;604;Peru;PER;135,00;Peru 1996;PER96;134,15;1,18;1,68;0,44
604,00;Peru;1997;604;Peru;PER;135,00;Peru 1997;PER97;125,40;1,17;1,46;0,45
604,00;Peru;1998;604;Peru;PER;135,00;Peru 1998;PER98;124,89;1,16;1,46;0,44
604,00;Peru;1999;604;Peru;PER;135,00;Peru 1999;PER99;127,14;1,13;1,40;0,94
604,00;Peru;2000;604;Peru;PER;135,00;Peru 2000;PER00;123,85;1,09;1,36;0,94
604,00;Peru;2001;604;Peru;PER;135,00;Peru 2001;PER01;118,27;1,02;1,32;0,89
604,00;Peru;2002;604;Peru;PER;135,00;Peru 2002;PER02;113,43;0,98;1,20;0,91
604,00;Peru;2003;604;Peru;PER;135,00;Peru 2003;PER03;111,35;0,97;1,20;0,88
604,00;Peru;2004;604;Peru;PER;135,00;Peru 2004;PER04;111,74;1,11;1,13;0,81
604,00;Peru;2005;604;Peru;PER;135,00;Peru 2005;PER05;107,61;1,09;1,24;0,33
604,00;Peru;2006;604;Peru;PER;135,00;Peru 2006;PER06;105,35;1,09;1,18;0,33
604,00;Peru;2007;604;Peru;PER;135,00;Peru 2007;PER07;109,07;1,07;1,09;0,83
604,00;Peru;2008;604;Peru;PER;135,00;Peru 2008;PER08;108,41;1,11;1,05;0,80
604,00;Peru;2009;604;Peru;PER;135,00;Peru 2009;PER09;118,06;1,11;1,20;0,92
604,00;Peru;2010;604;Peru;PER;135,00;Peru 2010;PER10;117,35;1,11;1,18;0,92
604,00;Peru;2011;604;Peru;PER;135,00;Peru 2011;PER11;114,98;1,10;1,12;0,92
604,00;Peru;2012;604;Peru;PER;135,00;Peru 2012;PER12;114,95;1,09;1,18;0,87
604,00;Peru;2013;604;Peru;PER;135,00;Peru 2013;PER13;117,97;1,09;1,26;0,86
604,00;Peru;2014;604;Peru;PER;135,00;Peru 2014;PER14;116,46;1,09;1,23;0,86
604,00;Peru;2015;604;Peru;PER;135,00;Peru 2015;PER15;115,43;1,09;1,31;0,76
604,00;Peru;2016;604;Peru;PER;135,00;Peru 2016;PER16;105,49;1,09;1,08;0,72
604,00;Peru;2017;604;Peru;PER;135,00;Peru 2017;PER17;103,88;1,08;1,05;0,71
604,00;Peru;2018;604;Peru;PER;135,00;Peru 2018;PER18;100,63;1,07;0,99;0,69
604,00;Peru;2019;604;Peru;PER;135,00;Peru 2019;PER19;100,37;1,06;1,00;0,68
604,00;Peru;2020;604;Peru;PER;135,00;Peru 2020;PER20;101,16;1,05;1,04;0,68
604,00;Peru;2021;604;Peru;PER;135,00;Peru 2021;PER21;95,65;1,03;0,96;0,63
604,00;Peru;2022;604;Peru;PER;135,00;Peru 2022;PER22;95,89;1,06;0,95;0,63
604,00;Peru;2023;604;Peru;PER;135,00;Peru 2023;PER23;94,62;1,04;0,93;0,62
608,00;Philippines (the);1990;608;Philippines;PHL;840,00;Philippines 1990;PHL90;90,95;0,54;1,56;0,14
608,00;Philippines (the);1991;608;Philippines;PHL;840,00;Philippines 1991;PHL91;92,71;0,62;1,50;0,17
608,00;Philippines (the);1992;608;Philippines;PHL;840,00;Philippines 1992;PHL92;93,01;0,61;1,52;0,17
608,00;Philippines (the);1993;608;Philippines;PHL;840,00;Philippines 1993;PHL93;95,65;0,65;1,58;0,13
608,00;Philippines (the);1994;608;Philippines;PHL;840,00;Philippines 1994;PHL94;95,66;0,64;1,60;0,12
608,00;Philippines (the);1995;608;Philippines;PHL;840,00;Philippines 1995;PHL95;98,45;0,63;1,67;0,12
608,00;Philippines (the);1996;608;Philippines;PHL;840,00;Philippines 1996;PHL96;96,13;0,60;1,65;0,12
608,00;Philippines (the);1997;608;Philippines;PHL;840,00;Philippines 1997;PHL97;86,29;0,54;1,47;0,12
608,00;Philippines (the);1998;608;Philippines;PHL;840,00;Philippines 1998;PHL98;81,27;0,50;1,39;0,12
608,00;Philippines (the);1999;608;Philippines;PHL;840,00;Philippines 1999;PHL99;78,46;0,49;1,34;0,11
608,00;Philippines (the);2000;608;Philippines;PHL;840,00;Philippines 2000;PHL00;79,41;0,47;1,36;0,36
608,00;Philippines (the);2001;608;Philippines;PHL;840,00;Philippines 2001;PHL01;76,91;0,47;1,29;0,35
608,00;Philippines (the);2002;608;Philippines;PHL;840,00;Philippines 2002;PHL02;77,44;0,45;1,32;0,36
608,00;Philippines (the);2003;608;Philippines;PHL;840,00;Philippines 2003;PHL03;77,12;0,46;1,32;0,34
608,00;Philippines (the);2004;608;Philippines;PHL;840,00;Philippines 2004;PHL04;73,29;0,46;1,21;0,35
608,00;Philippines (the);2005;608;Philippines;PHL;840,00;Philippines 2005;PHL05;69,43;0,48;1,11;0,32
608,00;Philippines (the);2006;608;Philippines;PHL;840,00;Philippines 2006;PHL06;69,65;0,51;1,09;0,32
608,00;Philippines (the);2007;608;Philippines;PHL;840,00;Philippines 2007;PHL07;70,17;0,51;1,11;0,31
608,00;Philippines (the);2008;608;Philippines;PHL;840,00;Philippines 2008;PHL08;68,51;0,50;1,08;0,31
608,00;Philippines (the);2009;608;Philippines;PHL;840,00;Philippines 2009;PHL09;69,10;0,54;1,04;0,32
608,00;Philippines (the);2010;608;Philippines;PHL;840,00;Philippines 2010;PHL10;61,30;0,35;1,02;0,33
608,00;Philippines (the);2011;608;Philippines;PHL;840,00;Philippines 2011;PHL11;59,78;0,32;1,01;0,32
608,00;Philippines (the);2012;608;Philippines;PHL;840,00;Philippines 2012;PHL12;58,65;0,33;0,98;0,32
608,00;Philippines (the);2013;608;Philippines;PHL;840,00;Philippines 2013;PHL13;60,53;0,33;1,02;0,32
608,00;Philippines (the);2014;608;Philippines;PHL;840,00;Philippines 2014;PHL14;58,19;0,34;0,95;0,32
608,00;Philippines (the);2015;608;Philippines;PHL;840,00;Philippines 2015;PHL15;58,75;0,33;0,98;0,32
608,00;Philippines (the);2016;608;Philippines;PHL;840,00;Philippines 2016;PHL16;56,33;0,37;0,94;0,09
608,00;Philippines (the);2017;608;Philippines;PHL;840,00;Philippines 2017;PHL17;64,99;0,37;1,03;0,40
608,00;Philippines (the);2018;608;Philippines;PHL;840,00;Philippines 2018;PHL18;64,21;0,37;1,04;0,37
608,00;Philippines (the);2019;608;Philippines;PHL;840,00;Philippines 2019;PHL19;61,92;0,36;0,99;0,36
608,00;Philippines (the);2020;608;Philippines;PHL;840,00;Philippines 2020;PHL20;64,12;0,36;1,06;0,35
608,00;Philippines (the);2021;608;Philippines;PHL;840,00;Philippines 2021;PHL21;65,33;0,36;1,10;0,34
608,00;Philippines (the);2022;608;Philippines;PHL;840,00;Philippines 2022;PHL22;64,29;0,36;1,07;0,34
608,00;Philippines (the);2023;608;Philippines;PHL;840,00;Philippines 2023;PHL23;63,50;0,36;1,03;0,36
616,00;Poland;1990;616;Poland;POL;290,00;Poland 1990;POL90;177,67;2,14;1,69;1,00
616,00;Poland;1991;616;Poland;POL;290,00;Poland 1991;POL91;167,18;2,05;1,53;0,96
616,00;Poland;1992;616;Poland;POL;290,00;Poland 1992;POL92;165,19;2,03;1,52;0,94
616,00;Poland;1993;616;Poland;POL;290,00;Poland 1993;POL93;165,57;1,99;1,62;0,90
616,00;Poland;1994;616;Poland;POL;290,00;Poland 1994;POL94;157,00;1,86;1,53;0,88
616,00;Poland;1995;616;Poland;POL;290,00;Poland 1995;POL95;149,71;1,82;1,39;0,87
616,00;Poland;1996;616;Poland;POL;290,00;Poland 1996;POL96;146,00;1,79;1,38;0,80
616,00;Poland;1997;616;Poland;POL;290,00;Poland 1997;POL97;142,68;1,69;1,42;0,78
616,00;Poland;1998;616;Poland;POL;290,00;Poland 1998;POL98;141,95;1,69;1,40;0,78
616,00;Poland;1999;616;Poland;POL;290,00;Poland 1999;POL99;140,12;1,68;1,36;0,78
616,00;Poland;2000;616;Poland;POL;290,00;Poland 2000;POL00;137,83;1,68;1,34;0,74
616,00;Poland;2001;616;Poland;POL;290,00;Poland 2001;POL01;137,07;1,67;1,36;0,71
616,00;Poland;2002;616;Poland;POL;290,00;Poland 2002;POL02;127,76;1,56;1,34;0,58
616,00;Poland;2003;616;Poland;POL;290,00;Poland 2003;POL03;126,53;1,53;1,35;0,57
616,00;Poland;2004;616;Poland;POL;290,00;Poland 2004;POL04;128,37;1,63;1,34;0,53
616,00;Poland;2005;616;Poland;POL;290,00;Poland 2005;POL05;129,23;1,62;1,36;0,55
616,00;Poland;2006;616;Poland;POL;290,00;Poland 2006;POL06;129,33;1,63;1,36;0,54
616,00;Poland;2007;616;Poland;POL;290,00;Poland 2007;POL07;130,23;1,65;1,40;0,51
616,00;Poland;2008;616;Poland;POL;290,00;Poland 2008;POL08;125,34;1,66;1,26;0,50
616,00;Poland;2009;616;Poland;POL;290,00;Poland 2009;POL09;118,81;1,57;1,28;0,40
616,00;Poland;2010;616;Poland;POL;290,00;Poland 2010;POL10;120,50;1,59;1,30;0,40
616,00;Poland;2011;616;Poland;POL;290,00;Poland 2011;POL11;120,49;1,61;1,29;0,39
616,00;Poland;2012;616;Poland;POL;290,00;Poland 2012;POL12;118,39;1,56;1,30;0,38
616,00;Poland;2013;616;Poland;POL;290,00;Poland 2013;POL13;123,89;1,58;1,28;0,52
616,00;Poland;2014;616;Poland;POL;290,00;Poland 2014;POL14;125,93;1,59;1,34;0,51
616,00;Poland;2015;616;Poland;POL;290,00;Poland 2015;POL15;130,08;1,60;1,44;0,51
616,00;Poland;2016;616;Poland;POL;290,00;Poland 2016;POL16;127,40;1,63;1,35;0,50
616,00;Poland;2017;616;Poland;POL;290,00;Poland 2017;POL17;127,19;1,62;1,33;0,52
616,00;Poland;2018;616;Poland;POL;290,00;Poland 2018;POL18;129,65;1,59;1,40;0,55
616,00;Poland;2019;616;Poland;POL;290,00;Poland 2019;POL19;129,43;1,61;1,36;0,56
616,00;Poland;2020;616;Poland;POL;290,00;Poland 2020;POL20;130,39;1,59;1,50;0,47
616,00;Poland;2021;616;Poland;POL;290,00;Poland 2021;POL21;129,94;1,59;1,48;0,47
616,00;Poland;2022;616;Poland;POL;290,00;Poland 2022;POL22;125,67;1,62;1,47;0,34
616,00;Poland;2023;616;Poland;POL;290,00;Poland 2023;POL23;141,87;1,52;2,03;0,32
620,00;Portugal;1990;620;Portugal;PRT;235,00;Portugal 1990;PRT90;135,39;1,28;1,29;1,12
620,00;Portugal;1991;620;Portugal;PRT;235,00;Portugal 1991;PRT91;136,29;1,36;1,28;1,07
620,00;Portugal;1992;620;Portugal;PRT;235,00;Portugal 1992;PRT92;135,88;1,35;1,27;1,09
620,00;Portugal;1993;620;Portugal;PRT;235,00;Portugal 1993;PRT93;140,10;1,51;1,25;1,05
620,00;Portugal;1994;620;Portugal;PRT;235,00;Portugal 1994;PRT94;138,68;1,53;1,20;1,05
620,00;Portugal;1995;620;Portugal;PRT;235,00;Portugal 1995;PRT95;139,33;1,52;1,22;1,07
620,00;Portugal;1996;620;Portugal;PRT;235,00;Portugal 1996;PRT96;136,20;1,50;1,16;1,06
620,00;Portugal;1997;620;Portugal;PRT;235,00;Portugal 1997;PRT97;133,61;1,49;1,13;1,03
620,00;Portugal;1998;620;Portugal;PRT;235,00;Portugal 1998;PRT98;127,55;1,43;1,07;0,98
620,00;Portugal;1999;620;Portugal;PRT;235,00;Portugal 1999;PRT99;127,05;1,45;1,07;0,95
620,00;Portugal;2000;620;Portugal;PRT;235,00;Portugal 2000;PRT00;125,45;1,44;1,05;0,94
620,00;Portugal;2001;620;Portugal;PRT;235,00;Portugal 2001;PRT01;125,42;1,44;1,06;0,92
620,00;Portugal;2002;620;Portugal;PRT;235,00;Portugal 2002;PRT02;124,82;1,42;1,07;0,92
620,00;Portugal;2003;620;Portugal;PRT;235,00;Portugal 2003;PRT03;124,49;1,42;1,05;0,93
620,00;Portugal;2004;620;Portugal;PRT;235,00;Portugal 2004;PRT04;125,75;1,43;1,08;0,92
620,00;Portugal;2005;620;Portugal;PRT;235,00;Portugal 2005;PRT05;127,03;1,42;1,13;0,92
620,00;Portugal;2006;620;Portugal;PRT;235,00;Portugal 2006;PRT06;125,07;1,42;1,09;0,91
620,00;Portugal;2007;620;Portugal;PRT;235,00;Portugal 2007;PRT07;122,83;1,44;1,02;0,90
620,00;Portugal;2008;620;Portugal;PRT;235,00;Portugal 2008;PRT08;123,03;1,43;1,04;0,89
620,00;Portugal;2009;620;Portugal;PRT;235,00;Portugal 2009;PRT09;124,26;1,42;1,09;0,88
620,00;Portugal;2010;620;Portugal;PRT;235,00;Portugal 2010;PRT10;128,24;1,55;1,07;0,88
620,00;Portugal;2011;620;Portugal;PRT;235,00;Portugal 2011;PRT11;120,80;1,36;1,07;0,87
620,00;Portugal;2012;620;Portugal;PRT;235,00;Portugal 2012;PRT12;119,33;1,36;1,03;0,87
620,00;Portugal;2013;620;Portugal;PRT;235,00;Portugal 2013;PRT13;120,13;1,36;1,05;0,86
620,00;Portugal;2014;620;Portugal;PRT;235,00;Portugal 2014;PRT14;113,17;1,32;0,98;0,79
620,00;Portugal;2015;620;Portugal;PRT;235,00;Portugal 2015;PRT15;112,50;1,30;0,99;0,78
620,00;Portugal;2016;620;Portugal;PRT;235,00;Portugal 2016;PRT16;115,88;1,32;1,10;0,74
620,00;Portugal;2017;620;Portugal;PRT;235,00;Portugal 2017;PRT17;110,22;1,32;0,95;0,74
620,00;Portugal;2018;620;Portugal;PRT;235,00;Portugal 2018;PRT18;105,17;1,30;1,00;0,58
620,00;Portugal;2019;620;Portugal;PRT;235,00;Portugal 2019;PRT19;105,62;1,30;1,02;0,58
620,00;Portugal;2020;620;Portugal;PRT;235,00;Portugal 2020;PRT20;106,41;1,30;1,04;0,57
620,00;Portugal;2021;620;Portugal;PRT;235,00;Portugal 2021;PRT21;107,61;1,30;1,07;0,57
620,00;Portugal;2022;620;Portugal;PRT;235,00;Portugal 2022;PRT22;100,86;1,31;1,02;0,43
620,00;Portugal;2023;620;Portugal;PRT;235,00;Portugal 2023;PRT23;101,74;1,30;1,08;0,41
624,00;Guinea-Bissau;1990;624;Guinea-Bissau;GNB;404,00;Guinea-Bissau 1990;GNB90;97,25;1,74;0,19;0,47
624,00;Guinea-Bissau;1991;624;Guinea-Bissau;GNB;404,00;Guinea-Bissau 1991;GNB91;96,34;1,72;0,19;0,46
624,00;Guinea-Bissau;1992;624;Guinea-Bissau;GNB;404,00;Guinea-Bissau 1992;GNB92;95,07;1,70;0,19;0,45
624,00;Guinea-Bissau;1994;624;Guinea-Bissau;GNB;404,00;Guinea-Bissau 1994;GNB94;110,37;1,67;0,33;0,42
624,00;Guinea-Bissau;1995;624;Guinea-Bissau;GNB;404,00;Guinea-Bissau 1995;GNB95;100,87;1,59;0,48;0,41
624,00;Guinea-Bissau;1996;624;Guinea-Bissau;GNB;404,00;Guinea-Bissau 1996;GNB96;102,32;1,58;0,53;0,40
624,00;Guinea-Bissau;1997;624;Guinea-Bissau;GNB;404,00;Guinea-Bissau 1997;GNB97;104,27;1,57;0,60;0,40
624,00;Guinea-Bissau;1998;624;Guinea-Bissau;GNB;404,00;Guinea-Bissau 1998;GNB98;122,80;1,56;1,07;0,39
624,00;Guinea-Bissau;1999;624;Guinea-Bissau;GNB;404,00;Guinea-Bissau 1999;GNB99;138,91;1,55;1,10;0,38
624,00;Guinea-Bissau;2000;624;Guinea-Bissau;GNB;404,00;Guinea-Bissau 2000;GNB00;149,45;1,54;1,75;0,38
624,00;Guinea-Bissau;2001;624;Guinea-Bissau;GNB;404,00;Guinea-Bissau 2001;GNB01;127,27;1,49;1,27;0,37
624,00;Guinea-Bissau;2002;624;Guinea-Bissau;GNB;404,00;Guinea-Bissau 2002;GNB02;126,09;1,48;1,26;0,36
624,00;Guinea-Bissau;2003;624;Guinea-Bissau;GNB;404,00;Guinea-Bissau 2003;GNB03;126,75;1,47;1,30;0,35
624,00;Guinea-Bissau;2004;624;Guinea-Bissau;GNB;404,00;Guinea-Bissau 2004;GNB04;149,66;1,45;1,25;1,37
624,00;Guinea-Bissau;2005;624;Guinea-Bissau;GNB;404,00;Guinea-Bissau 2005;GNB05;154,43;1,44;1,40;1,37
624,00;Guinea-Bissau;2006;624;Guinea-Bissau;GNB;404,00;Guinea-Bissau 2006;GNB06;152,62;1,42;1,38;1,36
624,00;Guinea-Bissau;2007;624;Guinea-Bissau;GNB;404,00;Guinea-Bissau 2007;GNB07;151,13;1,41;1,38;1,33
624,00;Guinea-Bissau;2008;624;Guinea-Bissau;GNB;404,00;Guinea-Bissau 2008;GNB08;151,64;1,39;1,36;1,38
624,00;Guinea-Bissau;2009;624;Guinea-Bissau;GNB;404,00;Guinea-Bissau 2009;GNB09;141,04;1,37;1,22;1,26
624,00;Guinea-Bissau;2010;624;Guinea-Bissau;GNB;404,00;Guinea-Bissau 2010;GNB10;138,82;1,36;1,33;1,09
624,00;Guinea-Bissau;2011;624;Guinea-Bissau;GNB;404,00;Guinea-Bissau 2011;GNB11;132,66;1,33;1,15;1,14
624,00;Guinea-Bissau;2012;624;Guinea-Bissau;GNB;404,00;Guinea-Bissau 2012;GNB12;146,34;1,31;1,54;1,14
624,00;Guinea-Bissau;2013;624;Guinea-Bissau;GNB;404,00;Guinea-Bissau 2013;GNB13;138,32;1,30;1,34;1,13
624,00;Guinea-Bissau;2014;624;Guinea-Bissau;GNB;404,00;Guinea-Bissau 2014;GNB14;140,25;1,28;1,26;1,28
624,00;Guinea-Bissau;2015;624;Guinea-Bissau;GNB;404,00;Guinea-Bissau 2015;GNB15;121,34;1,27;1,09;0,96
624,00;Guinea-Bissau;2016;624;Guinea-Bissau;GNB;404,00;Guinea-Bissau 2016;GNB16;117,01;1,25;0,97;0,97
624,00;Guinea-Bissau;2017;624;Guinea-Bissau;GNB;404,00;Guinea-Bissau 2017;GNB17;118,06;1,24;1,02;0,97
624,00;Guinea-Bissau;2018;624;Guinea-Bissau;GNB;404,00;Guinea-Bissau 2018;GNB18;113,29;1,23;1,04;0,83
624,00;Guinea-Bissau;2019;624;Guinea-Bissau;GNB;404,00;Guinea-Bissau 2019;GNB19;116,04;1,21;1,13;0,82
624,00;Guinea-Bissau;2020;624;Guinea-Bissau;GNB;404,00;Guinea-Bissau 2020;GNB20;114,28;1,20;1,15;0,78
624,00;Guinea-Bissau;2021;624;Guinea-Bissau;GNB;404,00;Guinea-Bissau 2021;GNB21;118,47;1,31;1,19;0,73
624,00;Guinea-Bissau;2022;624;Guinea-Bissau;GNB;404,00;Guinea-Bissau 2022;GNB22;112,14;1,18;1,16;0,73
624,00;Guinea-Bissau;2023;624;Guinea-Bissau;GNB;404,00;Guinea-Bissau 2023;GNB23;108,54;1,16;1,08;0,73
626,00;Timor-Leste;2005;626;Timor-Leste;TLS;860,00;Timor-Leste 2005;TLS05;71,50;0,00;1,31;0,07
626,00;Timor-Leste;2006;626;Timor-Leste;TLS;860,00;Timor-Leste 2006;TLS06;110,04;0,00;2,04;0,07
626,00;Timor-Leste;2007;626;Timor-Leste;TLS;860,00;Timor-Leste 2007;TLS07;93,26;0,00;2,24;0,06
626,00;Timor-Leste;2008;626;Timor-Leste;TLS;860,00;Timor-Leste 2008;TLS08;81,71;0,00;1,96;0,06
626,00;Timor-Leste;2009;626;Timor-Leste;TLS;860,00;Timor-Leste 2009;TLS09;96,31;0,00;2,31;0,06
626,00;Timor-Leste;2010;626;Timor-Leste;TLS;860,00;Timor-Leste 2010;TLS10;73,65;0,00;1,77;0,06
626,00;Timor-Leste;2011;626;Timor-Leste;TLS;860,00;Timor-Leste 2011;TLS11;56,49;0,00;1,35;0,06
626,00;Timor-Leste;2012;626;Timor-Leste;TLS;860,00;Timor-Leste 2012;TLS12;71,12;0,00;1,71;0,06
626,00;Timor-Leste;2013;626;Timor-Leste;TLS;860,00;Timor-Leste 2013;TLS13;64,13;0,00;1,44;0,33
626,00;Timor-Leste;2014;626;Timor-Leste;TLS;860,00;Timor-Leste 2014;TLS14;60,66;0,00;1,36;0,31
626,00;Timor-Leste;2015;626;Timor-Leste;TLS;860,00;Timor-Leste 2015;TLS15;64,51;0,00;1,48;0,31
626,00;Timor-Leste;2016;626;Timor-Leste;TLS;860,00;Timor-Leste 2016;TLS16;53,08;0,00;1,17;0,31
626,00;Timor-Leste;2017;626;Timor-Leste;TLS;860,00;Timor-Leste 2017;TLS17;52,60;0,00;1,17;0,29
626,00;Timor-Leste;2018;626;Timor-Leste;TLS;860,00;Timor-Leste 2018;TLS18;52,40;0,00;1,04;0,42
626,00;Timor-Leste;2019;626;Timor-Leste;TLS;860,00;Timor-Leste 2019;TLS19;59,50;0,00;1,24;0,40
626,00;Timor-Leste;2020;626;Timor-Leste;TLS;860,00;Timor-Leste 2020;TLS20;58,08;0,00;1,21;0,40
626,00;Timor-Leste;2021;626;Timor-Leste;TLS;860,00;Timor-Leste 2021;TLS21;44,50;0,00;0,84;0,40
626,00;Timor-Leste;2022;626;Timor-Leste;TLS;860,00;Timor-Leste 2022;TLS22;44,96;0,00;0,86;0,40
626,00;Timor-Leste;2023;626;Timor-Leste;TLS;860,00;Timor-Leste 2023;TLS23;47,92;0,00;0,94;0,39
634,00;Qatar;1990;634;Qatar;QAT;694,00;Qatar 1990;QAT90;295,18;2,79;3,57;0,84
634,00;Qatar;1991;634;Qatar;QAT;694,00;Qatar 1991;QAT91;306,53;2,77;3,90;0,81
634,00;Qatar;1992;634;Qatar;QAT;694,00;Qatar 1992;QAT92;306,52;2,77;3,92;0,79
634,00;Qatar;1993;634;Qatar;QAT;694,00;Qatar 1993;QAT93;317,74;2,83;3,95;0,96
634,00;Qatar;1994;634;Qatar;QAT;694,00;Qatar 1994;QAT94;360,99;2,85;3,98;1,00
634,00;Qatar;2002;634;Qatar;QAT;694,00;Qatar 2002;QAT02;244,50;2,65;2,47;0,86
634,00;Qatar;2003;634;Qatar;QAT;694,00;Qatar 2003;QAT03;225,76;2,61;2,09;0,82
634,00;Qatar;2004;634;Qatar;QAT;694,00;Qatar 2004;QAT04;209,93;2,58;1,76;0,79
634,00;Qatar;2005;634;Qatar;QAT;694,00;Qatar 2005;QAT05;199,70;2,57;1,63;1,23
634,00;Qatar;2006;634;Qatar;QAT;694,00;Qatar 2006;QAT06;186,84;2,46;1,53;1,09
634,00;Qatar;2007;634;Qatar;QAT;694,00;Qatar 2007;QAT07;182,76;2,33;1,69;0,95
634,00;Qatar;2008;634;Qatar;QAT;694,00;Qatar 2008;QAT08;175,88;2,22;1,82;0,74
634,00;Qatar;2009;634;Qatar;QAT;694,00;Qatar 2009;QAT09;164,76;2,15;1,65;0,68
634,00;Qatar;2010;634;Qatar;QAT;694,00;Qatar 2010;QAT10;151,58;2,09;1,43;0,60
634,00;Qatar;2011;634;Qatar;QAT;694,00;Qatar 2011;QAT11;151,93;2,06;1,49;0,59
634,00;Qatar;2012;634;Qatar;QAT;694,00;Qatar 2012;QAT12;148,70;2,03;1,46;0,57
634,00;Qatar;2013;634;Qatar;QAT;694,00;Qatar 2013;QAT13;144,08;1,98;1,39;0,55
634,00;Qatar;2021;634;Qatar;QAT;694,00;Qatar 2021;QAT21;219,77;2,12;3,08;0,77
634,00;Qatar;2022;634;Qatar;QAT;694,00;Qatar 2022;QAT22;228,18;2,23;3,19;0,77
634,00;Qatar;2023;634;Qatar;QAT;694,00;Qatar 2023;QAT23;229,55;2,27;3,19;0,76
642,00;Romania;1990;642;Romania;ROU;360,00;Romania 1990;ROU90;236,92;2,42;2,79;0,57
642,00;Romania;1991;642;Romania;ROU;360,00;Romania 1991;ROU91;245,34;2,45;2,79;0,75
642,00;Romania;1992;642;Romania;ROU;360,00;Romania 1992;ROU92;238,58;2,47;2,57;0,79
642,00;Romania;1993;642;Romania;ROU;360,00;Romania 1993;ROU93;208,74;2,47;1,96;0,68
642,00;Romania;1994;642;Romania;ROU;360,00;Romania 1994;ROU94;214,14;2,37;2,08;1,36
642,00;Romania;1995;642;Romania;ROU;360,00;Romania 1995;ROU95;201,16;2,28;1,84;1,35
642,00;Romania;1996;642;Romania;ROU;360,00;Romania 1996;ROU96;192,33;2,12;1,73;1,38
642,00;Romania;1997;642;Romania;ROU;360,00;Romania 1997;ROU97;197,47;2,08;1,91;1,38
642,00;Romania;1998;642;Romania;ROU;360,00;Romania 1998;ROU98;195,83;2,02;1,94;1,36
642,00;Romania;1999;642;Romania;ROU;360,00;Romania 1999;ROU99;187,67;2,02;1,76;1,32
642,00;Romania;2000;642;Romania;ROU;360,00;Romania 2000;ROU00;184,88;2,02;1,70;1,31
642,00;Romania;2001;642;Romania;ROU;360,00;Romania 2001;ROU01;170,80;2,01;1,65;0,99
642,00;Romania;2002;642;Romania;ROU;360,00;Romania 2002;ROU02;165,79;2,06;1,58;0,87
642,00;Romania;2003;642;Romania;ROU;360,00;Romania 2003;ROU03;158,02;1,99;1,45;0,86
642,00;Romania;2004;642;Romania;ROU;360,00;Romania 2004;ROU04;157,49;2,02;1,41;0,85
642,00;Romania;2005;642;Romania;ROU;360,00;Romania 2005;ROU05;157,74;2,03;1,41;0,86
642,00;Romania;2006;642;Romania;ROU;360,00;Romania 2006;ROU06;139,86;1,72;1,35;0,74
642,00;Romania;2007;642;Romania;ROU;360,00;Romania 2007;ROU07;131,45;1,65;1,17;0,76
642,00;Romania;2008;642;Romania;ROU;360,00;Romania 2008;ROU08;128,79;1,64;1,12;0,75
642,00;Romania;2009;642;Romania;ROU;360,00;Romania 2009;ROU09;124,52;1,60;1,04;0,76
642,00;Romania;2010;642;Romania;ROU;360,00;Romania 2010;ROU10;130,19;1,80;1,00;0,75
642,00;Romania;2011;642;Romania;ROU;360,00;Romania 2011;ROU11;132,90;1,82;1,04;0,76
642,00;Romania;2012;642;Romania;ROU;360,00;Romania 2012;ROU12;132,02;1,85;1,01;0,75
642,00;Romania;2013;642;Romania;ROU;360,00;Romania 2013;ROU13;133,99;1,85;1,05;0,75
642,00;Romania;2014;642;Romania;ROU;360,00;Romania 2014;ROU14;135,68;1,86;1,09;0,75
642,00;Romania;2015;642;Romania;ROU;360,00;Romania 2015;ROU15;138,09;1,86;1,15;0,75
642,00;Romania;2016;642;Romania;ROU;360,00;Romania 2016;ROU16;138,75;1,86;1,13;0,79
642,00;Romania;2017;642;Romania;ROU;360,00;Romania 2017;ROU17;142,69;1,87;1,29;0,73
642,00;Romania;2018;642;Romania;ROU;360,00;Romania 2018;ROU18;137,58;1,80;1,31;0,64
642,00;Romania;2019;642;Romania;ROU;360,00;Romania 2019;ROU19;137,05;1,77;1,32;0,65
642,00;Romania;2020;642;Romania;ROU;360,00;Romania 2020;ROU20;140,47;1,80;1,39;0,65
642,00;Romania;2021;642;Romania;ROU;360,00;Romania 2021;ROU21;138,70;1,81;1,31;0,66
642,00;Romania;2022;642;Romania;ROU;360,00;Romania 2022;ROU22;136,88;1,83;1,25;0,66
642,00;Romania;2023;642;Romania;ROU;360,00;Romania 2023;ROU23;137,31;1,83;1,19;0,35
643,00;Russian Federation (the);1992;643;Russia;RUS;365,00;Russia 1992;RUS92;285,66;2,96;2,29;2,50
643,00;Russian Federation (the);1993;643;Russia;RUS;365,00;Russia 1993;RUS93;264,01;2,86;2,21;2,10
643,00;Russian Federation (the);1994;643;Russia;RUS;365,00;Russia 1994;RUS94;258,10;2,72;2,29;1,99
643,00;Russian Federation (the);1995;643;Russia;RUS;365,00;Russia 1995;RUS95;245,93;2,69;2,08;1,90
643,00;Russian Federation (the);1996;643;Russia;RUS;365,00;Russia 1996;RUS96;238,11;2,58;2,06;1,82
643,00;Russian Federation (the);1997;643;Russia;RUS;365,00;Russia 1997;RUS97;239,16;2,51;2,07;1,91
643,00;Russian Federation (the);1998;643;Russia;RUS;365,00;Russia 1998;RUS98;220,13;2,46;1,67;1,86
643,00;Russian Federation (the);1999;643;Russia;RUS;365,00;Russia 1999;RUS99;220,81;2,41;1,82;1,76
643,00;Russian Federation (the);2000;643;Russia;RUS;365,00;Russia 2000;RUS00;222,78;2,36;1,95;1,74
643,00;Russian Federation (the);2001;643;Russia;RUS;365,00;Russia 2001;RUS01;225,20;2,37;2,02;1,73
643,00;Russian Federation (the);2002;643;Russia;RUS;365,00;Russia 2002;RUS02;226,66;2,35;2,07;1,74
643,00;Russian Federation (the);2003;643;Russia;RUS;365,00;Russia 2003;RUS03;226,36;2,35;2,06;1,73
643,00;Russian Federation (the);2004;643;Russia;RUS;365,00;Russia 2004;RUS04;239,78;2,71;1,97;1,83
643,00;Russian Federation (the);2005;643;Russia;RUS;365,00;Russia 2005;RUS05;239,20;2,74;1,98;1,78
643,00;Russian Federation (the);2006;643;Russia;RUS;365,00;Russia 2006;RUS06;238,02;2,74;1,95;1,78
643,00;Russian Federation (the);2007;643;Russia;RUS;365,00;Russia 2007;RUS07;236,67;2,74;1,90;1,78
643,00;Russian Federation (the);2008;643;Russia;RUS;365,00;Russia 2008;RUS08;237,31;2,74;1,90;1,80
643,00;Russian Federation (the);2009;643;Russia;RUS;365,00;Russia 2009;RUS09;244,84;2,74;2,11;1,79
643,00;Russian Federation (the);2010;643;Russia;RUS;365,00;Russia 2010;RUS10;241,33;2,70;2,05;1,80
643,00;Russian Federation (the);2011;643;Russia;RUS;365,00;Russia 2011;RUS11;241,33;2,74;2,01;1,80
643,00;Russian Federation (the);2012;643;Russia;RUS;365,00;Russia 2012;RUS12;243,82;2,76;2,08;1,77
643,00;Russian Federation (the);2013;643;Russia;RUS;365,00;Russia 2013;RUS13;212,26;2,75;2,12;0,89
643,00;Russian Federation (the);2014;643;Russia;RUS;365,00;Russia 2014;RUS14;211,15;2,71;2,20;0,84
643,00;Russian Federation (the);2015;643;Russia;RUS;365,00;Russia 2015;RUS15;219,45;2,71;2,40;0,86
643,00;Russian Federation (the);2016;643;Russia;RUS;365,00;Russia 2016;RUS16;227,94;2,71;2,54;0,95
643,00;Russian Federation (the);2017;643;Russia;RUS;365,00;Russia 2017;RUS17;215,42;2,70;2,22;0,92
643,00;Russian Federation (the);2018;643;Russia;RUS;365,00;Russia 2018;RUS18;207,27;2,65;2,06;0,92
643,00;Russian Federation (the);2019;643;Russia;RUS;365,00;Russia 2019;RUS19;208,13;2,65;2,09;0,92
643,00;Russian Federation (the);2020;643;Russia;RUS;365,00;Russia 2020;RUS20;208,92;2,65;2,09;0,94
643,00;Russian Federation (the);2021;643;Russia;RUS;365,00;Russia 2021;RUS21;202,85;2,64;1,93;0,94
643,00;Russian Federation (the);2022;643;Russia;RUS;365,00;Russia 2022;RUS22;210,81;2,44;2,23;1,05
643,00;Russian Federation (the);2023;643;Russia;RUS;365,00;Russia 2023;RUS23;215,50;2,34;2,50;1,01
646,00;Rwanda;1990;646;Rwanda;RWA;517,00;Rwanda 1990;RWA90;100,89;0,23;2,21;0,04
646,00;Rwanda;1991;646;Rwanda;RWA;517,00;Rwanda 1991;RWA91;125,13;0,32;2,71;0,04
646,00;Rwanda;1992;646;Rwanda;RWA;517,00;Rwanda 1992;RWA92;110,51;0,32;2,36;0,04
646,00;Rwanda;1993;646;Rwanda;RWA;517,00;Rwanda 1993;RWA93;112,52;0,31;2,42;0,04
646,00;Rwanda;1994;646;Rwanda;RWA;517,00;Rwanda 1994;RWA94;114,06;0,39;2,06;0,05
646,00;Rwanda;1995;646;Rwanda;RWA;517,00;Rwanda 1995;RWA95;56,01;0,44;0,61;0,35
646,00;Rwanda;1996;646;Rwanda;RWA;517,00;Rwanda 1996;RWA96;128,76;0,33;2,59;0,24
646,00;Rwanda;1997;646;Rwanda;RWA;517,00;Rwanda 1997;RWA97;120,92;0,30;2,27;0,40
646,00;Rwanda;1998;646;Rwanda;RWA;517,00;Rwanda 1998;RWA98;109,10;0,22;2,28;0,19
646,00;Rwanda;1999;646;Rwanda;RWA;517,00;Rwanda 1999;RWA99;127,31;0,21;2,34;0,23
646,00;Rwanda;2000;646;Rwanda;RWA;517,00;Rwanda 2000;RWA00;118,15;0,41;2,16;0,34
646,00;Rwanda;2001;646;Rwanda;RWA;517,00;Rwanda 2001;RWA01;124,24;0,57;2,14;0,35
646,00;Rwanda;2002;646;Rwanda;RWA;517,00;Rwanda 2002;RWA02;120,26;0,56;2,03;0,37
646,00;Rwanda;2003;646;Rwanda;RWA;517,00;Rwanda 2003;RWA03;98,08;0,56;1,55;0,31
646,00;Rwanda;2004;646;Rwanda;RWA;517,00;Rwanda 2004;RWA04;101,63;0,87;1,34;0,30
646,00;Rwanda;2005;646;Rwanda;RWA;517,00;Rwanda 2005;RWA05;79,83;0,46;1,23;0,29
646,00;Rwanda;2006;646;Rwanda;RWA;517,00;Rwanda 2006;RWA06;73,01;0,44;1,18;0,19
646,00;Rwanda;2007;646;Rwanda;RWA;517,00;Rwanda 2007;RWA07;66,43;0,43;1,03;0,18
646,00;Rwanda;2008;646;Rwanda;RWA;517,00;Rwanda 2008;RWA08;64,76;0,42;1,01;0,18
646,00;Rwanda;2009;646;Rwanda;RWA;517,00;Rwanda 2009;RWA09;74,02;0,65;1,01;0,17
646,00;Rwanda;2010;646;Rwanda;RWA;517,00;Rwanda 2010;RWA10;70,72;0,64;0,95;0,17
646,00;Rwanda;2011;646;Rwanda;RWA;517,00;Rwanda 2011;RWA11;67,30;0,63;0,88;0,16
646,00;Rwanda;2012;646;Rwanda;RWA;517,00;Rwanda 2012;RWA12;65,34;0,62;0,85;0,16
646,00;Rwanda;2013;646;Rwanda;RWA;517,00;Rwanda 2013;RWA13;93,61;0,62;0,87;1,07
646,00;Rwanda;2014;646;Rwanda;RWA;517,00;Rwanda 2014;RWA14;95,82;0,63;0,90;1,09
646,00;Rwanda;2015;646;Rwanda;RWA;517,00;Rwanda 2015;RWA15;95,69;0,62;0,97;1,03
646,00;Rwanda;2016;646;Rwanda;RWA;517,00;Rwanda 2016;RWA16;94,95;0,62;0,98;1,00
646,00;Rwanda;2017;646;Rwanda;RWA;517,00;Rwanda 2017;RWA17;93,72;0,61;1,00;0,96
646,00;Rwanda;2018;646;Rwanda;RWA;517,00;Rwanda 2018;RWA18;95,80;0,69;0,98;0,96
646,00;Rwanda;2019;646;Rwanda;RWA;517,00;Rwanda 2019;RWA19;96,12;0,69;0,97;0,98
646,00;Rwanda;2020;646;Rwanda;RWA;517,00;Rwanda 2020;RWA20;100,43;0,68;1,10;0,97
646,00;Rwanda;2021;646;Rwanda;RWA;517,00;Rwanda 2021;RWA21;101,56;0,69;1,12;0,97
646,00;Rwanda;2022;646;Rwanda;RWA;517,00;Rwanda 2022;RWA22;100,95;0,77;1,03;0,97
646,00;Rwanda;2023;646;Rwanda;RWA;517,00;Rwanda 2023;RWA23;99,07;0,76;0,99;0,96
682,00;Saudi Arabia;1990;682;Saudi Arabia;SAU;670,00;Saudi Arabia 1990;SAU90;309,50;2,28;4,86;0,41
682,00;Saudi Arabia;1991;682;Saudi Arabia;SAU;670,00;Saudi Arabia 1991;SAU91;286,38;2,21;4,52;0,26
682,00;Saudi Arabia;1992;682;Saudi Arabia;SAU;670,00;Saudi Arabia 1992;SAU92;276,32;2,18;4,24;0,32
682,00;Saudi Arabia;1993;682;Saudi Arabia;SAU;670,00;Saudi Arabia 1993;SAU93;281,50;2,24;4,31;0,32
682,00;Saudi Arabia;1994;682;Saudi Arabia;SAU;670,00;Saudi Arabia 1994;SAU94;299,03;2,19;3,97;0,32
682,00;Saudi Arabia;1995;682;Saudi Arabia;SAU;670,00;Saudi Arabia 1995;SAU95;253,35;2,24;3,63;0,32
682,00;Saudi Arabia;1996;682;Saudi Arabia;SAU;670,00;Saudi Arabia 1996;SAU96;248,35;2,27;3,48;0,31
682,00;Saudi Arabia;1997;682;Saudi Arabia;SAU;670,00;Saudi Arabia 1997;SAU97;266,35;2,18;3,88;0,44
682,00;Saudi Arabia;1998;682;Saudi Arabia;SAU;670,00;Saudi Arabia 1998;SAU98;280,96;2,18;4,25;0,43
682,00;Saudi Arabia;1999;682;Saudi Arabia;SAU;670,00;Saudi Arabia 1999;SAU99;259,17;2,17;3,74;0,42
682,00;Saudi Arabia;2000;682;Saudi Arabia;SAU;670,00;Saudi Arabia 2000;SAU00;257,00;2,15;3,60;1,22
682,00;Saudi Arabia;2001;682;Saudi Arabia;SAU;670,00;Saudi Arabia 2001;SAU01;259,24;2,12;3,70;1,22
682,00;Saudi Arabia;2002;682;Saudi Arabia;SAU;670,00;Saudi Arabia 2002;SAU02;249,82;2,10;3,48;1,20
682,00;Saudi Arabia;2003;682;Saudi Arabia;SAU;670,00;Saudi Arabia 2003;SAU03;255,11;2,39;3,34;1,19
682,00;Saudi Arabia;2004;682;Saudi Arabia;SAU;670,00;Saudi Arabia 2004;SAU04;252,38;2,38;3,29;1,18
682,00;Saudi Arabia;2005;682;Saudi Arabia;SAU;670,00;Saudi Arabia 2005;SAU05;251,41;2,40;3,25;1,16
682,00;Saudi Arabia;2006;682;Saudi Arabia;SAU;670,00;Saudi Arabia 2006;SAU06;251,78;2,36;3,24;1,22
682,00;Saudi Arabia;2007;682;Saudi Arabia;SAU;670,00;Saudi Arabia 2007;SAU07;252,01;2,33;3,38;0,45
682,00;Saudi Arabia;2008;682;Saudi Arabia;SAU;670,00;Saudi Arabia 2008;SAU08;238,28;2,30;3,26;0,91
682,00;Saudi Arabia;2009;682;Saudi Arabia;SAU;670,00;Saudi Arabia 2009;SAU09;246,20;2,31;3,45;0,92
682,00;Saudi Arabia;2010;682;Saudi Arabia;SAU;670,00;Saudi Arabia 2010;SAU10;239,42;2,26;3,37;0,86
682,00;Saudi Arabia;2011;682;Saudi Arabia;SAU;670,00;Saudi Arabia 2011;SAU11;227,33;2,23;3,10;0,84
682,00;Saudi Arabia;2012;682;Saudi Arabia;SAU;670,00;Saudi Arabia 2012;SAU12;226,70;2,18;3,14;0,83
682,00;Saudi Arabia;2013;682;Saudi Arabia;SAU;670,00;Saudi Arabia 2013;SAU13;227,47;2,06;3,32;0,80
682,00;Saudi Arabia;2014;682;Saudi Arabia;SAU;670,00;Saudi Arabia 2014;SAU14;234,08;2,07;3,49;0,79
682,00;Saudi Arabia;2015;682;Saudi Arabia;SAU;670,00;Saudi Arabia 2015;SAU15;243,27;2,09;3,74;0,77
682,00;Saudi Arabia;2016;682;Saudi Arabia;SAU;670,00;Saudi Arabia 2016;SAU16;224,82;2,10;3,24;0,76
682,00;Saudi Arabia;2017;682;Saudi Arabia;SAU;670,00;Saudi Arabia 2017;SAU17;225,57;2,09;3,30;0,73
682,00;Saudi Arabia;2018;682;Saudi Arabia;SAU;670,00;Saudi Arabia 2018;SAU18;220,09;2,06;3,20;0,71
682,00;Saudi Arabia;2019;682;Saudi Arabia;SAU;670,00;Saudi Arabia 2019;SAU19;211,69;2,05;3,01;0,69
682,00;Saudi Arabia;2020;682;Saudi Arabia;SAU;670,00;Saudi Arabia 2020;SAU20;216,42;2,10;3,09;0,69
682,00;Saudi Arabia;2021;682;Saudi Arabia;SAU;670,00;Saudi Arabia 2021;SAU21;210,82;2,12;2,87;0,74
682,00;Saudi Arabia;2022;682;Saudi Arabia;SAU;670,00;Saudi Arabia 2022;SAU22;204,33;2,11;2,70;0,74
682,00;Saudi Arabia;2023;682;Saudi Arabia;SAU;670,00;Saudi Arabia 2023;SAU23;209,79;2,13;2,84;0,73
686,00;Senegal;1990;686;Senegal;SEN;433,00;Senegal 1990;SEN90;82,97;0,65;1,34;0,06
686,00;Senegal;1991;686;Senegal;SEN;433,00;Senegal 1991;SEN91;80,06;0,63;1,28;0,06
686,00;Senegal;1992;686;Senegal;SEN;433,00;Senegal 1992;SEN92;76,75;0,62;1,22;0,06
686,00;Senegal;1993;686;Senegal;SEN;433,00;Senegal 1993;SEN93;81,21;0,61;1,34;0,06
686,00;Senegal;1994;686;Senegal;SEN;433,00;Senegal 1994;SEN94;84,08;0,60;1,15;0,10
686,00;Senegal;1995;686;Senegal;SEN;433,00;Senegal 1995;SEN95;72,21;0,57;1,12;0,10
686,00;Senegal;1996;686;Senegal;SEN;433,00;Senegal 1996;SEN96;67,59;0,51;1,07;0,10
686,00;Senegal;1997;686;Senegal;SEN;433,00;Senegal 1997;SEN97;65,48;0,49;1,04;0,10
686,00;Senegal;1998;686;Senegal;SEN;433,00;Senegal 1998;SEN98;56,35;0,28;1,03;0,09
686,00;Senegal;1999;686;Senegal;SEN;433,00;Senegal 1999;SEN99;62,87;0,28;1,02;0,09
686,00;Senegal;2000;686;Senegal;SEN;433,00;Senegal 2000;SEN00;52,68;0,27;0,97;0,08
686,00;Senegal;2001;686;Senegal;SEN;433,00;Senegal 2001;SEN01;53,98;0,27;1,00;0,08
686,00;Senegal;2002;686;Senegal;SEN;433,00;Senegal 2002;SEN02;52,74;0,26;0,98;0,07
686,00;Senegal;2003;686;Senegal;SEN;433,00;Senegal 2003;SEN03;52,90;0,26;0,98;0,09
686,00;Senegal;2004;686;Senegal;SEN;433,00;Senegal 2004;SEN04;79,32;0,25;0,93;1,00
686,00;Senegal;2005;686;Senegal;SEN;433,00;Senegal 2005;SEN05;84,08;0,30;1,02;1,00
686,00;Senegal;2006;686;Senegal;SEN;433,00;Senegal 2006;SEN06;86,96;0,29;1,10;1,00
686,00;Senegal;2007;686;Senegal;SEN;433,00;Senegal 2007;SEN07;90,22;0,28;1,19;1,00
686,00;Senegal;2008;686;Senegal;SEN;433,00;Senegal 2008;SEN08;85,60;0,29;1,13;0,94
686,00;Senegal;2009;686;Senegal;SEN;433,00;Senegal 2009;SEN09;85,70;0,28;1,14;0,93
686,00;Senegal;2010;686;Senegal;SEN;433,00;Senegal 2010;SEN10;82,26;0,28;1,05;0,93
686,00;Senegal;2011;686;Senegal;SEN;433,00;Senegal 2011;SEN11;81,83;0,23;1,09;0,93
686,00;Senegal;2012;686;Senegal;SEN;433,00;Senegal 2012;SEN12;77,26;0,22;0,98;0,93
686,00;Senegal;2013;686;Senegal;SEN;433,00;Senegal 2013;SEN13;84,26;0,33;1,06;0,93
686,00;Senegal;2014;686;Senegal;SEN;433,00;Senegal 2014;SEN14;59,92;0,39;1,03;0,07
686,00;Senegal;2015;686;Senegal;SEN;433,00;Senegal 2015;SEN15;63,44;0,48;1,03;0,06
686,00;Senegal;2016;686;Senegal;SEN;433,00;Senegal 2016;SEN16;93,37;0,48;1,27;0,81
686,00;Senegal;2017;686;Senegal;SEN;433,00;Senegal 2017;SEN17;91,16;0,47;1,20;0,83
686,00;Senegal;2018;686;Senegal;SEN;433,00;Senegal 2018;SEN18;97,73;0,56;1,29;0,83
686,00;Senegal;2019;686;Senegal;SEN;433,00;Senegal 2019;SEN19;91,95;0,56;1,21;0,75
686,00;Senegal;2020;686;Senegal;SEN;433,00;Senegal 2020;SEN20;88,67;0,55;1,12;0,76
686,00;Senegal;2021;686;Senegal;SEN;433,00;Senegal 2021;SEN21;96,99;0,54;1,36;0,76
686,00;Senegal;2022;686;Senegal;SEN;433,00;Senegal 2022;SEN22;95,21;0,63;1,23;0,76
686,00;Senegal;2023;686;Senegal;SEN;433,00;Senegal 2023;SEN23;94,60;0,65;1,19;0,75
688,00;Serbia;2006;688;Serbia;SRB;;Serbia 2006;SRB06;186,37;2,52;1,40;1,15
688,00;Serbia;2007;688;Serbia;SRB;;Serbia 2007;SRB07;137,04;1,91;1,41;0,41
688,00;Serbia;2008;688;Serbia;SRB;;Serbia 2008;SRB08;135,33;1,91;1,36;0,42
688,00;Serbia;2009;688;Serbia;SRB;;Serbia 2009;SRB09;134,69;1,83;1,38;0,47
688,00;Serbia;2010;688;Serbia;SRB;;Serbia 2010;SRB10;133,62;1,83;1,34;0,47
688,00;Serbia;2011;688;Serbia;SRB;;Serbia 2011;SRB11;132,44;1,84;1,32;0,46
688,00;Serbia;2012;688;Serbia;SRB;;Serbia 2012;SRB12;131,97;1,84;1,30;0,46
688,00;Serbia;2013;688;Serbia;SRB;;Serbia 2013;SRB13;131,03;1,84;1,27;0,46
688,00;Serbia;2014;688;Serbia;SRB;;Serbia 2014;SRB14;131,92;1,85;1,29;0,47
688,00;Serbia;2015;688;Serbia;SRB;;Serbia 2015;SRB15;130,49;1,85;1,24;0,47
688,00;Serbia;2016;688;Serbia;SRB;;Serbia 2016;SRB16;127,72;1,84;1,21;0,44
688,00;Serbia;2017;688;Serbia;SRB;;Serbia 2017;SRB17;132,43;1,84;1,29;0,48
688,00;Serbia;2018;688;Serbia;SRB;;Serbia 2018;SRB18;123,31;1,84;1,16;0,36
688,00;Serbia;2019;688;Serbia;SRB;;Serbia 2019;SRB19;142,13;1,86;1,53;0,48
688,00;Serbia;2020;688;Serbia;SRB;;Serbia 2020;SRB20;140,31;1,86;1,47;0,49
688,00;Serbia;2021;688;Serbia;SRB;;Serbia 2021;SRB21;141,55;1,94;1,43;0,49
688,00;Serbia;2022;688;Serbia;SRB;;Serbia 2022;SRB22;154,88;1,93;1,57;0,29
688,00;Serbia;2023;688;Serbia;SRB;;Serbia 2023;SRB23;158,81;1,97;1,62;0,30
690,00;Seychelles;1990;690;Seychelles;SYC;591,00;Seychelles 1990;SYC90;225,61;2,42;2,17;0,92
690,00;Seychelles;1991;690;Seychelles;SYC;591,00;Seychelles 1991;SYC91;229,53;2,41;2,28;0,91
690,00;Seychelles;1992;690;Seychelles;SYC;591,00;Seychelles 1992;SYC92;232,70;2,41;2,37;0,91
690,00;Seychelles;1993;690;Seychelles;SYC;591,00;Seychelles 1993;SYC93;233,76;2,34;1,74;1,63
690,00;Seychelles;1994;690;Seychelles;SYC;591,00;Seychelles 1994;SYC94;245,55;2,32;1,62;1,39
690,00;Seychelles;1995;690;Seychelles;SYC;591,00;Seychelles 1995;SYC95;162,66;1,25;1,56;1,18
690,00;Seychelles;1996;690;Seychelles;SYC;591,00;Seychelles 1996;SYC96;158,02;1,24;1,47;1,16
690,00;Seychelles;1997;690;Seychelles;SYC;591,00;Seychelles 1997;SYC97;68,73;0,00;1,42;0,29
690,00;Seychelles;1998;690;Seychelles;SYC;591,00;Seychelles 1998;SYC98;63,79;0,00;1,30;0,28
690,00;Seychelles;1999;690;Seychelles;SYC;591,00;Seychelles 1999;SYC99;72,85;0,00;1,33;0,28
690,00;Seychelles;2000;690;Seychelles;SYC;591,00;Seychelles 2000;SYC00;62,96;0,00;1,29;0,28
690,00;Seychelles;2001;690;Seychelles;SYC;591,00;Seychelles 2001;SYC01;64,26;0,00;1,32;0,28
690,00;Seychelles;2002;690;Seychelles;SYC;591,00;Seychelles 2002;SYC02;63,10;0,00;1,30;0,27
690,00;Seychelles;2003;690;Seychelles;SYC;591,00;Seychelles 2003;SYC03;63,02;0,00;1,30;0,27
690,00;Seychelles;2004;690;Seychelles;SYC;591,00;Seychelles 2004;SYC04;75,03;0,00;1,39;0,68
690,00;Seychelles;2005;690;Seychelles;SYC;591,00;Seychelles 2005;SYC05;71,00;0,00;1,25;0,71
690,00;Seychelles;2006;690;Seychelles;SYC;591,00;Seychelles 2006;SYC06;70,03;0,00;1,15;0,78
690,00;Seychelles;2007;690;Seychelles;SYC;591,00;Seychelles 2007;SYC07;70,63;0,00;1,21;0,73
690,00;Seychelles;2008;690;Seychelles;SYC;591,00;Seychelles 2008;SYC08;73,17;0,00;1,03;0,98
690,00;Seychelles;2009;690;Seychelles;SYC;591,00;Seychelles 2009;SYC09;66,68;0,00;0,95;0,89
690,00;Seychelles;2010;690;Seychelles;SYC;591,00;Seychelles 2010;SYC10;57,56;0,00;0,70;0,89
690,00;Seychelles;2011;690;Seychelles;SYC;591,00;Seychelles 2011;SYC11;60,61;0,00;0,79;0,88
690,00;Seychelles;2012;690;Seychelles;SYC;591,00;Seychelles 2012;SYC12;69,95;0,00;0,83;1,10
690,00;Seychelles;2013;690;Seychelles;SYC;591,00;Seychelles 2013;SYC13;58,05;0,00;0,93;0,68
690,00;Seychelles;2014;690;Seychelles;SYC;591,00;Seychelles 2014;SYC14;81,27;0,00;1,56;0,68
690,00;Seychelles;2015;690;Seychelles;SYC;591,00;Seychelles 2015;SYC15;63,26;0,00;1,08;0,67
690,00;Seychelles;2016;690;Seychelles;SYC;591,00;Seychelles 2016;SYC16;60,69;0,00;1,16;0,52
690,00;Seychelles;2017;690;Seychelles;SYC;591,00;Seychelles 2017;SYC17;59,67;0,00;1,14;0,51
690,00;Seychelles;2018;690;Seychelles;SYC;591,00;Seychelles 2018;SYC18;56,16;0,00;1,07;0,48
690,00;Seychelles;2019;690;Seychelles;SYC;591,00;Seychelles 2019;SYC19;56,28;0,00;1,07;0,49
690,00;Seychelles;2020;690;Seychelles;SYC;591,00;Seychelles 2020;SYC20;60,05;0,00;1,17;0,49
690,00;Seychelles;2021;690;Seychelles;SYC;591,00;Seychelles 2021;SYC21;81,35;0,00;1,74;0,49
690,00;Seychelles;2022;690;Seychelles;SYC;591,00;Seychelles 2022;SYC22;55,17;0,00;1,07;0,46
690,00;Seychelles;2023;690;Seychelles;SYC;591,00;Seychelles 2023;SYC23;62,66;0,00;1,28;0,46
694,00;Sierra Leone;1990;694;Sierra Leone;SLE;451,00;Sierra Leone 1990;SLE90;48,25;0,19;0,97;0,05
694,00;Sierra Leone;1991;694;Sierra Leone;SLE;451,00;Sierra Leone 1991;SLE91;62,03;0,19;1,31;0,05
694,00;Sierra Leone;1992;694;Sierra Leone;SLE;451,00;Sierra Leone 1992;SLE92;73,62;0,19;1,55;0,08
694,00;Sierra Leone;1993;694;Sierra Leone;SLE;451,00;Sierra Leone 1993;SLE93;64,21;0,19;1,32;0,08
694,00;Sierra Leone;1994;694;Sierra Leone;SLE;451,00;Sierra Leone 1994;SLE94;67,90;0,14;1,29;0,07
694,00;Sierra Leone;1995;694;Sierra Leone;SLE;451,00;Sierra Leone 1995;SLE95;59,50;0,12;1,27;0,09
694,00;Sierra Leone;1996;694;Sierra Leone;SLE;451,00;Sierra Leone 1996;SLE96;50,54;0,09;0,99;0,19
694,00;Sierra Leone;1997;694;Sierra Leone;SLE;451,00;Sierra Leone 1997;SLE97;26,14;0,00;0,65;0,02
694,00;Sierra Leone;1998;694;Sierra Leone;SLE;451,00;Sierra Leone 1998;SLE98;33,56;0,02;0,81;0,02
694,00;Sierra Leone;1999;694;Sierra Leone;SLE;451,00;Sierra Leone 1999;SLE99;55,44;0,03;1,17;0,03
694,00;Sierra Leone;2000;694;Sierra Leone;SLE;451,00;Sierra Leone 2000;SLE00;64,63;0,04;1,53;0,03
694,00;Sierra Leone;2001;694;Sierra Leone;SLE;451,00;Sierra Leone 2001;SLE01;69,31;0,04;1,62;0,06
694,00;Sierra Leone;2002;694;Sierra Leone;SLE;451,00;Sierra Leone 2002;SLE02;60,96;0,01;1,38;0,13
694,00;Sierra Leone;2003;694;Sierra Leone;SLE;451,00;Sierra Leone 2003;SLE03;59,55;0,01;1,35;0,12
694,00;Sierra Leone;2004;694;Sierra Leone;SLE;451,00;Sierra Leone 2004;SLE04;86,72;0,01;1,13;1,23
694,00;Sierra Leone;2005;694;Sierra Leone;SLE;451,00;Sierra Leone 2005;SLE05;83,49;0,01;1,05;1,23
694,00;Sierra Leone;2006;694;Sierra Leone;SLE;451,00;Sierra Leone 2006;SLE06;82,34;0,00;1,08;1,18
694,00;Sierra Leone;2007;694;Sierra Leone;SLE;451,00;Sierra Leone 2007;SLE07;80,45;0,00;1,02;1,20
694,00;Sierra Leone;2008;694;Sierra Leone;SLE;451,00;Sierra Leone 2008;SLE08;71,05;0,00;0,78;1,18
694,00;Sierra Leone;2009;694;Sierra Leone;SLE;451,00;Sierra Leone 2009;SLE09;73,64;0,00;0,85;1,18
694,00;Sierra Leone;2010;694;Sierra Leone;SLE;451,00;Sierra Leone 2010;SLE10;73,46;0,00;0,80;1,23
694,00;Sierra Leone;2011;694;Sierra Leone;SLE;451,00;Sierra Leone 2011;SLE11;68,63;0,00;0,72;1,18
694,00;Sierra Leone;2012;694;Sierra Leone;SLE;451,00;Sierra Leone 2012;SLE12;66,99;0,00;0,67;1,17
694,00;Sierra Leone;2013;694;Sierra Leone;SLE;451,00;Sierra Leone 2013;SLE13;62,85;0,00;0,57;1,17
694,00;Sierra Leone;2014;694;Sierra Leone;SLE;451,00;Sierra Leone 2014;SLE14;69,69;0,00;0,75;1,17
694,00;Sierra Leone;2015;694;Sierra Leone;SLE;451,00;Sierra Leone 2015;SLE15;66,03;0,00;0,72;1,10
694,00;Sierra Leone;2016;694;Sierra Leone;SLE;451,00;Sierra Leone 2016;SLE16;72,32;0,05;0,84;1,10
694,00;Sierra Leone;2017;694;Sierra Leone;SLE;451,00;Sierra Leone 2017;SLE17;38,45;0,05;0,87;0,06
694,00;Sierra Leone;2018;694;Sierra Leone;SLE;451,00;Sierra Leone 2018;SLE18;54,94;0,08;0,66;0,78
694,00;Sierra Leone;2019;694;Sierra Leone;SLE;451,00;Sierra Leone 2019;SLE19;52,54;0,08;0,60;0,78
694,00;Sierra Leone;2020;694;Sierra Leone;SLE;451,00;Sierra Leone 2020;SLE20;48,80;0,08;0,50;0,78
694,00;Sierra Leone;2021;694;Sierra Leone;SLE;451,00;Sierra Leone 2021;SLE21;50,60;0,08;0,56;0,78
694,00;Sierra Leone;2022;694;Sierra Leone;SLE;451,00;Sierra Leone 2022;SLE22;52,56;0,07;0,61;0,77
694,00;Sierra Leone;2023;694;Sierra Leone;SLE;451,00;Sierra Leone 2023;SLE23;49,05;0,07;0,52;0,77
702,00;Singapore;1990;702;Singapore;SGP;830,00;Singapore 1990;SGP90;343,93;2,71;2,61;3,07
702,00;Singapore;1991;702;Singapore;SGP;830,00;Singapore 1991;SGP91;345,64;2,71;2,55;3,16
702,00;Singapore;1992;702;Singapore;SGP;830,00;Singapore 1992;SGP92;341,33;2,69;2,56;3,07
702,00;Singapore;1993;702;Singapore;SGP;830,00;Singapore 1993;SGP93;333,46;2,70;2,44;3,00
702,00;Singapore;1994;702;Singapore;SGP;830,00;Singapore 1994;SGP94;324,69;2,67;2,34;2,91
702,00;Singapore;1995;702;Singapore;SGP;830,00;Singapore 1995;SGP95;323,04;2,67;2,46;2,74
702,00;Singapore;1996;702;Singapore;SGP;830,00;Singapore 1996;SGP96;323,29;2,65;2,50;2,74
702,00;Singapore;1997;702;Singapore;SGP;830,00;Singapore 1997;SGP97;327,34;2,63;2,57;2,79
702,00;Singapore;1998;702;Singapore;SGP;830,00;Singapore 1998;SGP98;325,83;2,51;2,73;2,70
702,00;Singapore;1999;702;Singapore;SGP;830,00;Singapore 1999;SGP99;331,93;2,54;2,78;3,67
702,00;Singapore;2000;702;Singapore;SGP;830,00;Singapore 2000;SGP00;307,71;2,50;2,50;3,34
702,00;Singapore;2001;702;Singapore;SGP;830,00;Singapore 2001;SGP01;308,56;2,50;2,62;3,24
702,00;Singapore;2002;702;Singapore;SGP;830,00;Singapore 2002;SGP02;308,95;2,51;2,61;3,25
702,00;Singapore;2003;702;Singapore;SGP;830,00;Singapore 2003;SGP03;314,95;2,54;2,56;3,43
702,00;Singapore;2004;702;Singapore;SGP;830,00;Singapore 2004;SGP04;318,88;2,75;2,50;3,39
702,00;Singapore;2005;702;Singapore;SGP;830,00;Singapore 2005;SGP05;313,96;2,74;2,47;3,29
702,00;Singapore;2006;702;Singapore;SGP;830,00;Singapore 2006;SGP06;306,38;2,72;2,38;3,21
702,00;Singapore;2007;702;Singapore;SGP;830,00;Singapore 2007;SGP07;297,69;2,69;2,28;3,10
702,00;Singapore;2008;702;Singapore;SGP;830,00;Singapore 2008;SGP08;292,68;2,65;2,31;2,97
702,00;Singapore;2009;702;Singapore;SGP;830,00;Singapore 2009;SGP09;288,48;2,63;2,29;2,89
702,00;Singapore;2010;702;Singapore;SGP;830,00;Singapore 2010;SGP10;273,16;2,63;2,15;2,63
702,00;Singapore;2011;702;Singapore;SGP;830,00;Singapore 2011;SGP11;272,39;2,73;2,08;2,57
702,00;Singapore;2012;702;Singapore;SGP;830,00;Singapore 2012;SGP12;267,84;2,72;2,03;2,52
702,00;Singapore;2013;702;Singapore;SGP;830,00;Singapore 2013;SGP13;264,09;2,73;1,96;2,47
702,00;Singapore;2014;702;Singapore;SGP;830,00;Singapore 2014;SGP14;260,87;2,70;1,95;2,43
702,00;Singapore;2015;702;Singapore;SGP;830,00;Singapore 2015;SGP15;259,50;2,72;1,92;2,40
702,00;Singapore;2016;702;Singapore;SGP;830,00;Singapore 2016;SGP16;258,30;2,72;1,92;2,36
702,00;Singapore;2017;702;Singapore;SGP;830,00;Singapore 2017;SGP17;234,40;2,72;1,88;1,76
702,00;Singapore;2018;702;Singapore;SGP;830,00;Singapore 2018;SGP18;227,66;2,72;1,84;1,62
702,00;Singapore;2019;702;Singapore;SGP;830,00;Singapore 2019;SGP19;212,51;2,71;1,79;1,27
702,00;Singapore;2020;702;Singapore;SGP;830,00;Singapore 2020;SGP20;210,49;2,72;1,73;1,26
702,00;Singapore;2021;702;Singapore;SGP;830,00;Singapore 2021;SGP21;209,88;2,74;1,66;1,30
702,00;Singapore;2022;702;Singapore;SGP;830,00;Singapore 2022;SGP22;207,72;2,72;1,65;1,27
702,00;Singapore;2023;702;Singapore;SGP;830,00;Singapore 2023;SGP23;206,80;2,70;1,68;1,23
703,00;Slovakia;1993;703;Slovakia;SVK;317,00;Slovakia 1993;SVK93;210,04;2,72;1,37;0,47
703,00;Slovakia;1994;703;Slovakia;SVK;317,00;Slovakia 1994;SVK94;208,59;2,71;1,35;0,47
703,00;Slovakia;1995;703;Slovakia;SVK;317,00;Slovakia 1995;SVK95;204,93;2,70;1,84;0,47
703,00;Slovakia;1996;703;Slovakia;SVK;317,00;Slovakia 1996;SVK96;187,37;2,37;1,76;0,46
703,00;Slovakia;1997;703;Slovakia;SVK;317,00;Slovakia 1997;SVK97;166,66;2,12;1,52;0,44
703,00;Slovakia;1998;703;Slovakia;SVK;317,00;Slovakia 1998;SVK98;158,09;2,12;1,28;0,47
703,00;Slovakia;1999;703;Slovakia;SVK;317,00;Slovakia 1999;SVK99;153,68;2,11;1,19;0,46
703,00;Slovakia;2000;703;Slovakia;SVK;317,00;Slovakia 2000;SVK00;145,27;1,98;1,25;0,73
703,00;Slovakia;2001;703;Slovakia;SVK;317,00;Slovakia 2001;SVK01;145,94;1,96;1,34;0,68
703,00;Slovakia;2002;703;Slovakia;SVK;317,00;Slovakia 2002;SVK02;139,01;1,91;1,30;0,58
703,00;Slovakia;2003;703;Slovakia;SVK;317,00;Slovakia 2003;SVK03;135,49;1,91;1,34;0,45
703,00;Slovakia;2004;703;Slovakia;SVK;317,00;Slovakia 2004;SVK04;139,23;2,16;1,21;0,42
703,00;Slovakia;2005;703;Slovakia;SVK;317,00;Slovakia 2005;SVK05;139,71;2,16;1,22;0,43
703,00;Slovakia;2006;703;Slovakia;SVK;317,00;Slovakia 2006;SVK06;131,64;2,08;1,17;0,34
703,00;Slovakia;2007;703;Slovakia;SVK;317,00;Slovakia 2007;SVK07;131,12;2,11;1,11;0,36
703,00;Slovakia;2008;703;Slovakia;SVK;317,00;Slovakia 2008;SVK08;129,98;2,11;1,10;0,34
703,00;Slovakia;2009;703;Slovakia;SVK;317,00;Slovakia 2009;SVK09;129,36;2,09;1,11;0,33
703,00;Slovakia;2010;703;Slovakia;SVK;317,00;Slovakia 2010;SVK10;124,16;2,09;0,97;0,32
703,00;Slovakia;2011;703;Slovakia;SVK;317,00;Slovakia 2011;SVK11;104,15;1,66;0,87;0,31
703,00;Slovakia;2012;703;Slovakia;SVK;317,00;Slovakia 2012;SVK12;99,76;1,54;0,88;0,31
703,00;Slovakia;2013;703;Slovakia;SVK;317,00;Slovakia 2013;SVK13;97,44;1,54;0,82;0,31
703,00;Slovakia;2014;703;Slovakia;SVK;317,00;Slovakia 2014;SVK14;97,83;1,54;0,83;0,31
703,00;Slovakia;2015;703;Slovakia;SVK;317,00;Slovakia 2015;SVK15;101,31;1,56;0,91;0,31
703,00;Slovakia;2016;703;Slovakia;SVK;317,00;Slovakia 2016;SVK16;100,71;1,55;0,91;0,31
703,00;Slovakia;2017;703;Slovakia;SVK;317,00;Slovakia 2017;SVK17;100,67;1,55;0,90;0,31
703,00;Slovakia;2018;703;Slovakia;SVK;317,00;Slovakia 2018;SVK18;98,45;1,42;0,98;0,30
703,00;Slovakia;2019;703;Slovakia;SVK;317,00;Slovakia 2019;SVK19;111,85;1,53;1,23;0,30
703,00;Slovakia;2020;703;Slovakia;SVK;317,00;Slovakia 2020;SVK20;116,85;1,57;1,32;0,30
703,00;Slovakia;2021;703;Slovakia;SVK;317,00;Slovakia 2021;SVK21;112,58;1,55;1,22;0,31
703,00;Slovakia;2022;703;Slovakia;SVK;317,00;Slovakia 2022;SVK22;112,00;1,50;1,26;0,31
703,00;Slovakia;2023;703;Slovakia;SVK;317,00;Slovakia 2023;SVK23;115,01;1,49;1,35;0,30
704,00;Viet Nam;1990;704;Vietnam;VNM;816,00;Vietnam 1990;VNM90;235,33;1,50;3,03;1,21
704,00;Viet Nam;1991;704;Vietnam;VNM;816,00;Vietnam 1991;VNM91;214,37;1,60;2,57;1,08
704,00;Viet Nam;1992;704;Vietnam;VNM;816,00;Vietnam 1992;VNM92;182,55;1,59;1,95;0,92
704,00;Viet Nam;1993;704;Vietnam;VNM;816,00;Vietnam 1993;VNM93;164,53;1,59;1,53;0,91
704,00;Viet Nam;1994;704;Vietnam;VNM;816,00;Vietnam 1994;VNM94;163,03;1,57;1,70;0,73
704,00;Viet Nam;1995;704;Vietnam;VNM;816,00;Vietnam 1995;VNM95;162,13;1,56;1,70;0,72
704,00;Viet Nam;1996;704;Vietnam;VNM;816,00;Vietnam 1996;VNM96;161,60;1,55;1,71;0,71
704,00;Viet Nam;1997;704;Vietnam;VNM;816,00;Vietnam 1997;VNM97;159,61;1,54;1,72;0,65
704,00;Viet Nam;2003;704;Vietnam;VNM;816,00;Vietnam 2003;VNM03;159,22;1,52;1,55;1,26
704,00;Viet Nam;2004;704;Vietnam;VNM;816,00;Vietnam 2004;VNM04;156,39;1,52;1,49;1,25
704,00;Viet Nam;2005;704;Vietnam;VNM;816,00;Vietnam 2005;VNM05;150,04;1,52;1,36;1,21
704,00;Viet Nam;2006;704;Vietnam;VNM;816,00;Vietnam 2006;VNM06;156,99;1,51;1,42;1,34
704,00;Viet Nam;2007;704;Vietnam;VNM;816,00;Vietnam 2007;VNM07;162,30;1,50;1,59;1,33
704,00;Viet Nam;2008;704;Vietnam;VNM;816,00;Vietnam 2008;VNM08;159,58;1,50;1,54;1,31
704,00;Viet Nam;2009;704;Vietnam;VNM;816,00;Vietnam 2009;VNM09;160,10;1,49;1,58;1,29
704,00;Viet Nam;2010;704;Vietnam;VNM;816,00;Vietnam 2010;VNM10;151,39;1,48;1,34;1,30
704,00;Viet Nam;2011;704;Vietnam;VNM;816,00;Vietnam 2011;VNM11;146,13;1,48;1,21;1,30
704,00;Viet Nam;2012;704;Vietnam;VNM;816,00;Vietnam 2012;VNM12;146,83;1,46;1,29;1,25
704,00;Viet Nam;2013;704;Vietnam;VNM;816,00;Vietnam 2013;VNM13;147,85;1,45;1,33;1,24
704,00;Viet Nam;2014;704;Vietnam;VNM;816,00;Vietnam 2014;VNM14;148,53;1,45;1,36;1,24
704,00;Viet Nam;2015;704;Vietnam;VNM;816,00;Vietnam 2015;VNM15;149,33;1,44;1,40;1,23
704,00;Viet Nam;2016;704;Vietnam;VNM;816,00;Vietnam 2016;VNM16;148,94;1,44;1,41;1,21
704,00;Viet Nam;2017;704;Vietnam;VNM;816,00;Vietnam 2017;VNM17;145,64;1,43;1,34;1,20
704,00;Viet Nam;2018;704;Vietnam;VNM;816,00;Vietnam 2018;VNM18;145,01;1,42;1,34;1,20
704,00;Viet Nam;2019;704;Vietnam;VNM;816,00;Vietnam 2019;VNM19;144,88;1,42;1,34;1,19
704,00;Viet Nam;2020;704;Vietnam;VNM;816,00;Vietnam 2020;VNM20;145,72;1,41;1,37;1,19
704,00;Viet Nam;2021;704;Vietnam;VNM;816,00;Vietnam 2021;VNM21;144,78;1,41;1,36;1,18
705,00;Slovenia;1992;705;Slovenia;SVN;349,00;Slovenia 1992;SVN92;146,52;1,28;1,46;1,25
705,00;Slovenia;1993;705;Slovenia;SVN;349,00;Slovenia 1993;SVN93;143,43;1,38;1,27;1,26
705,00;Slovenia;1994;705;Slovenia;SVN;349,00;Slovenia 1994;SVN94;134,89;1,56;1,19;0,93
705,00;Slovenia;1995;705;Slovenia;SVN;349,00;Slovenia 1995;SVN95;142,52;1,79;1,15;0,95
705,00;Slovenia;1996;705;Slovenia;SVN;349,00;Slovenia 1996;SVN96;141,68;1,80;1,13;0,93
705,00;Slovenia;1997;705;Slovenia;SVN;349,00;Slovenia 1997;SVN97;131,85;1,62;1,06;0,93
705,00;Slovenia;1998;705;Slovenia;SVN;349,00;Slovenia 1998;SVN98;131,87;1,63;1,03;0,93
705,00;Slovenia;1999;705;Slovenia;SVN;349,00;Slovenia 1999;SVN99;132,07;1,69;0,95;0,97
705,00;Slovenia;2000;705;Slovenia;SVN;349,00;Slovenia 2000;SVN00;134,40;1,85;0,88;0,94
705,00;Slovenia;2001;705;Slovenia;SVN;349,00;Slovenia 2001;SVN01;132,92;1,75;1,00;0,88
705,00;Slovenia;2002;705;Slovenia;SVN;349,00;Slovenia 2002;SVN02;131,19;1,76;1,04;0,78
705,00;Slovenia;2003;705;Slovenia;SVN;349,00;Slovenia 2003;SVN03;125,37;1,69;1,05;0,68
705,00;Slovenia;2004;705;Slovenia;SVN;349,00;Slovenia 2004;SVN04;123,52;1,63;1,07;0,67
705,00;Slovenia;2005;705;Slovenia;SVN;349,00;Slovenia 2005;SVN05;123,07;1,63;1,06;0,67
705,00;Slovenia;2006;705;Slovenia;SVN;349,00;Slovenia 2006;SVN06;125,31;1,63;1,13;0,67
705,00;Slovenia;2007;705;Slovenia;SVN;349,00;Slovenia 2007;SVN07;123,17;1,62;1,08;0,66
705,00;Slovenia;2008;705;Slovenia;SVN;349,00;Slovenia 2008;SVN08;124,81;1,68;1,10;0,62
705,00;Slovenia;2009;705;Slovenia;SVN;349,00;Slovenia 2009;SVN09;125,72;1,68;1,14;0,62
705,00;Slovenia;2010;705;Slovenia;SVN;349,00;Slovenia 2010;SVN10;122,02;1,56;1,14;0,62
705,00;Slovenia;2011;705;Slovenia;SVN;349,00;Slovenia 2011;SVN11;115,75;1,56;0,99;0,62
705,00;Slovenia;2012;705;Slovenia;SVN;349,00;Slovenia 2012;SVN12;113,24;1,57;0,91;0,61
705,00;Slovenia;2013;705;Slovenia;SVN;349,00;Slovenia 2013;SVN13;112,53;1,57;0,84;0,66
705,00;Slovenia;2014;705;Slovenia;SVN;349,00;Slovenia 2014;SVN14;110,56;1,57;0,80;0,65
705,00;Slovenia;2015;705;Slovenia;SVN;349,00;Slovenia 2015;SVN15;109,39;1,57;0,77;0,65
705,00;Slovenia;2016;705;Slovenia;SVN;349,00;Slovenia 2016;SVN16;110,16;1,57;0,82;0,62
705,00;Slovenia;2017;705;Slovenia;SVN;349,00;Slovenia 2017;SVN17;109,54;1,57;0,81;0,62
705,00;Slovenia;2018;705;Slovenia;SVN;349,00;Slovenia 2018;SVN18;100,33;1,57;0,81;0,37
705,00;Slovenia;2019;705;Slovenia;SVN;349,00;Slovenia 2019;SVN19;101,56;1,56;0,85;0,37
705,00;Slovenia;2020;705;Slovenia;SVN;349,00;Slovenia 2020;SVN20;100,55;1,56;0,84;0,35
705,00;Slovenia;2021;705;Slovenia;SVN;349,00;Slovenia 2021;SVN21;106,87;1,63;0,94;0,35
705,00;Slovenia;2022;705;Slovenia;SVN;349,00;Slovenia 2022;SVN22;108,79;1,67;0,98;0,33
705,00;Slovenia;2023;705;Slovenia;SVN;349,00;Slovenia 2023;SVN23;107,43;1,61;1,01;0,32
706,00;Somalia;1990;706;Somalia;SOM;520,00;Somalia 1990;SOM90;79,36;0,00;0,97;0,66
706,00;Somalia;1991;706;Somalia;SOM;520,00;Somalia 1991;SOM91;80,65;0,00;0,97;0,69
706,00;Somalia;1992;706;Somalia;SOM;520,00;Somalia 1992;SOM92;82,26;0,00;0,97;0,72
710,00;South Africa;1990;710;South Africa;ZAF;560,00;South Africa 1990;ZAF90;162,27;1,82;1,99;0,17
710,00;South Africa;1991;710;South Africa;ZAF;560,00;South Africa 1991;ZAF91;152,38;1,80;1,78;0,15
710,00;South Africa;1992;710;South Africa;ZAF;560,00;South Africa 1992;ZAF92;146,37;1,79;1,65;0,15
710,00;South Africa;1993;710;South Africa;ZAF;560,00;South Africa 1993;ZAF93;141,14;1,79;1,53;0,14
710,00;South Africa;1994;710;South Africa;ZAF;560,00;South Africa 1994;ZAF94;134,95;1,61;1,55;0,15
710,00;South Africa;1995;710;South Africa;ZAF;560,00;South Africa 1995;ZAF95;130,84;1,60;1,38;0,24
710,00;South Africa;1996;710;South Africa;ZAF;560,00;South Africa 1996;ZAF96;124,11;1,59;1,22;0,25
710,00;South Africa;1997;710;South Africa;ZAF;560,00;South Africa 1997;ZAF97;111,69;1,46;1,13;0,15
710,00;South Africa;1998;710;South Africa;ZAF;560,00;South Africa 1998;ZAF98;99,95;1,33;1,03;0,10
710,00;South Africa;1999;710;South Africa;ZAF;560,00;South Africa 1999;ZAF99;96,39;1,31;0,98;0,09
710,00;South Africa;2000;710;South Africa;ZAF;560,00;South Africa 2000;ZAF00;98,79;1,30;1,06;0,08
710,00;South Africa;2001;710;South Africa;ZAF;560,00;South Africa 2001;ZAF01;100,40;1,29;1,11;0,08
710,00;South Africa;2002;710;South Africa;ZAF;560,00;South Africa 2002;ZAF02;101,36;1,28;1,14;0,07
710,00;South Africa;2003;710;South Africa;ZAF;560,00;South Africa 2003;ZAF03;98,98;1,27;1,10;0,07
710,00;South Africa;2004;710;South Africa;ZAF;560,00;South Africa 2004;ZAF04;94,55;1,23;1,05;0,32
710,00;South Africa;2005;710;South Africa;ZAF;560,00;South Africa 2005;ZAF05;91,92;1,22;0,98;0,32
710,00;South Africa;2006;710;South Africa;ZAF;560,00;South Africa 2006;ZAF06;90,68;1,22;0,93;0,34
710,00;South Africa;2007;710;South Africa;ZAF;560,00;South Africa 2007;ZAF07;88,14;1,21;0,87;0,34
710,00;South Africa;2008;710;South Africa;ZAF;560,00;South Africa 2008;ZAF08;87,03;1,20;0,86;0,33
710,00;South Africa;2009;710;South Africa;ZAF;560,00;South Africa 2009;ZAF09;87,79;1,20;0,88;0,33
710,00;South Africa;2010;710;South Africa;ZAF;560,00;South Africa 2010;ZAF10;84,15;1,19;0,83;0,06
710,00;South Africa;2011;710;South Africa;ZAF;560,00;South Africa 2011;ZAF11;83,75;1,18;0,83;0,06
710,00;South Africa;2012;710;South Africa;ZAF;560,00;South Africa 2012;ZAF12;77,27;1,01;0,84;0,06
710,00;South Africa;2013;710;South Africa;ZAF;560,00;South Africa 2013;ZAF13;76,75;1,00;0,84;0,06
710,00;South Africa;2014;710;South Africa;ZAF;560,00;South Africa 2014;ZAF14;76,33;0,99;0,84;0,06
710,00;South Africa;2015;710;South Africa;ZAF;560,00;South Africa 2015;ZAF15;74,54;0,96;0,83;0,06
710,00;South Africa;2016;710;South Africa;ZAF;560,00;South Africa 2016;ZAF16;75,04;0,95;0,80;0,31
710,00;South Africa;2017;710;South Africa;ZAF;560,00;South Africa 2017;ZAF17;74,07;0,95;0,79;0,30
710,00;South Africa;2018;710;South Africa;ZAF;560,00;South Africa 2018;ZAF18;72,64;0,94;0,76;0,30
710,00;South Africa;2019;710;South Africa;ZAF;560,00;South Africa 2019;ZAF19;72,74;0,94;0,75;0,32
710,00;South Africa;2020;710;South Africa;ZAF;560,00;South Africa 2020;ZAF20;74,05;0,93;0,79;0,32
710,00;South Africa;2021;710;South Africa;ZAF;560,00;South Africa 2021;ZAF21;70,14;0,93;0,70;0,31
710,00;South Africa;2022;710;South Africa;ZAF;560,00;South Africa 2022;ZAF22;68,92;0,92;0,67;0,31
710,00;South Africa;2023;710;South Africa;ZAF;560,00;South Africa 2023;ZAF23;67,18;0,91;0,65;0,29
716,00;Zimbabwe;1990;716;Zimbabwe;ZWE;552,00;Zimbabwe 1990;ZWE90;182,97;1,11;1,71;1,42
716,00;Zimbabwe;1991;716;Zimbabwe;ZWE;552,00;Zimbabwe 1991;ZWE91;180,61;1,09;1,68;1,41
716,00;Zimbabwe;1992;716;Zimbabwe;ZWE;552,00;Zimbabwe 1992;ZWE92;172,07;1,00;1,64;1,34
716,00;Zimbabwe;1993;716;Zimbabwe;ZWE;552,00;Zimbabwe 1993;ZWE93;166,83;1,00;1,53;1,33
716,00;Zimbabwe;1994;716;Zimbabwe;ZWE;552,00;Zimbabwe 1994;ZWE94;188,43;1,00;1,48;1,36
716,00;Zimbabwe;1995;716;Zimbabwe;ZWE;552,00;Zimbabwe 1995;ZWE95;179,64;0,88;1,50;1,29
716,00;Zimbabwe;1996;716;Zimbabwe;ZWE;552,00;Zimbabwe 1996;ZWE96;176,56;0,92;1,42;1,26
716,00;Zimbabwe;1997;716;Zimbabwe;ZWE;552,00;Zimbabwe 1997;ZWE97;176,16;0,92;1,45;1,23
716,00;Zimbabwe;1998;716;Zimbabwe;ZWE;552,00;Zimbabwe 1998;ZWE98;176,00;0,92;1,45;1,22
716,00;Zimbabwe;1999;716;Zimbabwe;ZWE;552,00;Zimbabwe 1999;ZWE99;159,55;0,81;1,23;1,22
716,00;Zimbabwe;2000;716;Zimbabwe;ZWE;552,00;Zimbabwe 2000;ZWE00;167,20;1,16;1,47;1,24
716,00;Zimbabwe;2001;716;Zimbabwe;ZWE;552,00;Zimbabwe 2001;ZWE01;161,43;1,17;1,33;1,23
716,00;Zimbabwe;2002;716;Zimbabwe;ZWE;552,00;Zimbabwe 2002;ZWE02;179,09;0,85;2,08;1,21
716,00;Zimbabwe;2003;716;Zimbabwe;ZWE;552,00;Zimbabwe 2003;ZWE03;137,57;0,88;1,16;1,14
716,00;Zimbabwe;2004;716;Zimbabwe;ZWE;552,00;Zimbabwe 2004;ZWE04;142,82;0,88;1,37;1,06
716,00;Zimbabwe;2005;716;Zimbabwe;ZWE;552,00;Zimbabwe 2005;ZWE05;124,70;0,82;0,94;1,14
716,00;Zimbabwe;2006;716;Zimbabwe;ZWE;552,00;Zimbabwe 2006;ZWE06;133,22;0,81;1,15;1,14
716,00;Zimbabwe;2007;716;Zimbabwe;ZWE;552,00;Zimbabwe 2007;ZWE07;137,77;0,91;1,15;1,13
716,00;Zimbabwe;2008;716;Zimbabwe;ZWE;552,00;Zimbabwe 2008;ZWE08;132,12;0,79;1,15;1,13
716,00;Zimbabwe;2009;716;Zimbabwe;ZWE;552,00;Zimbabwe 2009;ZWE09;131,89;0,78;1,15;1,13
716,00;Zimbabwe;2010;716;Zimbabwe;ZWE;552,00;Zimbabwe 2010;ZWE10;93,77;0,77;0,69;1,11
716,00;Zimbabwe;2011;716;Zimbabwe;ZWE;552,00;Zimbabwe 2011;ZWE11;111,13;0,77;1,05;1,22
716,00;Zimbabwe;2012;716;Zimbabwe;ZWE;552,00;Zimbabwe 2012;ZWE12;119,73;0,76;1,30;1,21
716,00;Zimbabwe;2013;716;Zimbabwe;ZWE;552,00;Zimbabwe 2013;ZWE13;119,43;0,77;1,30;1,20
716,00;Zimbabwe;2014;716;Zimbabwe;ZWE;552,00;Zimbabwe 2014;ZWE14;114,48;0,76;1,28;1,09
716,00;Zimbabwe;2015;716;Zimbabwe;ZWE;552,00;Zimbabwe 2015;ZWE15;111,45;0,77;1,30;0,98
716,00;Zimbabwe;2016;716;Zimbabwe;ZWE;552,00;Zimbabwe 2016;ZWE16;105,13;0,67;1,23;0,98
716,00;Zimbabwe;2017;716;Zimbabwe;ZWE;552,00;Zimbabwe 2017;ZWE17;102,42;0,66;1,18;0,96
716,00;Zimbabwe;2018;716;Zimbabwe;ZWE;552,00;Zimbabwe 2018;ZWE18;92,37;0,63;0,98;0,93
716,00;Zimbabwe;2019;716;Zimbabwe;ZWE;552,00;Zimbabwe 2019;ZWE19;83,26;0,62;0,74;0,92
716,00;Zimbabwe;2020;716;Zimbabwe;ZWE;552,00;Zimbabwe 2020;ZWE20;91,35;0,61;0,97;0,92
716,00;Zimbabwe;2021;716;Zimbabwe;ZWE;552,00;Zimbabwe 2021;ZWE21;103,51;0,61;1,31;0,92
716,00;Zimbabwe;2022;716;Zimbabwe;ZWE;552,00;Zimbabwe 2022;ZWE22;84,34;0,59;0,81;0,92
716,00;Zimbabwe;2023;716;Zimbabwe;ZWE;552,00;Zimbabwe 2023;ZWE23;65,42;0,59;0,30;0,91
724,00;Spain;1990;724;Spain;ESP;230,00;Spain 1990;ESP90;161,96;1,63;1,47;1,32
724,00;Spain;1991;724;Spain;ESP;230,00;Spain 1991;ESP91;152,83;1,61;1,40;1,15
724,00;Spain;1992;724;Spain;ESP;230,00;Spain 1992;ESP92;136,12;1,63;1,36;0,72
724,00;Spain;1993;724;Spain;ESP;230,00;Spain 1993;ESP93;138,79;1,74;1,35;0,69
724,00;Spain;1994;724;Spain;ESP;230,00;Spain 1994;ESP94;138,97;1,73;1,35;0,71
724,00;Spain;1995;724;Spain;ESP;230,00;Spain 1995;ESP95;134,71;1,66;1,31;0,70
724,00;Spain;1996;724;Spain;ESP;230,00;Spain 1996;ESP96;133,07;1,60;1,26;0,77
724,00;Spain;1997;724;Spain;ESP;230,00;Spain 1997;ESP97;130,72;1,60;1,22;0,74
724,00;Spain;1998;724;Spain;ESP;230,00;Spain 1998;ESP98;130,57;1,59;1,24;0,73
724,00;Spain;1999;724;Spain;ESP;230,00;Spain 1999;ESP99;128,81;1,57;1,24;0,71
724,00;Spain;2000;724;Spain;ESP;230,00;Spain 2000;ESP00;126,68;1,56;1,24;0,66
724,00;Spain;2001;724;Spain;ESP;230,00;Spain 2001;ESP01;121,84;1,56;1,19;0,58
724,00;Spain;2002;724;Spain;ESP;230,00;Spain 2002;ESP02;120,14;1,54;1,10;0,64
724,00;Spain;2003;724;Spain;ESP;230,00;Spain 2003;ESP03;115,26;1,50;1,07;0,58
724,00;Spain;2004;724;Spain;ESP;230,00;Spain 2004;ESP04;115,28;1,52;1,07;0,56
724,00;Spain;2005;724;Spain;ESP;230,00;Spain 2005;ESP05;111,13;1,45;1,05;0,54
724,00;Spain;2006;724;Spain;ESP;230,00;Spain 2006;ESP06;109,87;1,44;1,04;0,53
724,00;Spain;2007;724;Spain;ESP;230,00;Spain 2007;ESP07;109,23;1,43;1,03;0,52
724,00;Spain;2008;724;Spain;ESP;230,00;Spain 2008;ESP08;105,35;1,34;1,03;0,52
724,00;Spain;2009;724;Spain;ESP;230,00;Spain 2009;ESP09;103,68;1,34;1,01;0,49
724,00;Spain;2010;724;Spain;ESP;230,00;Spain 2010;ESP10;107,75;1,41;1,03;0,50
724,00;Spain;2011;724;Spain;ESP;230,00;Spain 2011;ESP11;107,31;1,44;1,00;0,50
724,00;Spain;2012;724;Spain;ESP;230,00;Spain 2012;ESP12;96,05;1,14;1,05;0,44
724,00;Spain;2013;724;Spain;ESP;230,00;Spain 2013;ESP13;93,19;1,15;0,97;0,44
724,00;Spain;2014;724;Spain;ESP;230,00;Spain 2014;ESP14;92,74;1,14;0,96;0,44
724,00;Spain;2015;724;Spain;ESP;230,00;Spain 2015;ESP15;91,51;1,13;0,97;0,41
724,00;Spain;2016;724;Spain;ESP;230,00;Spain 2016;ESP16;88,98;1,13;0,89;0,41
724,00;Spain;2017;724;Spain;ESP;230,00;Spain 2017;ESP17;90,68;1,13;0,95;0,41
724,00;Spain;2018;724;Spain;ESP;230,00;Spain 2018;ESP18;94,15;1,22;0,96;0,40
724,00;Spain;2019;724;Spain;ESP;230,00;Spain 2019;ESP19;92,82;1,21;0,95;0,38
724,00;Spain;2020;724;Spain;ESP;230,00;Spain 2020;ESP20;94,97;1,22;1,00;0,38
724,00;Spain;2021;724;Spain;ESP;230,00;Spain 2021;ESP21;94,70;1,22;0,99;0,38
724,00;Spain;2022;724;Spain;ESP;230,00;Spain 2022;ESP22;95,83;1,21;1,04;0,38
724,00;Spain;2023;724;Spain;ESP;230,00;Spain 2023;ESP23;96,91;1,20;1,07;0,39
728,00;South Sudan;2011;728;South Sudan;SSD;626,00;South Sudan 2011;SSD11;163,47;0,61;2,05;0,68
728,00;South Sudan;2012;728;South Sudan;SSD;626,00;South Sudan 2012;SSD12;193,62;0,59;2,39;0,97
728,00;South Sudan;2013;728;South Sudan;SSD;626,00;South Sudan 2013;SSD13;177,95;0,58;2,12;0,93
728,00;South Sudan;2014;728;South Sudan;SSD;626,00;South Sudan 2014;SSD14;173,19;0,37;2,35;0,82
728,00;South Sudan;2015;728;South Sudan;SSD;626,00;South Sudan 2015;SSD15;176,37;0,38;2,40;0,82
728,00;South Sudan;2016;728;South Sudan;SSD;626,00;South Sudan 2016;SSD16;141,89;0,39;1,69;0,83
728,00;South Sudan;2017;728;South Sudan;SSD;626,00;South Sudan 2017;SSD17;102,59;0,40;1,27;0,86
728,00;South Sudan;2018;728;South Sudan;SSD;626,00;South Sudan 2018;SSD18;170,17;0,41;1,73;2,49
728,00;South Sudan;2019;728;South Sudan;SSD;626,00;South Sudan 2019;SSD19;172,57;0,41;1,80;2,48
728,00;South Sudan;2020;728;South Sudan;SSD;626,00;South Sudan 2020;SSD20;157,23;0,39;1,42;2,47
728,00;South Sudan;2021;728;South Sudan;SSD;626,00;South Sudan 2021;SSD21;165,32;0,38;1,66;2,46
728,00;South Sudan;2022;728;South Sudan;SSD;626,00;South Sudan 2022;SSD22;155,57;0,38;2,16;0,00
728,00;South Sudan;2023;728;South Sudan;SSD;626,00;South Sudan 2023;SSD23;179,32;0,38;2,68;1,82
729,00;Sudan;1990;736;Sudan (-2011);SDN;;Sudan (-2011) 1990;SDN90;153,65;1,14;2,44;0,19
729,00;Sudan;1991;736;Sudan (-2011);SDN;;Sudan (-2011) 1991;SDN91;151,43;1,04;2,50;0,17
729,00;Sudan;1992;736;Sudan (-2011);SDN;;Sudan (-2011) 1992;SDN92;155,16;1,25;2,34;0,22
729,00;Sudan;1993;736;Sudan (-2011);SDN;;Sudan (-2011) 1993;SDN93;162,42;1,26;2,49;0,23
729,00;Sudan;1994;736;Sudan (-2011);SDN;;Sudan (-2011) 1994;SDN94;179,12;1,41;2,20;0,29
729,00;Sudan;1995;736;Sudan (-2011);SDN;;Sudan (-2011) 1995;SDN95;126,72;1,53;1,32;0,26
729,00;Sudan;1996;736;Sudan (-2011);SDN;;Sudan (-2011) 1996;SDN96;112,34;1,48;1,07;0,22
729,00;Sudan;1997;736;Sudan (-2011);SDN;;Sudan (-2011) 1997;SDN97;102,72;1,47;0,87;0,19
729,00;Sudan;1998;736;Sudan (-2011);SDN;;Sudan (-2011) 1998;SDN98;135,37;1,45;1,66;0,22
729,00;Sudan;1999;736;Sudan (-2011);SDN;;Sudan (-2011) 1999;SDN99;176,34;1,34;2,28;0,21
729,00;Sudan;2000;736;Sudan (-2011);SDN;;Sudan (-2011) 2000;SDN00;166,42;1,31;2,54;0,23
729,00;Sudan;2001;736;Sudan (-2011);SDN;;Sudan (-2011) 2001;SDN01;144,49;1,36;1,96;0,23
729,00;Sudan;2002;736;Sudan (-2011);SDN;;Sudan (-2011) 2002;SDN02;149,36;1,34;2,09;0,22
729,00;Sudan;2003;736;Sudan (-2011);SDN;;Sudan (-2011) 2003;SDN03;126,71;1,29;1,62;0,20
729,00;Sudan;2004;736;Sudan (-2011);SDN;;Sudan (-2011) 2004;SDN04;184,21;1,32;2,73;0,96
729,00;Sudan;2005;736;Sudan (-2011);SDN;;Sudan (-2011) 2005;SDN05;157,36;1,31;2,02;0,95
729,00;Sudan;2006;736;Sudan (-2011);SDN;;Sudan (-2011) 2006;SDN06;154,89;1,29;2,07;0,86
729,00;Sudan;2007;736;Sudan (-2011);SDN;;Sudan (-2011) 2007;SDN07;158,48;1,30;2,15;0,86
729,00;Sudan;2008;736;Sudan (-2011);SDN;;Sudan (-2011) 2008;SDN08;167,78;1,29;2,41;0,87
729,00;Sudan;2009;736;Sudan (-2011);SDN;;Sudan (-2011) 2009;SDN09;169,33;1,28;2,47;0,86
729,00;Sudan;2010;736;Sudan (-2011);SDN;;Sudan (-2011) 2010;SDN10;172,35;1,27;2,56;0,86
729,00;Sudan;2011;736;Sudan (-2011);SDN;;Sudan (-2011) 2011;SDN11;170,92;1,26;2,52;0,87
748,00;Eswatini;2007;748;Eswatini (former Swaziland);SWZ;572,00;Eswatini (former Swaziland) 2007;SWZ07;94,90;0,00;1,17;0,91
748,00;Eswatini;2008;748;Eswatini (former Swaziland);SWZ;572,00;Eswatini (former Swaziland) 2008;SWZ08;101,69;0,00;1,32;0,91
748,00;Eswatini;2009;748;Eswatini (former Swaziland);SWZ;572,00;Eswatini (former Swaziland) 2009;SWZ09;103,52;0,00;1,37;0,90
748,00;Eswatini;2010;748;Eswatini (former Swaziland);SWZ;572,00;Eswatini (former Swaziland) 2010;SWZ10;108,65;0,00;1,48;0,90
748,00;Eswatini;2022;748;Eswatini (former Swaziland);SWZ;572,00;Eswatini (former Swaziland) 2022;SWZ22;72,18;0,00;1,19;0,00
748,00;Eswatini;2023;748;Eswatini (former Swaziland);SWZ;572,00;Eswatini (former Swaziland) 2023;SWZ23;69,82;0,00;1,16;0,00
752,00;Sweden;1990;752;Sweden;SWE;380,00;Sweden 1990;SWE90;186,78;2,26;1,53;1,29
752,00;Sweden;1991;752;Sweden;SWE;380,00;Sweden 1991;SWE91;184,10;2,27;1,47;1,27
752,00;Sweden;1992;752;Sweden;SWE;380,00;Sweden 1992;SWE92;183,76;2,29;1,48;1,23
752,00;Sweden;1993;752;Sweden;SWE;380,00;Sweden 1993;SWE93;184,36;2,29;1,45;1,27
752,00;Sweden;1994;752;Sweden;SWE;380,00;Sweden 1994;SWE94;181,44;2,29;1,39;1,25
752,00;Sweden;1995;752;Sweden;SWE;380,00;Sweden 1995;SWE95;180,13;2,38;1,23;1,30
752,00;Sweden;1996;752;Sweden;SWE;380,00;Sweden 1996;SWE96;176,44;2,43;1,09;1,28
752,00;Sweden;1997;752;Sweden;SWE;380,00;Sweden 1997;SWE97;176,83;2,44;1,30;1,07
752,00;Sweden;1998;752;Sweden;SWE;380,00;Sweden 1998;SWE98;172,63;2,35;1,28;1,07
752,00;Sweden;1999;752;Sweden;SWE;380,00;Sweden 1999;SWE99;170,00;2,29;1,27;1,06
752,00;Sweden;2000;752;Sweden;SWE;380,00;Sweden 2000;SWE00;169,56;2,29;1,27;1,05
752,00;Sweden;2001;752;Sweden;SWE;380,00;Sweden 2001;SWE01;146,52;2,13;1,24;0,62
752,00;Sweden;2002;752;Sweden;SWE;380,00;Sweden 2002;SWE02;134,09;1,87;1,17;0,62
752,00;Sweden;2003;752;Sweden;SWE;380,00;Sweden 2003;SWE03;126,54;1,76;1,15;0,55
752,00;Sweden;2004;752;Sweden;SWE;380,00;Sweden 2004;SWE04;142,26;2,26;1,07;0,54
752,00;Sweden;2005;752;Sweden;SWE;380,00;Sweden 2005;SWE05;145,24;2,37;1,05;0,54
752,00;Sweden;2006;752;Sweden;SWE;380,00;Sweden 2006;SWE06;124,66;1,86;1,01;0,53
752,00;Sweden;2007;752;Sweden;SWE;380,00;Sweden 2007;SWE07;129,29;2,04;1,00;0,49
752,00;Sweden;2008;752;Sweden;SWE;380,00;Sweden 2008;SWE08;122,73;2,02;0,92;0,41
752,00;Sweden;2009;752;Sweden;SWE;380,00;Sweden 2009;SWE09;116,05;1,94;0,91;0,32
752,00;Sweden;2010;752;Sweden;SWE;380,00;Sweden 2010;SWE10;115,83;1,83;0,93;0,40
752,00;Sweden;2011;752;Sweden;SWE;380,00;Sweden 2011;SWE11;112,80;1,83;0,86;0,39
752,00;Sweden;2012;752;Sweden;SWE;380,00;Sweden 2012;SWE12;107,36;1,83;0,87;0,23
752,00;Sweden;2013;752;Sweden;SWE;380,00;Sweden 2013;SWE13;104,17;1,81;0,86;0,17
752,00;Sweden;2014;752;Sweden;SWE;380,00;Sweden 2014;SWE14;104,15;1,81;0,87;0,17
752,00;Sweden;2015;752;Sweden;SWE;380,00;Sweden 2015;SWE15;113,85;1,97;0,84;0,30
752,00;Sweden;2016;752;Sweden;SWE;380,00;Sweden 2016;SWE16;113,10;1,97;0,83;0,30
752,00;Sweden;2017;752;Sweden;SWE;380,00;Sweden 2017;SWE17;111,98;1,96;0,81;0,29
752,00;Sweden;2018;752;Sweden;SWE;380,00;Sweden 2018;SWE18;112,04;1,96;0,82;0,29
752,00;Sweden;2019;752;Sweden;SWE;380,00;Sweden 2019;SWE19;108,34;1,95;0,85;0,16
752,00;Sweden;2020;752;Sweden;SWE;380,00;Sweden 2020;SWE20;107,91;1,95;0,88;0,13
752,00;Sweden;2021;752;Sweden;SWE;380,00;Sweden 2021;SWE21;108,68;1,95;0,90;0,12
752,00;Sweden;2022;752;Sweden;SWE;380,00;Sweden 2022;SWE22;111,09;1,94;0,97;0,12
752,00;Sweden;2023;752;Sweden;SWE;380,00;Sweden 2023;SWE23;112,59;1,90;1,06;0,13
756,00;Switzerland;1990;756;Switzerland;CHE;225,00;Switzerland 1990;CHE90;170,27;2,76;1,13;0,75
756,00;Switzerland;1991;756;Switzerland;CHE;225,00;Switzerland 1991;CHE91;168,72;2,76;1,11;0,73
756,00;Switzerland;1992;756;Switzerland;CHE;225,00;Switzerland 1992;CHE92;163,40;2,66;1,10;0,68
756,00;Switzerland;1993;756;Switzerland;CHE;225,00;Switzerland 1993;CHE93;160,04;2,66;1,02;0,68
756,00;Switzerland;1994;756;Switzerland;CHE;225,00;Switzerland 1994;CHE94;158,81;2,65;1,00;0,68
756,00;Switzerland;1995;756;Switzerland;CHE;225,00;Switzerland 1995;CHE95;151,34;2,64;1,01;0,47
756,00;Switzerland;1996;756;Switzerland;CHE;225,00;Switzerland 1996;CHE96;146,84;2,57;0,97;0,47
756,00;Switzerland;1997;756;Switzerland;CHE;225,00;Switzerland 1997;CHE97;145,14;2,56;0,93;0,46
756,00;Switzerland;1998;756;Switzerland;CHE;225,00;Switzerland 1998;CHE98;141,20;2,48;0,91;0,46
756,00;Switzerland;1999;756;Switzerland;CHE;225,00;Switzerland 1999;CHE99;139,38;2,49;0,86;0,45
756,00;Switzerland;2000;756;Switzerland;CHE;225,00;Switzerland 2000;CHE00;133,39;2,39;0,83;0,42
756,00;Switzerland;2001;756;Switzerland;CHE;225,00;Switzerland 2001;CHE01;132,87;2,40;0,80;0,42
756,00;Switzerland;2002;756;Switzerland;CHE;225,00;Switzerland 2002;CHE02;132,33;2,42;0,78;0,41
756,00;Switzerland;2003;756;Switzerland;CHE;225,00;Switzerland 2003;CHE03;131,63;2,43;0,76;0,40
756,00;Switzerland;2004;756;Switzerland;CHE;225,00;Switzerland 2004;CHE04;116,59;2,21;0,74;0,24
756,00;Switzerland;2005;756;Switzerland;CHE;225,00;Switzerland 2005;CHE05;118,00;2,25;0,70;0,28
756,00;Switzerland;2006;756;Switzerland;CHE;225,00;Switzerland 2006;CHE06;114,33;2,20;0,65;0,27
756,00;Switzerland;2007;756;Switzerland;CHE;225,00;Switzerland 2007;CHE07;122,46;2,20;0,63;0,52
756,00;Switzerland;2008;756;Switzerland;CHE;225,00;Switzerland 2008;CHE08;122,45;2,20;0,63;0,51
756,00;Switzerland;2009;756;Switzerland;CHE;225,00;Switzerland 2009;CHE09;120,14;2,19;0,63;0,46
756,00;Switzerland;2010;756;Switzerland;CHE;225,00;Switzerland 2010;CHE10;117,58;2,12;0,60;0,49
756,00;Switzerland;2011;756;Switzerland;CHE;225,00;Switzerland 2011;CHE11;117,27;2,12;0,61;0,48
756,00;Switzerland;2012;756;Switzerland;CHE;225,00;Switzerland 2012;CHE12;113,59;2,08;0,59;0,44
756,00;Switzerland;2013;756;Switzerland;CHE;225,00;Switzerland 2013;CHE13;113,03;2,05;0,62;0,43
756,00;Switzerland;2014;756;Switzerland;CHE;225,00;Switzerland 2014;CHE14;107,85;1,99;0,56;0,40
756,00;Switzerland;2015;756;Switzerland;CHE;225,00;Switzerland 2015;CHE15;107,33;1,98;0,57;0,38
756,00;Switzerland;2016;756;Switzerland;CHE;225,00;Switzerland 2016;CHE16;113,47;2,15;0,58;0,37
756,00;Switzerland;2017;756;Switzerland;CHE;225,00;Switzerland 2017;CHE17;113,10;2,14;0,58;0,37
756,00;Switzerland;2018;756;Switzerland;CHE;225,00;Switzerland 2018;CHE18;112,38;2,13;0,57;0,36
756,00;Switzerland;2019;756;Switzerland;CHE;225,00;Switzerland 2019;CHE19;112,82;2,12;0,60;0,36
756,00;Switzerland;2020;756;Switzerland;CHE;225,00;Switzerland 2020;CHE20;117,06;2,22;0,65;0,33
756,00;Switzerland;2021;756;Switzerland;CHE;225,00;Switzerland 2021;CHE21;114,28;2,21;0,59;0,33
756,00;Switzerland;2022;756;Switzerland;CHE;225,00;Switzerland 2022;CHE22;112,69;2,16;0,60;0,32
756,00;Switzerland;2023;756;Switzerland;CHE;225,00;Switzerland 2023;CHE23;111,92;2,12;0,61;0,34
760,00;Syrian Arab Republic (the);1990;760;Syria;SYR;652,00;Syria 1990;SYR90;317,82;3,04;2,80;1,91
760,00;Syrian Arab Republic (the);1991;760;Syria;SYR;652,00;Syria 1991;SYR91;338,91;3,05;3,40;1,81
760,00;Syrian Arab Republic (the);1992;760;Syria;SYR;652,00;Syria 1992;SYR92;328,93;3,05;3,19;1,78
760,00;Syrian Arab Republic (the);1993;760;Syria;SYR;652,00;Syria 1993;SYR93;312,67;3,01;2,89;1,73
760,00;Syrian Arab Republic (the);1994;760;Syria;SYR;652,00;Syria 1994;SYR94;311,45;2,99;2,92;1,68
760,00;Syrian Arab Republic (the);1995;760;Syria;SYR;652,00;Syria 1995;SYR95;312,40;2,96;2,85;1,81
760,00;Syrian Arab Republic (the);1996;760;Syria;SYR;652,00;Syria 1996;SYR96;297,83;2,92;2,66;1,68
760,00;Syrian Arab Republic (the);1997;760;Syria;SYR;652,00;Syria 1997;SYR97;280,04;2,88;2,64;2,07
760,00;Syrian Arab Republic (the);1998;760;Syria;SYR;652,00;Syria 1998;SYR98;280,38;2,94;2,64;2,02
760,00;Syrian Arab Republic (the);1999;760;Syria;SYR;652,00;Syria 1999;SYR99;289,33;2,92;2,63;2,29
760,00;Syrian Arab Republic (the);2000;760;Syria;SYR;652,00;Syria 2000;SYR00;286,82;2,92;2,61;2,25
760,00;Syrian Arab Republic (the);2001;760;Syria;SYR;652,00;Syria 2001;SYR01;284,48;2,90;2,60;2,21
760,00;Syrian Arab Republic (the);2002;760;Syria;SYR;652,00;Syria 2002;SYR02;280,53;2,91;2,56;2,14
760,00;Syrian Arab Republic (the);2003;760;Syria;SYR;652,00;Syria 2003;SYR03;283,73;2,84;2,74;2,11
760,00;Syrian Arab Republic (the);2004;760;Syria;SYR;652,00;Syria 2004;SYR04;274,96;2,83;2,64;1,99
760,00;Syrian Arab Republic (the);2005;760;Syria;SYR;652,00;Syria 2005;SYR05;270,21;2,81;2,55;1,97
760,00;Syrian Arab Republic (the);2006;760;Syria;SYR;652,00;Syria 2006;SYR06;264,08;2,84;2,41;1,91
760,00;Syrian Arab Republic (the);2007;760;Syria;SYR;652,00;Syria 2007;SYR07;254,19;2,80;2,32;1,77
760,00;Syrian Arab Republic (the);2008;760;Syria;SYR;652,00;Syria 2008;SYR08;246,19;2,77;2,18;1,73
760,00;Syrian Arab Republic (the);2009;760;Syria;SYR;652,00;Syria 2009;SYR09;254,00;2,76;2,32;1,81
760,00;Syrian Arab Republic (the);2010;760;Syria;SYR;652,00;Syria 2010;SYR10;250,61;2,74;2,37;1,69
760,00;Syrian Arab Republic (the);2011;760;Syria;SYR;652,00;Syria 2011;SYR11;253,84;2,72;2,49;1,67
760,00;Syrian Arab Republic (the);2012;760;Syria;SYR;652,00;Syria 2012;SYR12;238,27;2,73;2,40;1,34
760,00;Syrian Arab Republic (the);2013;760;Syria;SYR;652,00;Syria 2013;SYR13;240,75;2,75;2,40;1,38
762,00;Tajikistan;1992;762;Tajikistan;TJK;702,00;Tajikistan 1992;TJK92;78,81;1,80;0,00;0,15
762,00;Tajikistan;1993;762;Tajikistan;TJK;702,00;Tajikistan 1993;TJK93;72,63;1,74;0,00;0,06
762,00;Tajikistan;1994;762;Tajikistan;TJK;702,00;Tajikistan 1994;TJK94;76,57;1,70;0,00;0,20
762,00;Tajikistan;1995;762;Tajikistan;TJK;702,00;Tajikistan 1995;TJK95;113,01;1,69;1,03;0,37
762,00;Tajikistan;1996;762;Tajikistan;TJK;702,00;Tajikistan 1996;TJK96;90,72;0,88;1,16;0,45
762,00;Tajikistan;1997;762;Tajikistan;TJK;702,00;Tajikistan 1997;TJK97;90,57;0,92;1,36;0,21
762,00;Tajikistan;1998;762;Tajikistan;TJK;702,00;Tajikistan 1998;TJK98;90,76;0,92;1,37;0,20
762,00;Tajikistan;1999;762;Tajikistan;TJK;702,00;Tajikistan 1999;TJK99;82,97;0,92;1,17;0,19
762,00;Tajikistan;2000;762;Tajikistan;TJK;702,00;Tajikistan 2000;TJK00;55,21;0,76;0,60;0,17
762,00;Tajikistan;2001;762;Tajikistan;TJK;702,00;Tajikistan 2001;TJK01;52,83;0,72;0,58;0,17
762,00;Tajikistan;2002;762;Tajikistan;TJK;702,00;Tajikistan 2002;TJK02;65,87;0,72;0,93;0,17
762,00;Tajikistan;2003;762;Tajikistan;TJK;702,00;Tajikistan 2003;TJK03;67,62;0,73;0,96;0,17
762,00;Tajikistan;2004;762;Tajikistan;TJK;702,00;Tajikistan 2004;TJK04;71,83;0,74;0,97;0,28
762,00;Tajikistan;2005;762;Tajikistan;TJK;702,00;Tajikistan 2005;TJK05;70,89;0,73;0,96;0,27
762,00;Tajikistan;2006;762;Tajikistan;TJK;702,00;Tajikistan 2006;TJK06;70,72;0,72;0,96;0,27
762,00;Tajikistan;2007;762;Tajikistan;TJK;702,00;Tajikistan 2007;TJK07;67,84;0,59;0,95;0,33
762,00;Tajikistan;2008;762;Tajikistan;TJK;702,00;Tajikistan 2008;TJK08;64,02;0,58;0,87;0,31
762,00;Tajikistan;2009;762;Tajikistan;TJK;702,00;Tajikistan 2009;TJK09;62,83;0,58;0,83;0,33
762,00;Tajikistan;2010;762;Tajikistan;TJK;702,00;Tajikistan 2010;TJK10;62,21;0,57;0,83;0,32
762,00;Tajikistan;2011;762;Tajikistan;TJK;702,00;Tajikistan 2011;TJK11;64,88;0,56;0,92;0,32
762,00;Tajikistan;2012;762;Tajikistan;TJK;702,00;Tajikistan 2012;TJK12;62,03;0,55;0,85;0,31
762,00;Tajikistan;2013;762;Tajikistan;TJK;702,00;Tajikistan 2013;TJK13;61,19;0,54;0,84;0,31
762,00;Tajikistan;2014;762;Tajikistan;TJK;702,00;Tajikistan 2014;TJK14;63,49;0,54;0,92;0,30
762,00;Tajikistan;2015;762;Tajikistan;TJK;702,00;Tajikistan 2015;TJK15;66,22;0,53;1,01;0,30
762,00;Tajikistan;2016;762;Tajikistan;TJK;702,00;Tajikistan 2016;TJK16;64,23;0,52;0,96;0,29
762,00;Tajikistan;2017;762;Tajikistan;TJK;702,00;Tajikistan 2017;TJK17;60,13;0,51;0,86;0,29
762,00;Tajikistan;2018;762;Tajikistan;TJK;702,00;Tajikistan 2018;TJK18;59,93;0,50;0,87;0,29
762,00;Tajikistan;2019;762;Tajikistan;TJK;702,00;Tajikistan 2019;TJK19;58,40;0,49;0,84;0,29
762,00;Tajikistan;2020;762;Tajikistan;TJK;702,00;Tajikistan 2020;TJK20;59,93;0,62;0,79;0,09
762,00;Tajikistan;2021;762;Tajikistan;TJK;702,00;Tajikistan 2021;TJK21;63,96;0,65;0,84;0,10
762,00;Tajikistan;2022;762;Tajikistan;TJK;702,00;Tajikistan 2022;TJK22;83,75;0,64;1,34;0,10
762,00;Tajikistan;2023;762;Tajikistan;TJK;702,00;Tajikistan 2023;TJK23;67,62;0,63;0,96;0,09
764,00;Thailand;1990;764;Thailand;THA;800,00;Thailand 1990;THA90;152,84;1,08;1,77;1,31
764,00;Thailand;1991;764;Thailand;THA;800,00;Thailand 1991;THA91;152,27;1,05;1,79;1,31
764,00;Thailand;1992;764;Thailand;THA;800,00;Thailand 1992;THA92;154,57;1,11;1,80;1,30
764,00;Thailand;1993;764;Thailand;THA;800,00;Thailand 1993;THA93;152,06;1,10;1,74;1,30
764,00;Thailand;1994;764;Thailand;THA;800,00;Thailand 1994;THA94;148,60;1,10;1,74;1,21
764,00;Thailand;1995;764;Thailand;THA;800,00;Thailand 1995;THA95;145,25;1,10;1,66;1,20
764,00;Thailand;1996;764;Thailand;THA;800,00;Thailand 1996;THA96;140,17;1,09;1,57;1,16
764,00;Thailand;1997;764;Thailand;THA;800,00;Thailand 1997;THA97;139,68;1,11;1,57;1,13
764,00;Thailand;1998;764;Thailand;THA;800,00;Thailand 1998;THA98;136,58;1,12;1,43;1,17
764,00;Thailand;1999;764;Thailand;THA;800,00;Thailand 1999;THA99;132,04;1,11;1,33;1,16
764,00;Thailand;2000;764;Thailand;THA;800,00;Thailand 2000;THA00;130,56;1,09;1,28;1,19
764,00;Thailand;2001;764;Thailand;THA;800,00;Thailand 2001;THA01;129,39;1,10;1,25;1,18
764,00;Thailand;2002;764;Thailand;THA;800,00;Thailand 2002;THA02;125,69;1,09;1,16;1,17
764,00;Thailand;2003;764;Thailand;THA;800,00;Thailand 2003;THA03;123,79;1,09;1,11;1,18
764,00;Thailand;2004;764;Thailand;THA;800,00;Thailand 2004;THA04;121,59;1,10;1,05;1,17
764,00;Thailand;2005;764;Thailand;THA;800,00;Thailand 2005;THA05;117,36;1,10;0,94;1,17
764,00;Thailand;2006;764;Thailand;THA;800,00;Thailand 2006;THA06;116,34;1,09;0,92;1,16
764,00;Thailand;2007;764;Thailand;THA;800,00;Thailand 2007;THA07;117,39;1,09;0,97;1,15
764,00;Thailand;2008;764;Thailand;THA;800,00;Thailand 2008;THA08;121,74;1,08;1,11;1,13
764,00;Thailand;2009;764;Thailand;THA;800,00;Thailand 2009;THA09;126,90;1,08;1,27;1,11
764,00;Thailand;2010;764;Thailand;THA;800,00;Thailand 2010;THA10;124,89;1,06;1,28;1,07
764,00;Thailand;2011;764;Thailand;THA;800,00;Thailand 2011;THA11;123,38;1,11;1,19;1,07
764,00;Thailand;2012;764;Thailand;THA;800,00;Thailand 2012;THA12;124,80;1,08;1,19;1,14
764,00;Thailand;2013;764;Thailand;THA;800,00;Thailand 2013;THA13;123,49;1,10;1,17;1,11
764,00;Thailand;2014;764;Thailand;THA;800,00;Thailand 2014;THA14;123,88;1,10;1,17;1,11
764,00;Thailand;2015;764;Thailand;THA;800,00;Thailand 2015;THA15;120,74;1,10;1,14;1,06
764,00;Thailand;2016;764;Thailand;THA;800,00;Thailand 2016;THA16;121,09;1,12;1,12;1,07
764,00;Thailand;2017;764;Thailand;THA;800,00;Thailand 2017;THA17;115,95;1,11;1,13;0,92
764,00;Thailand;2018;764;Thailand;THA;800,00;Thailand 2018;THA18;115,60;1,11;1,13;0,92
764,00;Thailand;2019;764;Thailand;THA;800,00;Thailand 2019;THA19;114,62;1,11;1,13;0,89
764,00;Thailand;2020;764;Thailand;THA;800,00;Thailand 2020;THA20;116,68;1,13;1,18;0,88
764,00;Thailand;2021;764;Thailand;THA;800,00;Thailand 2021;THA21;112,98;1,08;1,13;0,88
764,00;Thailand;2022;764;Thailand;THA;800,00;Thailand 2022;THA22;110,69;1,12;1,03;0,88
764,00;Thailand;2023;764;Thailand;THA;800,00;Thailand 2023;THA23;109,29;1,13;0,98;0,88
768,00;Togo;1990;768;Togo;TGO;461,00;Togo 1990;TGO90;122,72;0,96;1,96;0,10
768,00;Togo;1991;768;Togo;TGO;461,00;Togo 1991;TGO91;113,69;0,86;1,86;0,07
768,00;Togo;1992;768;Togo;TGO;461,00;Togo 1992;TGO92;117,97;0,94;1,89;0,07
768,00;Togo;1993;768;Togo;TGO;461,00;Togo 1993;TGO93;133,86;0,94;2,27;0,07
768,00;Togo;1994;768;Togo;TGO;461,00;Togo 1994;TGO94;127,53;0,94;1,75;0,09
768,00;Togo;1995;768;Togo;TGO;461,00;Togo 1995;TGO95;86,38;0,63;1,42;0,09
768,00;Togo;1996;768;Togo;TGO;461,00;Togo 1996;TGO96;85,55;0,61;1,42;0,09
768,00;Togo;1997;768;Togo;TGO;461,00;Togo 1997;TGO97;85,01;0,59;1,43;0,08
768,00;Togo;1998;768;Togo;TGO;461,00;Togo 1998;TGO98;84,33;0,58;1,42;0,08
768,00;Togo;2003;768;Togo;TGO;461,00;Togo 2003;TGO03;75,61;0,57;1,22;0,09
768,00;Togo;2004;768;Togo;TGO;461,00;Togo 2004;TGO04;107,41;0,66;1,23;1,05
768,00;Togo;2005;768;Togo;TGO;461,00;Togo 2005;TGO05;106,76;0,63;1,25;1,05
768,00;Togo;2006;768;Togo;TGO;461,00;Togo 2006;TGO06;105,85;0,62;1,23;1,05
768,00;Togo;2007;768;Togo;TGO;461,00;Togo 2007;TGO07;103,20;0,60;1,21;1,01
768,00;Togo;2008;768;Togo;TGO;461,00;Togo 2008;TGO08;105,97;0,59;1,36;0,95
768,00;Togo;2009;768;Togo;TGO;461,00;Togo 2009;TGO09;102,24;0,55;1,30;0,95
768,00;Togo;2010;768;Togo;TGO;461,00;Togo 2010;TGO10;101,44;0,54;1,29;0,95
768,00;Togo;2011;768;Togo;TGO;461,00;Togo 2011;TGO11;99,74;0,58;1,21;0,94
768,00;Togo;2012;768;Togo;TGO;461,00;Togo 2012;TGO12;99,24;0,53;1,25;0,94
768,00;Togo;2013;768;Togo;TGO;461,00;Togo 2013;TGO13;99,61;0,52;1,27;0,94
768,00;Togo;2014;768;Togo;TGO;461,00;Togo 2014;TGO14;77,13;0,51;1,34;0,06
768,00;Togo;2015;768;Togo;TGO;461,00;Togo 2015;TGO15;98,45;0,50;1,27;0,93
768,00;Togo;2016;768;Togo;TGO;461,00;Togo 2016;TGO16;100,02;0,51;1,30;0,94
768,00;Togo;2017;768;Togo;TGO;461,00;Togo 2017;TGO17;95,52;0,50;1,32;0,80
768,00;Togo;2018;768;Togo;TGO;461,00;Togo 2018;TGO18;96,70;0,49;1,37;0,79
768,00;Togo;2019;768;Togo;TGO;461,00;Togo 2019;TGO19;114,04;0,48;1,85;0,78
768,00;Togo;2020;768;Togo;TGO;461,00;Togo 2020;TGO20;107,21;0,44;1,73;0,76
768,00;Togo;2021;768;Togo;TGO;461,00;Togo 2021;TGO21;122,97;0,67;1,85;0,83
768,00;Togo;2022;768;Togo;TGO;461,00;Togo 2022;TGO22;157,30;0,75;2,52;1,02
768,00;Togo;2023;768;Togo;TGO;461,00;Togo 2023;TGO23;143,33;0,75;2,14;1,02
780,00;Trinidad and Tobago;1993;780;Trinidad and Tobago;TTO;52,00;Trinidad and Tobago 1993;TTO93;23,00;0,00;0,50;0,10
780,00;Trinidad and Tobago;1994;780;Trinidad and Tobago;TTO;52,00;Trinidad and Tobago 1994;TTO94;25,91;0,00;0,49;0,10
780,00;Trinidad and Tobago;1995;780;Trinidad and Tobago;TTO;52,00;Trinidad and Tobago 1995;TTO95;29,63;0,00;0,49;0,35
780,00;Trinidad and Tobago;1996;780;Trinidad and Tobago;TTO;52,00;Trinidad and Tobago 1996;TTO96;31,20;0,00;0,50;0,39
780,00;Trinidad and Tobago;1997;780;Trinidad and Tobago;TTO;52,00;Trinidad and Tobago 1997;TTO97;31,34;0,00;0,50;0,39
780,00;Trinidad and Tobago;2001;780;Trinidad and Tobago;TTO;52,00;Trinidad and Tobago 2001;TTO01;20,23;0,00;0,18;0,41
780,00;Trinidad and Tobago;2002;780;Trinidad and Tobago;TTO;52,00;Trinidad and Tobago 2002;TTO02;23,37;0,00;0,24;0,43
780,00;Trinidad and Tobago;2003;780;Trinidad and Tobago;TTO;52,00;Trinidad and Tobago 2003;TTO03;26,71;0,00;0,33;0,44
780,00;Trinidad and Tobago;2004;780;Trinidad and Tobago;TTO;52,00;Trinidad and Tobago 2004;TTO04;35,72;0,00;0,57;0,44
780,00;Trinidad and Tobago;2005;780;Trinidad and Tobago;TTO;52,00;Trinidad and Tobago 2005;TTO05;36,86;0,00;0,60;0,44
780,00;Trinidad and Tobago;2006;780;Trinidad and Tobago;TTO;52,00;Trinidad and Tobago 2006;TTO06;34,78;0,00;0,62;0,36
780,00;Trinidad and Tobago;2007;780;Trinidad and Tobago;TTO;52,00;Trinidad and Tobago 2007;TTO07;33,33;0,00;0,58;0,36
780,00;Trinidad and Tobago;2008;780;Trinidad and Tobago;TTO;52,00;Trinidad and Tobago 2008;TTO08;35,97;0,00;0,52;0,49
780,00;Trinidad and Tobago;2009;780;Trinidad and Tobago;TTO;52,00;Trinidad and Tobago 2009;TTO09;39,30;0,00;0,66;0,44
780,00;Trinidad and Tobago;2010;780;Trinidad and Tobago;TTO;52,00;Trinidad and Tobago 2010;TTO10;36,23;0,00;0,61;0,41
780,00;Trinidad and Tobago;2011;780;Trinidad and Tobago;TTO;52,00;Trinidad and Tobago 2011;TTO11;34,20;0,00;0,56;0,40
780,00;Trinidad and Tobago;2012;780;Trinidad and Tobago;TTO;52,00;Trinidad and Tobago 2012;TTO12;36,45;0,00;0,63;0,40
780,00;Trinidad and Tobago;2013;780;Trinidad and Tobago;TTO;52,00;Trinidad and Tobago 2013;TTO13;39,74;0,00;0,72;0,40
780,00;Trinidad and Tobago;2014;780;Trinidad and Tobago;TTO;52,00;Trinidad and Tobago 2014;TTO14;36,63;0,00;0,63;0,40
780,00;Trinidad and Tobago;2015;780;Trinidad and Tobago;TTO;52,00;Trinidad and Tobago 2015;TTO15;37,32;0,00;0,71;0,34
780,00;Trinidad and Tobago;2016;780;Trinidad and Tobago;TTO;52,00;Trinidad and Tobago 2016;TTO16;40,94;0,00;0,81;0,33
780,00;Trinidad and Tobago;2017;780;Trinidad and Tobago;TTO;52,00;Trinidad and Tobago 2017;TTO17;37,70;0,00;0,76;0,30
780,00;Trinidad and Tobago;2018;780;Trinidad and Tobago;TTO;52,00;Trinidad and Tobago 2018;TTO18;32,39;0,00;0,64;0,27
780,00;Trinidad and Tobago;2019;780;Trinidad and Tobago;TTO;52,00;Trinidad and Tobago 2019;TTO19;33,29;0,00;0,68;0,26
780,00;Trinidad and Tobago;2020;780;Trinidad and Tobago;TTO;52,00;Trinidad and Tobago 2020;TTO20;36,92;0,00;0,74;0,30
780,00;Trinidad and Tobago;2021;780;Trinidad and Tobago;TTO;52,00;Trinidad and Tobago 2021;TTO21;38,88;0,00;0,77;0,32
780,00;Trinidad and Tobago;2022;780;Trinidad and Tobago;TTO;52,00;Trinidad and Tobago 2022;TTO22;35,02;0,00;0,66;0,32
780,00;Trinidad and Tobago;2023;780;Trinidad and Tobago;TTO;52,00;Trinidad and Tobago 2023;TTO23;38,66;0,00;0,76;0,32
784,00;United Arab Emirates (the);1997;784;United Arab Emirates;ARE;696,00;United Arab Emirates 1997;ARE97;296,38;2,83;3,24;1,16
784,00;United Arab Emirates (the);1998;784;United Arab Emirates;ARE;696,00;United Arab Emirates 1998;ARE98;295,06;2,59;3,52;1,09
784,00;United Arab Emirates (the);1999;784;United Arab Emirates;ARE;696,00;United Arab Emirates 1999;ARE99;285,20;2,55;3,38;1,03
784,00;United Arab Emirates (the);2000;784;United Arab Emirates;ARE;696,00;United Arab Emirates 2000;ARE00;289,30;2,61;3,59;1,64
784,00;United Arab Emirates (the);2001;784;United Arab Emirates;ARE;696,00;United Arab Emirates 2001;ARE01;262,69;2,61;2,96;1,56
784,00;United Arab Emirates (the);2002;784;United Arab Emirates;ARE;696,00;United Arab Emirates 2002;ARE02;234,75;2,59;2,71;1,08
784,00;United Arab Emirates (the);2003;784;United Arab Emirates;ARE;696,00;United Arab Emirates 2003;ARE03;237,35;2,58;2,67;1,19
784,00;United Arab Emirates (the);2004;784;United Arab Emirates;ARE;696,00;United Arab Emirates 2004;ARE04;243,59;2,77;2,68;1,16
784,00;United Arab Emirates (the);2005;784;United Arab Emirates;ARE;696,00;United Arab Emirates 2005;ARE05;230,97;2,73;2,40;1,14
784,00;United Arab Emirates (the);2006;784;United Arab Emirates;ARE;696,00;United Arab Emirates 2006;ARE06;219,13;2,65;2,23;1,06
784,00;United Arab Emirates (the);2007;784;United Arab Emirates;ARE;696,00;United Arab Emirates 2007;ARE07;209,22;2,54;2,21;0,94
784,00;United Arab Emirates (the);2008;784;United Arab Emirates;ARE;696,00;United Arab Emirates 2008;ARE08;203,03;2,42;2,29;0,81
784,00;United Arab Emirates (the);2009;784;United Arab Emirates;ARE;696,00;United Arab Emirates 2009;ARE09;212,15;2,35;2,66;0,75
784,00;United Arab Emirates (the);2010;784;United Arab Emirates;ARE;696,00;United Arab Emirates 2010;ARE10;216,06;2,31;2,83;0,73
784,00;United Arab Emirates (the);2011;784;United Arab Emirates;ARE;696,00;United Arab Emirates 2011;ARE11;211,31;2,31;2,71;0,72
784,00;United Arab Emirates (the);2012;784;United Arab Emirates;ARE;696,00;United Arab Emirates 2012;ARE12;210,33;2,35;2,66;0,70
784,00;United Arab Emirates (the);2013;784;United Arab Emirates;ARE;696,00;United Arab Emirates 2013;ARE13;222,84;2,51;2,88;0,67
784,00;United Arab Emirates (the);2014;784;United Arab Emirates;ARE;696,00;United Arab Emirates 2014;ARE14;221,49;2,49;2,78;0,75
784,00;United Arab Emirates (the);2015;784;United Arab Emirates;ARE;696,00;United Arab Emirates 2015;ARE15;220,51;2,48;2,79;0,72
784,00;United Arab Emirates (the);2016;784;United Arab Emirates;ARE;696,00;United Arab Emirates 2016;ARE16;217,17;2,47;2,73;0,70
784,00;United Arab Emirates (the);2017;784;United Arab Emirates;ARE;696,00;United Arab Emirates 2017;ARE17;216,06;2,46;2,71;0,69
788,00;Tunisia;1990;788;Tunisia;TUN;616,00;Tunisia 1990;TUN90;135,77;1,42;1,31;0,97
788,00;Tunisia;1991;788;Tunisia;TUN;616,00;Tunisia 1991;TUN91;134,13;1,42;1,31;0,93
788,00;Tunisia;1992;788;Tunisia;TUN;616,00;Tunisia 1992;TUN92;130,16;1,41;1,25;0,89
788,00;Tunisia;1993;788;Tunisia;TUN;616,00;Tunisia 1993;TUN93;131,74;1,34;1,27;0,98
788,00;Tunisia;1994;788;Tunisia;TUN;616,00;Tunisia 1994;TUN94;146,03;1,33;1,28;0,97
788,00;Tunisia;1995;788;Tunisia;TUN;616,00;Tunisia 1995;TUN95;129,66;1,33;1,27;0,94
788,00;Tunisia;1996;788;Tunisia;TUN;616,00;Tunisia 1996;TUN96;131,93;1,33;1,35;0,92
788,00;Tunisia;1997;788;Tunisia;TUN;616,00;Tunisia 1997;TUN97;125,01;1,32;1,29;0,80
788,00;Tunisia;1998;788;Tunisia;TUN;616,00;Tunisia 1998;TUN98;122,89;1,31;1,26;0,78
788,00;Tunisia;1999;788;Tunisia;TUN;616,00;Tunisia 1999;TUN99;119,76;1,31;1,19;0,77
788,00;Tunisia;2000;788;Tunisia;TUN;616,00;Tunisia 2000;TUN00;120,02;1,31;1,21;0,76
788,00;Tunisia;2001;788;Tunisia;TUN;616,00;Tunisia 2001;TUN01;118,74;1,30;1,19;0,75
788,00;Tunisia;2002;788;Tunisia;TUN;616,00;Tunisia 2002;TUN02;116,76;1,28;1,17;0,74
788,00;Tunisia;2003;788;Tunisia;TUN;616,00;Tunisia 2003;TUN03;115,94;1,28;1,16;0,73
788,00;Tunisia;2004;788;Tunisia;TUN;616,00;Tunisia 2004;TUN04;110,60;1,27;1,13;0,62
788,00;Tunisia;2005;788;Tunisia;TUN;616,00;Tunisia 2005;TUN05;113,42;1,26;1,15;0,70
788,00;Tunisia;2006;788;Tunisia;TUN;616,00;Tunisia 2006;TUN06;112,45;1,23;1,14;0,70
788,00;Tunisia;2007;788;Tunisia;TUN;616,00;Tunisia 2007;TUN07;107,50;1,23;1,04;0,68
788,00;Tunisia;2008;788;Tunisia;TUN;616,00;Tunisia 2008;TUN08;107,12;1,22;1,05;0,65
788,00;Tunisia;2009;788;Tunisia;TUN;616,00;Tunisia 2009;TUN09;106,65;1,22;1,05;0,65
788,00;Tunisia;2010;788;Tunisia;TUN;616,00;Tunisia 2010;TUN10;103,94;1,21;1,01;0,62
788,00;Tunisia;2011;788;Tunisia;TUN;616,00;Tunisia 2011;TUN11;108,14;1,20;1,13;0,62
788,00;Tunisia;2012;788;Tunisia;TUN;616,00;Tunisia 2012;TUN12;106,69;1,20;1,11;0,62
788,00;Tunisia;2013;788;Tunisia;TUN;616,00;Tunisia 2013;TUN13;108,50;1,19;1,16;0,62
788,00;Tunisia;2014;788;Tunisia;TUN;616,00;Tunisia 2014;TUN14;112,80;1,20;1,29;0,60
788,00;Tunisia;2015;788;Tunisia;TUN;616,00;Tunisia 2015;TUN15;118,44;1,20;1,44;0,59
788,00;Tunisia;2016;788;Tunisia;TUN;616,00;Tunisia 2016;TUN16;119,52;1,20;1,48;0,59
788,00;Tunisia;2017;788;Tunisia;TUN;616,00;Tunisia 2017;TUN17;115,98;1,19;1,40;0,58
788,00;Tunisia;2018;788;Tunisia;TUN;616,00;Tunisia 2018;TUN18;121,32;1,35;1,38;0,58
788,00;Tunisia;2019;788;Tunisia;TUN;616,00;Tunisia 2019;TUN19;126,38;1,32;1,55;0,58
788,00;Tunisia;2020;788;Tunisia;TUN;616,00;Tunisia 2020;TUN20;129,44;1,32;1,64;0,57
788,00;Tunisia;2021;788;Tunisia;TUN;616,00;Tunisia 2021;TUN21;128,29;1,31;1,62;0,57
788,00;Tunisia;2022;788;Tunisia;TUN;616,00;Tunisia 2022;TUN22;127,34;1,35;1,56;0,57
788,00;Tunisia;2023;788;Tunisia;TUN;616,00;Tunisia 2023;TUN23;124,00;1,35;1,51;0,19
792,00;Turkey;1990;792;Turkey;TUR;640,00;Turkey 1990;TUR90;221,30;2,00;1,58;1,52
792,00;Turkey;1991;792;Turkey;TUR;640,00;Turkey 1991;TUR91;270,95;2,02;3,92;1,40
792,00;Turkey;1992;792;Turkey;TUR;640,00;Turkey 1992;TUR92;241,40;2,05;3,15;1,36
792,00;Turkey;1993;792;Turkey;TUR;640,00;Turkey 1993;TUR93;223,83;2,02;2,83;1,23
792,00;Turkey;1994;792;Turkey;TUR;640,00;Turkey 1994;TUR94;218,53;2,05;2,67;1,21
792,00;Turkey;1995;792;Turkey;TUR;640,00;Turkey 1995;TUR95;212,29;2,06;2,45;1,26
792,00;Turkey;1996;792;Turkey;TUR;640,00;Turkey 1996;TUR96;216,19;2,03;2,45;1,39
792,00;Turkey;1997;792;Turkey;TUR;640,00;Turkey 1997;TUR97;212,26;1,99;2,40;1,37
792,00;Turkey;1998;792;Turkey;TUR;640,00;Turkey 1998;TUR98;196,88;1,97;2,03;1,35
792,00;Turkey;1999;792;Turkey;TUR;640,00;Turkey 1999;TUR99;201,33;1,96;2,16;1,35
792,00;Turkey;2000;792;Turkey;TUR;640,00;Turkey 2000;TUR00;195,65;1,91;2,10;1,31
792,00;Turkey;2001;792;Turkey;TUR;640,00;Turkey 2001;TUR01;184,41;1,90;2,06;1,06
792,00;Turkey;2002;792;Turkey;TUR;640,00;Turkey 2002;TUR02;185,38;1,89;2,11;1,04
792,00;Turkey;2003;792;Turkey;TUR;640,00;Turkey 2003;TUR03;178,65;1,88;1,95;1,03
792,00;Turkey;2004;792;Turkey;TUR;640,00;Turkey 2004;TUR04;171,41;1,91;1,73;1,02
792,00;Turkey;2005;792;Turkey;TUR;640,00;Turkey 2005;TUR05;167,35;1,93;1,62;1,00
792,00;Turkey;2006;792;Turkey;TUR;640,00;Turkey 2006;TUR06;165,21;1,93;1,58;0,99
792,00;Turkey;2007;792;Turkey;TUR;640,00;Turkey 2007;TUR07;161,95;1,92;1,52;0,97
792,00;Turkey;2008;792;Turkey;TUR;640,00;Turkey 2008;TUR08;160,84;1,91;1,51;0,96
792,00;Turkey;2009;792;Turkey;TUR;640,00;Turkey 2009;TUR09;164,55;1,92;1,62;0,94
792,00;Turkey;2010;792;Turkey;TUR;640,00;Turkey 2010;TUR10;161,13;1,91;1,55;0,92
792,00;Turkey;2011;792;Turkey;TUR;640,00;Turkey 2011;TUR11;157,49;1,91;1,46;0,91
792,00;Turkey;2012;792;Turkey;TUR;640,00;Turkey 2012;TUR12;156,92;1,91;1,46;0,90
792,00;Turkey;2013;792;Turkey;TUR;640,00;Turkey 2013;TUR13;154,84;1,90;1,43;0,89
792,00;Turkey;2014;792;Turkey;TUR;640,00;Turkey 2014;TUR14;153,91;1,91;1,40;0,88
792,00;Turkey;2015;792;Turkey;TUR;640,00;Turkey 2015;TUR15;156,04;1,90;1,39;0,96
792,00;Turkey;2016;792;Turkey;TUR;640,00;Turkey 2016;TUR16;152,62;1,91;1,49;0,75
792,00;Turkey;2017;792;Turkey;TUR;640,00;Turkey 2017;TUR17;152,11;1,90;1,50;0,74
792,00;Turkey;2018;792;Turkey;TUR;640,00;Turkey 2018;TUR18;161,00;1,93;1,72;0,73
792,00;Turkey;2019;792;Turkey;TUR;640,00;Turkey 2019;TUR19;163,46;1,96;1,77;0,72
792,00;Turkey;2020;792;Turkey;TUR;640,00;Turkey 2020;TUR20;159,03;1,98;1,64;0,70
792,00;Turkey;2021;792;Turkey;TUR;640,00;Turkey 2021;TUR21;150,01;1,98;1,40;0,70
792,00;Turkey;2022;792;Turkey;TUR;640,00;Turkey 2022;TUR22;133,86;1,94;1,01;0,70
792,00;Turkey;2023;792;Turkey;TUR;640,00;Turkey 2023;TUR23;140,64;1,94;1,20;0,70
795,00;Turkmenistan;1994;795;Turkmenistan;TKM;701,00;Turkmenistan 1994;TKM94;211,54;2,79;1,47;0,34
795,00;Turkmenistan;1995;795;Turkmenistan;TKM;701,00;Turkmenistan 1995;TKM95;187,11;2,73;1,72;0,13
795,00;Turkmenistan;1996;795;Turkmenistan;TKM;701,00;Turkmenistan 1996;TKM96;182,98;2,71;1,58;0,19
795,00;Turkmenistan;1997;795;Turkmenistan;TKM;701,00;Turkmenistan 1997;TKM97;209,13;2,76;2,17;0,18
795,00;Turkmenistan;1998;795;Turkmenistan;TKM;701,00;Turkmenistan 1998;TKM98;189,31;2,56;1,88;0,19
795,00;Turkmenistan;1999;795;Turkmenistan;TKM;701,00;Turkmenistan 1999;TKM99;188,80;2,54;1,89;0,19
795,00;Turkmenistan;2000;795;Turkmenistan;TKM;701,00;Turkmenistan 2000;TKM00;179,31;2,58;1,87;0,42
795,00;Turkmenistan;2001;795;Turkmenistan;TKM;701,00;Turkmenistan 2001;TKM01;176,72;2,57;1,82;0,42
795,00;Turkmenistan;2002;795;Turkmenistan;TKM;701,00;Turkmenistan 2002;TKM02;173,59;2,56;1,87;0,30
800,00;Uganda;1990;800;Uganda;UGA;500,00;Uganda 1990;UGA90;88,14;0,14;1,84;0,20
800,00;Uganda;1991;800;Uganda;UGA;500,00;Uganda 1991;UGA91;80,69;0,15;1,65;0,19
800,00;Uganda;1992;800;Uganda;UGA;500,00;Uganda 1992;UGA92;63,65;0,14;1,26;0,19
800,00;Uganda;1993;800;Uganda;UGA;500,00;Uganda 1993;UGA93;71,70;0,24;1,39;0,15
800,00;Uganda;1994;800;Uganda;UGA;500,00;Uganda 1994;UGA94;81,95;0,26;1,42;0,12
800,00;Uganda;1995;800;Uganda;UGA;500,00;Uganda 1995;UGA95;73,44;0,25;1,45;0,12
800,00;Uganda;1996;800;Uganda;UGA;500,00;Uganda 1996;UGA96;75,08;0,25;1,50;0,12
800,00;Uganda;1997;800;Uganda;UGA;500,00;Uganda 1997;UGA97;77,24;0,36;1,46;0,09
800,00;Uganda;1998;800;Uganda;UGA;500,00;Uganda 1998;UGA98;79,14;0,32;1,57;0,07
800,00;Uganda;1999;800;Uganda;UGA;500,00;Uganda 1999;UGA99;96,27;0,39;1,66;0,07
800,00;Uganda;2000;800;Uganda;UGA;500,00;Uganda 2000;UGA00;77,17;0,49;1,31;0,11
800,00;Uganda;2001;800;Uganda;UGA;500,00;Uganda 2001;UGA01;76,63;0,52;1,27;0,10
800,00;Uganda;2002;800;Uganda;UGA;500,00;Uganda 2002;UGA02;75,79;0,52;1,26;0,10
800,00;Uganda;2003;800;Uganda;UGA;500,00;Uganda 2003;UGA03;81,63;0,59;1,31;0,12
800,00;Uganda;2004;800;Uganda;UGA;500,00;Uganda 2004;UGA04;106,16;0,71;1,33;0,86
800,00;Uganda;2005;800;Uganda;UGA;500,00;Uganda 2005;UGA05;99,97;0,70;1,25;0,79
800,00;Uganda;2006;800;Uganda;UGA;500,00;Uganda 2006;UGA06;95,13;0,68;1,13;0,79
800,00;Uganda;2007;800;Uganda;UGA;500,00;Uganda 2007;UGA07;92,76;0,67;1,09;0,79
800,00;Uganda;2008;800;Uganda;UGA;500,00;Uganda 2008;UGA08;91,86;0,65;1,08;0,79
800,00;Uganda;2009;800;Uganda;UGA;500,00;Uganda 2009;UGA09;94,46;0,69;1,11;0,79
800,00;Uganda;2010;800;Uganda;UGA;500,00;Uganda 2010;UGA10;111,62;0,71;1,56;0,78
800,00;Uganda;2011;800;Uganda;UGA;500,00;Uganda 2011;UGA11;96,03;0,71;1,59;0,07
800,00;Uganda;2012;800;Uganda;UGA;500,00;Uganda 2012;UGA12;88,38;0,69;0,95;0,78
800,00;Uganda;2013;800;Uganda;UGA;500,00;Uganda 2013;UGA13;93,01;0,71;1,06;0,78
800,00;Uganda;2014;800;Uganda;UGA;500,00;Uganda 2014;UGA14;83,19;0,72;0,79;0,78
800,00;Uganda;2015;800;Uganda;UGA;500,00;Uganda 2015;UGA15;86,34;0,71;0,90;0,76
800,00;Uganda;2016;800;Uganda;UGA;500,00;Uganda 2016;UGA16;86,09;0,71;0,91;0,75
800,00;Uganda;2017;800;Uganda;UGA;500,00;Uganda 2017;UGA17;82,63;0,69;0,98;0,60
800,00;Uganda;2018;800;Uganda;UGA;500,00;Uganda 2018;UGA18;78,27;0,69;1,06;0,40
800,00;Uganda;2019;800;Uganda;UGA;500,00;Uganda 2019;UGA19;89,09;0,67;1,37;0,40
800,00;Uganda;2020;800;Uganda;UGA;500,00;Uganda 2020;UGA20;111,31;0,67;1,79;0,59
800,00;Uganda;2021;800;Uganda;UGA;500,00;Uganda 2021;UGA21;109,87;0,69;1,73;0,59
800,00;Uganda;2022;800;Uganda;UGA;500,00;Uganda 2022;UGA22;99,71;0,68;1,46;0,58
800,00;Uganda;2023;800;Uganda;UGA;500,00;Uganda 2023;UGA23;98,47;0,68;1,44;0,58
804,00;Ukraine;1993;804;Ukraine;UKR;369,00;Ukraine 1993;UKR93;138,62;2,35;0,42;0,63
804,00;Ukraine;1994;804;Ukraine;UKR;369,00;Ukraine 1994;UKR94;185,69;2,32;1,52;0,70
804,00;Ukraine;1995;804;Ukraine;UKR;369,00;Ukraine 1995;UKR95;185,72;2,27;1,65;0,62
804,00;Ukraine;1996;804;Ukraine;UKR;369,00;Ukraine 1996;UKR96;188,55;2,23;1,81;0,57
804,00;Ukraine;1997;804;Ukraine;UKR;369,00;Ukraine 1997;UKR97;196,45;2,18;2,06;0,56
804,00;Ukraine;1998;804;Ukraine;UKR;369,00;Ukraine 1998;UKR98;186,65;2,13;1,85;0,59
804,00;Ukraine;1999;804;Ukraine;UKR;369,00;Ukraine 1999;UKR99;181,51;2,13;1,75;0,56
804,00;Ukraine;2000;804;Ukraine;UKR;369,00;Ukraine 2000;UKR00;185,09;2,12;2,00;0,91
804,00;Ukraine;2001;804;Ukraine;UKR;369,00;Ukraine 2001;UKR01;172,19;2,05;1,72;0,92
804,00;Ukraine;2002;804;Ukraine;UKR;369,00;Ukraine 2002;UKR02;164,46;2,04;1,67;0,76
804,00;Ukraine;2003;804;Ukraine;UKR;369,00;Ukraine 2003;UKR03;164,33;2,04;1,67;0,76
804,00;Ukraine;2004;804;Ukraine;UKR;369,00;Ukraine 2004;UKR04;167,31;2,23;1,60;0,72
804,00;Ukraine;2005;804;Ukraine;UKR;369,00;Ukraine 2005;UKR05;182,09;2,53;1,70;0,73
804,00;Ukraine;2006;804;Ukraine;UKR;369,00;Ukraine 2006;UKR06;181,79;2,53;1,69;0,73
804,00;Ukraine;2007;804;Ukraine;UKR;369,00;Ukraine 2007;UKR07;165,80;2,14;1,74;0,63
804,00;Ukraine;2008;804;Ukraine;UKR;369,00;Ukraine 2008;UKR08;164,60;2,16;1,69;0,63
804,00;Ukraine;2009;804;Ukraine;UKR;369,00;Ukraine 2009;UKR09;164,70;2,16;1,71;0,62
804,00;Ukraine;2010;804;Ukraine;UKR;369,00;Ukraine 2010;UKR10;163,28;2,16;1,66;0,62
804,00;Ukraine;2011;804;Ukraine;UKR;369,00;Ukraine 2011;UKR11;156,45;2,16;1,47;0,62
804,00;Ukraine;2012;804;Ukraine;UKR;369,00;Ukraine 2012;UKR12;157,14;2,15;1,50;0,62
804,00;Ukraine;2013;804;Ukraine;UKR;369,00;Ukraine 2013;UKR13;149,35;1,92;1,53;0,62
804,00;Ukraine;2014;804;Ukraine;UKR;369,00;Ukraine 2014;UKR14;153,07;1,80;1,73;0,63
804,00;Ukraine;2015;804;Ukraine;UKR;369,00;Ukraine 2015;UKR15;167,90;1,82;1,99;0,77
804,00;Ukraine;2016;804;Ukraine;UKR;369,00;Ukraine 2016;UKR16;165,38;1,78;1,94;0,77
804,00;Ukraine;2017;804;Ukraine;UKR;369,00;Ukraine 2017;UKR17;160,73;1,79;1,81;0,78
804,00;Ukraine;2018;804;Ukraine;UKR;369,00;Ukraine 2018;UKR18;165,35;1,78;1,93;0,79
804,00;Ukraine;2019;804;Ukraine;UKR;369,00;Ukraine 2019;UKR19;170,84;1,78;2,08;0,79
804,00;Ukraine;2020;804;Ukraine;UKR;369,00;Ukraine 2020;UKR20;183,24;1,84;2,15;0,50
804,00;Ukraine;2021;804;Ukraine;UKR;369,00;Ukraine 2021;UKR21;171,22;1,85;1,85;0,49
804,00;Ukraine;2022;804;Ukraine;UKR;369,00;Ukraine 2022;UKR22;315,53;1,75;4,65;1,29
804,00;Ukraine;2023;804;Ukraine;UKR;369,00;Ukraine 2023;UKR23;351,09;1,85;5,23;1,48
818,00;Egypt;1990;818;Egypt;EGY;651,00;Egypt 1990;EGY90;217,16;1,87;2,64;0,79
818,00;Egypt;1991;818;Egypt;EGY;651,00;Egypt 1991;EGY91;211,28;1,89;2,53;0,75
818,00;Egypt;1992;818;Egypt;EGY;651,00;Egypt 1992;EGY92;197,59;1,86;2,25;0,72
818,00;Egypt;1993;818;Egypt;EGY;651,00;Egypt 1993;EGY93;192,21;1,90;2,12;0,69
818,00;Egypt;1994;818;Egypt;EGY;651,00;Egypt 1994;EGY94;189,17;1,88;2,07;0,67
818,00;Egypt;1995;818;Egypt;EGY;651,00;Egypt 1995;EGY95;181,44;1,95;1,99;0,50
818,00;Egypt;1996;818;Egypt;EGY;651,00;Egypt 1996;EGY96;178,68;1,92;1,92;0,54
818,00;Egypt;1997;818;Egypt;EGY;651,00;Egypt 1997;EGY97;174,01;1,92;1,81;0,53
818,00;Egypt;1998;818;Egypt;EGY;651,00;Egypt 1998;EGY98;169,09;1,90;1,72;0,52
818,00;Egypt;1999;818;Egypt;EGY;651,00;Egypt 1999;EGY99;166,77;1,91;1,66;0,51
818,00;Egypt;2000;818;Egypt;EGY;651,00;Egypt 2000;EGY00;166,45;1,90;1,67;0,50
818,00;Egypt;2001;818;Egypt;EGY;651,00;Egypt 2001;EGY01;174,07;1,90;1,81;0,55
818,00;Egypt;2002;818;Egypt;EGY;651,00;Egypt 2002;EGY02;177,16;1,89;1,91;0,54
818,00;Egypt;2003;818;Egypt;EGY;651,00;Egypt 2003;EGY03;189,14;1,90;1,89;1,35
818,00;Egypt;2004;818;Egypt;EGY;651,00;Egypt 2004;EGY04;184,98;1,88;1,81;1,34
818,00;Egypt;2005;818;Egypt;EGY;651,00;Egypt 2005;EGY05;182,96;1,88;1,74;1,36
818,00;Egypt;2006;818;Egypt;EGY;651,00;Egypt 2006;EGY06;180,61;1,87;1,70;1,35
818,00;Egypt;2007;818;Egypt;EGY;651,00;Egypt 2007;EGY07;178,28;1,82;1,63;1,40
818,00;Egypt;2008;818;Egypt;EGY;651,00;Egypt 2008;EGY08;174,01;1,81;1,54;1,39
818,00;Egypt;2009;818;Egypt;EGY;651,00;Egypt 2009;EGY09;156,24;1,81;1,48;0,54
818,00;Egypt;2010;818;Egypt;EGY;651,00;Egypt 2010;EGY10;154,41;1,80;1,45;0,53
818,00;Egypt;2011;818;Egypt;EGY;651,00;Egypt 2011;EGY11;149,02;1,77;1,38;0,50
818,00;Egypt;2012;818;Egypt;EGY;651,00;Egypt 2012;EGY12;143,62;1,75;1,28;0,49
818,00;Egypt;2013;818;Egypt;EGY;651,00;Egypt 2013;EGY13;141,25;1,73;1,25;0,48
818,00;Egypt;2014;818;Egypt;EGY;651,00;Egypt 2014;EGY14;152,93;1,74;1,29;1,14
818,00;Egypt;2015;818;Egypt;EGY;651,00;Egypt 2015;EGY15;152,24;1,74;1,29;1,11
818,00;Egypt;2016;818;Egypt;EGY;651,00;Egypt 2016;EGY16;151,21;1,76;1,26;1,10
818,00;Egypt;2017;818;Egypt;EGY;651,00;Egypt 2017;EGY17;145,25;1,74;1,12;1,09
818,00;Egypt;2018;818;Egypt;EGY;651,00;Egypt 2018;EGY18;139,74;1,68;1,04;1,09
818,00;Egypt;2019;818;Egypt;EGY;651,00;Egypt 2019;EGY19;140,08;1,73;1,01;1,08
818,00;Egypt;2020;818;Egypt;EGY;651,00;Egypt 2020;EGY20;138,83;1,72;0,99;1,08
818,00;Egypt;2021;818;Egypt;EGY;651,00;Egypt 2021;EGY21;137,46;1,71;0,97;1,07
818,00;Egypt;2022;818;Egypt;EGY;651,00;Egypt 2022;EGY22;135,21;1,70;0,92;1,06
818,00;Egypt;2023;818;Egypt;EGY;651,00;Egypt 2023;EGY23;130,08;1,69;0,80;1,06
826,00;United Kingdom of Great Britain and Northern Ireland (the);1990;826;United Kingdom;GBR;200,00;United Kingdom 1990;GBR90;167,48;1,79;2,08;0,69
826,00;United Kingdom of Great Britain and Northern Ireland (the);1991;826;United Kingdom;GBR;200,00;United Kingdom 1991;GBR91;167,77;1,77;2,11;0,68
826,00;United Kingdom of Great Britain and Northern Ireland (the);1992;826;United Kingdom;GBR;200,00;United Kingdom 1992;GBR92;164,66;1,77;2,04;0,67
826,00;United Kingdom of Great Britain and Northern Ireland (the);1993;826;United Kingdom;GBR;200,00;United Kingdom 1993;GBR93;160,71;1,78;1,96;0,64
826,00;United Kingdom of Great Britain and Northern Ireland (the);1994;826;United Kingdom;GBR;200,00;United Kingdom 1994;GBR94;155,00;1,73;1,89;0,60
826,00;United Kingdom of Great Britain and Northern Ireland (the);1995;826;United Kingdom;GBR;200,00;United Kingdom 1995;GBR95;144,09;1,66;1,71;0,56
826,00;United Kingdom of Great Britain and Northern Ireland (the);1996;826;United Kingdom;GBR;200,00;United Kingdom 1996;GBR96;137,78;1,55;1,66;0,55
826,00;United Kingdom of Great Britain and Northern Ireland (the);1997;826;United Kingdom;GBR;200,00;United Kingdom 1997;GBR97;136,66;1,60;1,61;0,52
826,00;United Kingdom of Great Britain and Northern Ireland (the);1998;826;United Kingdom;GBR;200,00;United Kingdom 1998;GBR98;134,94;1,59;1,58;0,51
826,00;United Kingdom of Great Britain and Northern Ireland (the);1999;826;United Kingdom;GBR;200,00;United Kingdom 1999;GBR99;133,16;1,58;1,54;0,51
826,00;United Kingdom of Great Britain and Northern Ireland (the);2000;826;United Kingdom;GBR;200,00;United Kingdom 2000;GBR00;133,44;1,64;1,51;0,49
826,00;United Kingdom of Great Britain and Northern Ireland (the);2001;826;United Kingdom;GBR;200,00;United Kingdom 2001;GBR01;128,94;1,52;1,52;0,48
826,00;United Kingdom of Great Britain and Northern Ireland (the);2002;826;United Kingdom;GBR;200,00;United Kingdom 2002;GBR02;128,48;1,50;1,54;0,47
826,00;United Kingdom of Great Britain and Northern Ireland (the);2003;826;United Kingdom;GBR;200,00;United Kingdom 2003;GBR03;128,12;1,48;1,56;0,47
826,00;United Kingdom of Great Britain and Northern Ireland (the);2004;826;United Kingdom;GBR;200,00;United Kingdom 2004;GBR04;127,17;1,50;1,53;0,45
826,00;United Kingdom of Great Britain and Northern Ireland (the);2005;826;United Kingdom;GBR;200,00;United Kingdom 2005;GBR05;124,65;1,47;1,50;0,44
826,00;United Kingdom of Great Britain and Northern Ireland (the);2006;826;United Kingdom;GBR;200,00;United Kingdom 2006;GBR06;121,98;1,46;1,47;0,40
826,00;United Kingdom of Great Britain and Northern Ireland (the);2007;826;United Kingdom;GBR;200,00;United Kingdom 2007;GBR07;122,50;1,49;1,48;0,38
826,00;United Kingdom of Great Britain and Northern Ireland (the);2008;826;United Kingdom;GBR;200,00;United Kingdom 2008;GBR08;122,21;1,49;1,51;0,34
826,00;United Kingdom of Great Britain and Northern Ireland (the);2009;826;United Kingdom;GBR;200,00;United Kingdom 2009;GBR09;123,90;1,48;1,55;0,36
826,00;United Kingdom of Great Britain and Northern Ireland (the);2010;826;United Kingdom;GBR;200,00;United Kingdom 2010;GBR10;117,19;1,34;1,52;0,34
826,00;United Kingdom of Great Britain and Northern Ireland (the);2011;826;United Kingdom;GBR;200,00;United Kingdom 2011;GBR11;111,98;1,23;1,50;0,33
826,00;United Kingdom of Great Britain and Northern Ireland (the);2012;826;United Kingdom;GBR;200,00;United Kingdom 2012;GBR12;111,71;1,27;1,47;0,32
826,00;United Kingdom of Great Britain and Northern Ireland (the);2013;826;United Kingdom;GBR;200,00;United Kingdom 2013;GBR13;110,90;1,29;1,42;0,32
826,00;United Kingdom of Great Britain and Northern Ireland (the);2014;826;United Kingdom;GBR;200,00;United Kingdom 2014;GBR14;108,36;1,28;1,38;0,30
826,00;United Kingdom of Great Britain and Northern Ireland (the);2015;826;United Kingdom;GBR;200,00;United Kingdom 2015;GBR15;105,75;1,28;1,33;0,29
826,00;United Kingdom of Great Britain and Northern Ireland (the);2016;826;United Kingdom;GBR;200,00;United Kingdom 2016;GBR16;106,98;1,34;1,30;0,28
826,00;United Kingdom of Great Britain and Northern Ireland (the);2017;826;United Kingdom;GBR;200,00;United Kingdom 2017;GBR17;106,14;1,34;1,29;0,28
826,00;United Kingdom of Great Britain and Northern Ireland (the);2018;826;United Kingdom;GBR;200,00;United Kingdom 2018;GBR18;105,75;1,34;1,28;0,27
826,00;United Kingdom of Great Britain and Northern Ireland (the);2019;826;United Kingdom;GBR;200,00;United Kingdom 2019;GBR19;101,84;1,22;1,30;0,27
826,00;United Kingdom of Great Britain and Northern Ireland (the);2020;826;United Kingdom;GBR;200,00;United Kingdom 2020;GBR20;103,11;1,22;1,34;0,26
826,00;United Kingdom of Great Britain and Northern Ireland (the);2021;826;United Kingdom;GBR;200,00;United Kingdom 2021;GBR21;101,99;1,22;1,30;0,26
826,00;United Kingdom of Great Britain and Northern Ireland (the);2022;826;United Kingdom;GBR;200,00;United Kingdom 2022;GBR22;103,93;1,27;1,32;0,26
826,00;United Kingdom of Great Britain and Northern Ireland (the);2023;826;United Kingdom;GBR;200,00;United Kingdom 2023;GBR23;106,04;1,26;1,39;0,25
834,00;Tanzania, the United Republic of;1990;834;Tanzania;TZA;510,00;Tanzania 1990;TZA90;98,69;0,78;1,56;0,09
834,00;Tanzania, the United Republic of;1991;834;Tanzania;TZA;510,00;Tanzania 1991;TZA91;101,19;0,77;1,63;0,09
834,00;Tanzania, the United Republic of;1992;834;Tanzania;TZA;510,00;Tanzania 1992;TZA92;100,59;0,78;1,61;0,09
834,00;Tanzania, the United Republic of;1993;834;Tanzania;TZA;510,00;Tanzania 1993;TZA93;85,37;0,79;1,21;0,11
834,00;Tanzania, the United Republic of;1994;834;Tanzania;TZA;510,00;Tanzania 1994;TZA94;82,99;0,78;1,17;0,11
834,00;Tanzania, the United Republic of;1995;834;Tanzania;TZA;510,00;Tanzania 1995;TZA95;89,66;0,76;1,37;0,08
834,00;Tanzania, the United Republic of;1996;834;Tanzania;TZA;510,00;Tanzania 1996;TZA96;88,49;0,76;1,35;0,08
834,00;Tanzania, the United Republic of;1997;834;Tanzania;TZA;510,00;Tanzania 1997;TZA97;87,30;0,74;1,35;0,08
834,00;Tanzania, the United Republic of;1998;834;Tanzania;TZA;510,00;Tanzania 1998;TZA98;85,66;0,64;1,41;0,07
834,00;Tanzania, the United Republic of;1999;834;Tanzania;TZA;510,00;Tanzania 1999;TZA99;81,63;0,63;1,32;0,07
834,00;Tanzania, the United Republic of;2000;834;Tanzania;TZA;510,00;Tanzania 2000;TZA00;78,28;0,61;1,25;0,07
834,00;Tanzania, the United Republic of;2001;834;Tanzania;TZA;510,00;Tanzania 2001;TZA01;70,21;0,50;1,18;0,06
834,00;Tanzania, the United Republic of;2002;834;Tanzania;TZA;510,00;Tanzania 2002;TZA02;92,31;0,46;1,08;0,99
834,00;Tanzania, the United Republic of;2003;834;Tanzania;TZA;510,00;Tanzania 2003;TZA03;85,61;0,44;0,92;0,99
834,00;Tanzania, the United Republic of;2004;834;Tanzania;TZA;510,00;Tanzania 2004;TZA04;82,99;0,43;0,86;0,99
834,00;Tanzania, the United Republic of;2005;834;Tanzania;TZA;510,00;Tanzania 2005;TZA05;77,11;0,40;0,73;0,99
834,00;Tanzania, the United Republic of;2006;834;Tanzania;TZA;510,00;Tanzania 2006;TZA06;75,35;0,39;0,69;0,99
834,00;Tanzania, the United Republic of;2007;834;Tanzania;TZA;510,00;Tanzania 2007;TZA07;74,36;0,38;0,68;0,98
834,00;Tanzania, the United Republic of;2008;834;Tanzania;TZA;510,00;Tanzania 2008;TZA08;42,73;0,38;0,65;0,05
834,00;Tanzania, the United Republic of;2009;834;Tanzania;TZA;510,00;Tanzania 2009;TZA09;44,95;0,38;0,71;0,05
834,00;Tanzania, the United Republic of;2010;834;Tanzania;TZA;510,00;Tanzania 2010;TZA10;48,53;0,37;0,80;0,04
834,00;Tanzania, the United Republic of;2011;834;Tanzania;TZA;510,00;Tanzania 2011;TZA11;49,79;0,39;0,81;0,04
834,00;Tanzania, the United Republic of;2012;834;Tanzania;TZA;510,00;Tanzania 2012;TZA12;73,91;0,38;0,82;0,83
834,00;Tanzania, the United Republic of;2013;834;Tanzania;TZA;510,00;Tanzania 2013;TZA13;75,30;0,37;0,87;0,83
834,00;Tanzania, the United Republic of;2014;834;Tanzania;TZA;510,00;Tanzania 2014;TZA14;70,56;0,37;0,92;0,66
834,00;Tanzania, the United Republic of;2015;834;Tanzania;TZA;510,00;Tanzania 2015;TZA15;71,52;0,33;0,99;0,66
834,00;Tanzania, the United Republic of;2016;834;Tanzania;TZA;510,00;Tanzania 2016;TZA16;70,63;0,32;0,98;0,65
834,00;Tanzania, the United Republic of;2017;834;Tanzania;TZA;510,00;Tanzania 2017;TZA17;69,16;0,31;0,95;0,65
834,00;Tanzania, the United Republic of;2018;834;Tanzania;TZA;510,00;Tanzania 2018;TZA18;70,19;0,30;0,97;0,66
834,00;Tanzania, the United Republic of;2019;834;Tanzania;TZA;510,00;Tanzania 2019;TZA19;69,38;0,29;0,96;0,66
834,00;Tanzania, the United Republic of;2020;834;Tanzania;TZA;510,00;Tanzania 2020;TZA20;71,52;0,29;1,02;0,66
834,00;Tanzania, the United Republic of;2021;834;Tanzania;TZA;510,00;Tanzania 2021;TZA21;71,29;0,28;1,03;0,66
834,00;Tanzania, the United Republic of;2022;834;Tanzania;TZA;510,00;Tanzania 2022;TZA22;71,44;0,27;1,04;0,66
834,00;Tanzania, the United Republic of;2023;834;Tanzania;TZA;510,00;Tanzania 2023;TZA23;71,51;0,27;1,05;0,66
840,00;United States of America (the);1990;840;United States;USA;2,00;United States 1990;USA90;200,67;2,26;2,27;0,92
840,00;United States of America (the);1991;840;United States;USA;2,00;United States 1991;USA91;198,45;2,26;2,12;0,48
840,00;United States of America (the);1992;840;United States;USA;2,00;United States 1992;USA92;196,52;2,22;2,14;0,45
840,00;United States of America (the);1993;840;United States;USA;2,00;United States 1993;USA93;192,49;2,24;2,06;0,41
840,00;United States of America (the);1994;840;United States;USA;2,00;United States 1994;USA94;186,51;2,21;1,96;0,39
840,00;United States of America (the);1995;840;United States;USA;2,00;United States 1995;USA95;173,04;2,14;1,87;0,69
840,00;United States of America (the);1996;840;United States;USA;2,00;United States 1996;USA96;167,86;2,11;1,79;0,67
840,00;United States of America (the);1997;840;United States;USA;2,00;United States 1997;USA97;161,76;2,01;1,75;0,65
840,00;United States of America (the);1998;840;United States;USA;2,00;United States 1998;USA98;153,30;1,88;1,69;0,61
840,00;United States of America (the);1999;840;United States;USA;2,00;United States 1999;USA99;151,37;1,87;1,65;0,61
840,00;United States of America (the);2000;840;United States;USA;2,00;United States 2000;USA00;149,18;1,82;1,67;0,58
840,00;United States of America (the);2001;840;United States;USA;2,00;United States 2001;USA01;148,38;1,81;1,66;0,57
840,00;United States of America (the);2002;840;United States;USA;2,00;United States 2002;USA02;151,04;1,78;1,75;0,59
840,00;United States of America (the);2003;840;United States;USA;2,00;United States 2003;USA03;153,77;1,76;1,84;0,59
840,00;United States of America (the);2004;840;United States;USA;2,00;United States 2004;USA04;158,96;1,87;1,89;0,57
840,00;United States of America (the);2005;840;United States;USA;2,00;United States 2005;USA05;157,95;1,83;1,91;0,56
840,00;United States of America (the);2006;840;United States;USA;2,00;United States 2006;USA06;157,77;1,85;1,90;0,56
840,00;United States of America (the);2007;840;United States;USA;2,00;United States 2007;USA07;159,50;1,89;1,90;0,55
840,00;United States of America (the);2008;840;United States;USA;2,00;United States 2008;USA08;167,00;2,00;1,99;0,56
840,00;United States of America (the);2009;840;United States;USA;2,00;United States 2009;USA09;164,64;1,84;2,07;0,57
840,00;United States of America (the);2010;840;United States;USA;2,00;United States 2010;USA10;172,73;1,88;2,08;0,27
840,00;United States of America (the);2011;840;United States;USA;2,00;United States 2011;USA11;171,07;1,86;2,06;0,27
840,00;United States of America (the);2012;840;United States;USA;2,00;United States 2012;USA12;174,40;2,03;1,98;0,26
840,00;United States of America (the);2013;840;United States;USA;2,00;United States 2013;USA13;169,91;2,03;1,88;0,25
840,00;United States of America (the);2014;840;United States;USA;2,00;United States 2014;USA14;165,25;2,02;1,79;0,24
840,00;United States of America (the);2015;840;United States;USA;2,00;United States 2015;USA15;157,64;1,90;1,73;0,23
840,00;United States of America (the);2016;840;United States;USA;2,00;United States 2016;USA16;157,17;1,92;1,71;0,23
840,00;United States of America (the);2017;840;United States;USA;2,00;United States 2017;USA17;155,73;1,92;1,68;0,23
840,00;United States of America (the);2018;840;United States;USA;2,00;United States 2018;USA18;149,42;1,92;1,68;0,48
840,00;United States of America (the);2019;840;United States;USA;2,00;United States 2019;USA19;149,41;1,93;1,71;0,43
840,00;United States of America (the);2020;840;United States;USA;2,00;United States 2020;USA20;154,41;2,02;1,76;0,43
840,00;United States of America (the);2021;840;United States;USA;2,00;United States 2021;USA21;154,23;2,06;1,71;0,43
840,00;United States of America (the);2022;840;United States;USA;2,00;United States 2022;USA22;153,68;2,07;1,69;0,42
840,00;United States of America (the);2023;840;United States;USA;2,00;United States 2023;USA23;153,29;2,07;1,70;0,41
854,00;Burkina Faso;1990;854;Burkina Faso;BFA;439,00;Burkina Faso 1990;BFA90;96,67;0,58;1,76;0,05
854,00;Burkina Faso;1991;854;Burkina Faso;BFA;439,00;Burkina Faso 1991;BFA91;86,60;0,57;1,53;0,05
854,00;Burkina Faso;1992;854;Burkina Faso;BFA;439,00;Burkina Faso 1992;BFA92;83,75;0,56;1,47;0,05
854,00;Burkina Faso;1993;854;Burkina Faso;BFA;439,00;Burkina Faso 1993;BFA93;79,45;0,55;1,37;0,05
854,00;Burkina Faso;1994;854;Burkina Faso;BFA;439,00;Burkina Faso 1994;BFA94;77,36;0,51;1,14;0,05
854,00;Burkina Faso;1995;854;Burkina Faso;BFA;439,00;Burkina Faso 1995;BFA95;67,95;0,52;1,12;0,05
854,00;Burkina Faso;1996;854;Burkina Faso;BFA;439,00;Burkina Faso 1996;BFA96;64,27;0,50;1,05;0,05
854,00;Burkina Faso;1997;854;Burkina Faso;BFA;439,00;Burkina Faso 1997;BFA97;66,94;0,49;1,13;0,05
854,00;Burkina Faso;1998;854;Burkina Faso;BFA;439,00;Burkina Faso 1998;BFA98;62,99;0,48;1,04;0,05
854,00;Burkina Faso;1999;854;Burkina Faso;BFA;439,00;Burkina Faso 1999;BFA99;73,44;0,47;1,10;0,04
854,00;Burkina Faso;2000;854;Burkina Faso;BFA;439,00;Burkina Faso 2000;BFA00;65,89;0,46;1,14;0,04
854,00;Burkina Faso;2001;854;Burkina Faso;BFA;439,00;Burkina Faso 2001;BFA01;63,79;0,46;1,08;0,04
854,00;Burkina Faso;2002;854;Burkina Faso;BFA;439,00;Burkina Faso 2002;BFA02;63,25;0,44;1,09;0,04
854,00;Burkina Faso;2003;854;Burkina Faso;BFA;439,00;Burkina Faso 2003;BFA03;48,51;0,17;1,01;0,04
854,00;Burkina Faso;2004;854;Burkina Faso;BFA;439,00;Burkina Faso 2004;BFA04;71,83;0,16;1,04;0,78
854,00;Burkina Faso;2005;854;Burkina Faso;BFA;439,00;Burkina Faso 2005;BFA05;71,96;0,16;1,05;0,78
854,00;Burkina Faso;2006;854;Burkina Faso;BFA;439,00;Burkina Faso 2006;BFA06;68,69;0,15;0,96;0,78
854,00;Burkina Faso;2007;854;Burkina Faso;BFA;439,00;Burkina Faso 2007;BFA07;74,82;0,16;1,12;0,78
854,00;Burkina Faso;2008;854;Burkina Faso;BFA;439,00;Burkina Faso 2008;BFA08;75,22;0,15;1,04;0,88
854,00;Burkina Faso;2009;854;Burkina Faso;BFA;439,00;Burkina Faso 2009;BFA09;73,26;0,13;1,09;0,80
854,00;Burkina Faso;2010;854;Burkina Faso;BFA;439,00;Burkina Faso 2010;BFA10;69,63;0,13;1,01;0,78
854,00;Burkina Faso;2011;854;Burkina Faso;BFA;439,00;Burkina Faso 2011;BFA11;70,04;0,13;0,99;0,82
854,00;Burkina Faso;2012;854;Burkina Faso;BFA;439,00;Burkina Faso 2012;BFA12;68,69;0,14;1,00;0,76
854,00;Burkina Faso;2013;854;Burkina Faso;BFA;439,00;Burkina Faso 2013;BFA13;69,14;0,15;1,01;0,75
854,00;Burkina Faso;2014;854;Burkina Faso;BFA;439,00;Burkina Faso 2014;BFA14;70,68;0,17;1,05;0,73
854,00;Burkina Faso;2015;854;Burkina Faso;BFA;439,00;Burkina Faso 2015;BFA15;69,23;0,23;1,03;0,65
854,00;Burkina Faso;2016;854;Burkina Faso;BFA;439,00;Burkina Faso 2016;BFA16;66,17;0,22;0,96;0,65
854,00;Burkina Faso;2017;854;Burkina Faso;BFA;439,00;Burkina Faso 2017;BFA17;67,51;0,22;1,07;0,58
854,00;Burkina Faso;2018;854;Burkina Faso;BFA;439,00;Burkina Faso 2018;BFA18;79,02;0,21;1,39;0,57
854,00;Burkina Faso;2019;854;Burkina Faso;BFA;439,00;Burkina Faso 2019;BFA19;85,63;0,30;1,51;0,54
854,00;Burkina Faso;2020;854;Burkina Faso;BFA;439,00;Burkina Faso 2020;BFA20;82,62;0,30;1,43;0,54
854,00;Burkina Faso;2021;854;Burkina Faso;BFA;439,00;Burkina Faso 2021;BFA21;88,87;0,39;1,52;0,54
854,00;Burkina Faso;2022;854;Burkina Faso;BFA;439,00;Burkina Faso 2022;BFA22;100,51;0,45;1,76;0,54
854,00;Burkina Faso;2023;854;Burkina Faso;BFA;439,00;Burkina Faso 2023;BFA23;113,27;0,47;2,09;0,54
858,00;Uruguay;1990;858;Uruguay;URY;165,00;Uruguay 1990;URY90;143,33;1,33;1,73;0,45
858,00;Uruguay;1991;858;Uruguay;URY;165,00;Uruguay 1991;URY91;129,74;1,38;1,39;0,41
858,00;Uruguay;1992;858;Uruguay;URY;165,00;Uruguay 1992;URY92;138,64;1,44;1,55;0,41
858,00;Uruguay;1993;858;Uruguay;URY;165,00;Uruguay 1993;URY93;139,92;1,48;1,54;0,41
858,00;Uruguay;1994;858;Uruguay;URY;165,00;Uruguay 1994;URY94;155,07;1,48;1,48;0,42
858,00;Uruguay;1995;858;Uruguay;URY;165,00;Uruguay 1995;URY95;143,18;1,57;1,54;0,41
858,00;Uruguay;1996;858;Uruguay;URY;165,00;Uruguay 1996;URY96;145,30;1,55;1,59;0,42
858,00;Uruguay;1997;858;Uruguay;URY;165,00;Uruguay 1997;URY97;140,23;1,55;1,49;0,41
858,00;Uruguay;1998;858;Uruguay;URY;165,00;Uruguay 1998;URY98;138,59;1,57;1,42;0,40
858,00;Uruguay;1999;858;Uruguay;URY;165,00;Uruguay 1999;URY99;159,25;1,56;1,50;0,40
858,00;Uruguay;2000;858;Uruguay;URY;165,00;Uruguay 2000;URY00;139,54;1,57;1,49;0,37
858,00;Uruguay;2001;858;Uruguay;URY;165,00;Uruguay 2001;URY01;141,14;1,59;1,50;0,37
858,00;Uruguay;2002;858;Uruguay;URY;165,00;Uruguay 2002;URY02;137,99;1,59;1,51;0,66
858,00;Uruguay;2003;858;Uruguay;URY;165,00;Uruguay 2003;URY03;134,11;1,59;1,40;0,66
858,00;Uruguay;2004;858;Uruguay;URY;165,00;Uruguay 2004;URY04;133,03;1,62;1,35;0,66
858,00;Uruguay;2005;858;Uruguay;URY;165,00;Uruguay 2005;URY05;133,04;1,63;1,34;0,66
858,00;Uruguay;2006;858;Uruguay;URY;165,00;Uruguay 2006;URY06;127,37;1,45;1,34;0,69
858,00;Uruguay;2007;858;Uruguay;URY;165,00;Uruguay 2007;URY07;123,24;1,44;1,25;0,68
858,00;Uruguay;2008;858;Uruguay;URY;165,00;Uruguay 2008;URY08;129,34;1,57;1,28;0,68
858,00;Uruguay;2009;858;Uruguay;URY;165,00;Uruguay 2009;URY09;125,70;1,51;1,26;0,66
858,00;Uruguay;2010;858;Uruguay;URY;165,00;Uruguay 2010;URY10;129,79;1,60;1,28;0,66
858,00;Uruguay;2011;858;Uruguay;URY;165,00;Uruguay 2011;URY11;126,44;1,58;1,21;0,66
858,00;Uruguay;2012;858;Uruguay;URY;165,00;Uruguay 2012;URY12;127,85;1,59;1,25;0,66
858,00;Uruguay;2013;858;Uruguay;URY;165,00;Uruguay 2013;URY13;134,71;1,77;1,25;0,66
858,00;Uruguay;2014;858;Uruguay;URY;165,00;Uruguay 2014;URY14;137,94;1,76;1,25;0,37
858,00;Uruguay;2015;858;Uruguay;URY;165,00;Uruguay 2015;URY15;138,07;1,77;1,25;0,37
858,00;Uruguay;2016;858;Uruguay;URY;165,00;Uruguay 2016;URY16;137,06;1,89;1,20;0,65
858,00;Uruguay;2017;858;Uruguay;URY;165,00;Uruguay 2017;URY17;137,01;1,89;1,24;0,61
858,00;Uruguay;2018;858;Uruguay;URY;165,00;Uruguay 2018;URY18;136,82;1,88;1,30;0,55
858,00;Uruguay;2019;858;Uruguay;URY;165,00;Uruguay 2019;URY19;135,70;1,89;1,26;0,55
858,00;Uruguay;2020;858;Uruguay;URY;165,00;Uruguay 2020;URY20;138,14;1,89;1,33;0,55
858,00;Uruguay;2021;858;Uruguay;URY;165,00;Uruguay 2021;URY21;137,85;1,89;1,35;0,52
858,00;Uruguay;2022;858;Uruguay;URY;165,00;Uruguay 2022;URY22;133,52;1,89;1,24;0,52
858,00;Uruguay;2023;858;Uruguay;URY;165,00;Uruguay 2023;URY23;136,32;1,89;1,31;0,52
860,00;Uzbekistan;1994;860;Uzbekistan;UZB;704,00;Uzbekistan 1994;UZB94;107,07;1,25;1,13;0,26
860,00;Uzbekistan;1995;860;Uzbekistan;UZB;704,00;Uzbekistan 1995;UZB95;84,89;1,22;0,91;0,21
860,00;Uzbekistan;1996;860;Uzbekistan;UZB;704,00;Uzbekistan 1996;UZB96;91,09;1,30;0,97;0,22
860,00;Uzbekistan;1997;860;Uzbekistan;UZB;704,00;Uzbekistan 1997;UZB97;105,53;1,45;1,07;0,37
860,00;Uzbekistan;1998;860;Uzbekistan;UZB;704,00;Uzbekistan 1998;UZB98;107,70;1,44;1,08;0,42
860,00;Uzbekistan;1999;860;Uzbekistan;UZB;704,00;Uzbekistan 1999;UZB99;112,50;1,44;1,23;0,40
860,00;Uzbekistan;2000;860;Uzbekistan;UZB;704,00;Uzbekistan 2000;UZB00;97,91;1,37;0,97;0,34
860,00;Uzbekistan;2001;860;Uzbekistan;UZB;704,00;Uzbekistan 2001;UZB01;88,63;1,37;0,76;0,31
860,00;Uzbekistan;2002;860;Uzbekistan;UZB;704,00;Uzbekistan 2002;UZB02;81,86;1,36;0,58;0,31
860,00;Uzbekistan;2003;860;Uzbekistan;UZB;704,00;Uzbekistan 2003;UZB03;79,79;1,35;0,53;0,31
860,00;Uzbekistan;2004;860;Uzbekistan;UZB;704,00;Uzbekistan 2004;UZB04;79,56;1,34;0,54;0,31
860,00;Uzbekistan;2005;860;Uzbekistan;UZB;704,00;Uzbekistan 2005;UZB05;80,31;1,33;0,54;0,33
860,00;Uzbekistan;2006;860;Uzbekistan;UZB;704,00;Uzbekistan 2006;UZB06;79,95;1,33;0,54;0,33
860,00;Uzbekistan;2018;860;Uzbekistan;UZB;704,00;Uzbekistan 2018;UZB18;128,76;1,21;2,03;0,28
860,00;Uzbekistan;2019;860;Uzbekistan;UZB;704,00;Uzbekistan 2019;UZB19;127,51;1,20;2,01;0,28
860,00;Uzbekistan;2020;860;Uzbekistan;UZB;704,00;Uzbekistan 2020;UZB20;131,27;1,18;1,94;0,10
860,00;Uzbekistan;2021;860;Uzbekistan;UZB;704,00;Uzbekistan 2021;UZB21;130,76;1,21;1,90;0,10
862,00;Venezuela (Bolivarian Republic of);1990;862;Venezuela;VEN;101,00;Venezuela 1990;VEN90;98,89;1,09;1,17;0,18
862,00;Venezuela (Bolivarian Republic of);1991;862;Venezuela;VEN;101,00;Venezuela 1991;VEN91;106,08;1,09;1,33;0,18
862,00;Venezuela (Bolivarian Republic of);1992;862;Venezuela;VEN;101,00;Venezuela 1992;VEN92;103,27;1,12;1,24;0,18
862,00;Venezuela (Bolivarian Republic of);1993;862;Venezuela;VEN;101,00;Venezuela 1993;VEN93;113,27;1,12;1,49;0,18
862,00;Venezuela (Bolivarian Republic of);1994;862;Venezuela;VEN;101,00;Venezuela 1994;VEN94;100,96;1,08;1,22;0,18
862,00;Venezuela (Bolivarian Republic of);1995;862;Venezuela;VEN;101,00;Venezuela 1995;VEN95;98,14;1,05;1,19;0,18
862,00;Venezuela (Bolivarian Republic of);1996;862;Venezuela;VEN;101,00;Venezuela 1996;VEN96;87,86;1,08;0,91;0,18
862,00;Venezuela (Bolivarian Republic of);1997;862;Venezuela;VEN;101,00;Venezuela 1997;VEN97;105,52;1,04;1,38;0,17
862,00;Venezuela (Bolivarian Republic of);1998;862;Venezuela;VEN;101,00;Venezuela 1998;VEN98;99,49;1,03;1,25;0,17
862,00;Venezuela (Bolivarian Republic of);1999;862;Venezuela;VEN;101,00;Venezuela 1999;VEN99;94,90;1,03;1,15;0,17
862,00;Venezuela (Bolivarian Republic of);2000;862;Venezuela;VEN;101,00;Venezuela 2000;VEN00;96,38;1,02;1,20;0,16
862,00;Venezuela (Bolivarian Republic of);2001;862;Venezuela;VEN;101,00;Venezuela 2001;VEN01;96,75;1,01;1,21;0,43
862,00;Venezuela (Bolivarian Republic of);2002;862;Venezuela;VEN;101,00;Venezuela 2002;VEN02;87,67;1,00;0,98;0,43
862,00;Venezuela (Bolivarian Republic of);2003;862;Venezuela;VEN;101,00;Venezuela 2003;VEN03;89,32;1,03;1,00;0,42
862,00;Venezuela (Bolivarian Republic of);2004;862;Venezuela;VEN;101,00;Venezuela 2004;VEN04;91,25;1,02;1,06;0,42
862,00;Venezuela (Bolivarian Republic of);2005;862;Venezuela;VEN;101,00;Venezuela 2005;VEN05;107,70;1,00;1,09;0,42
862,00;Venezuela (Bolivarian Republic of);2006;862;Venezuela;VEN;101,00;Venezuela 2006;VEN06;100,21;0,77;1,14;0,42
862,00;Venezuela (Bolivarian Republic of);2007;862;Venezuela;VEN;101,00;Venezuela 2007;VEN07;102,97;0,79;1,11;0,21
862,00;Venezuela (Bolivarian Republic of);2008;862;Venezuela;VEN;101,00;Venezuela 2008;VEN08;101,59;0,80;1,08;0,21
862,00;Venezuela (Bolivarian Republic of);2009;862;Venezuela;VEN;101,00;Venezuela 2009;VEN09;88,85;0,78;0,84;0,20
862,00;Venezuela (Bolivarian Republic of);2010;862;Venezuela;VEN;101,00;Venezuela 2010;VEN10;83,42;0,78;0,73;0,20
862,00;Venezuela (Bolivarian Republic of);2011;862;Venezuela;VEN;101,00;Venezuela 2011;VEN11;88,85;0,84;0,79;0,20
862,00;Venezuela (Bolivarian Republic of);2012;862;Venezuela;VEN;101,00;Venezuela 2012;VEN12;99,85;0,96;0,89;0,20
862,00;Venezuela (Bolivarian Republic of);2013;862;Venezuela;VEN;101,00;Venezuela 2013;VEN13;108,30;1,00;1,03;0,19
862,00;Venezuela (Bolivarian Republic of);2014;862;Venezuela;VEN;101,00;Venezuela 2014;VEN14;97,42;1,00;0,81;0,19
862,00;Venezuela (Bolivarian Republic of);2015;862;Venezuela;VEN;101,00;Venezuela 2015;VEN15;103,96;1,01;0,69;0,43
862,00;Venezuela (Bolivarian Republic of);2016;862;Venezuela;VEN;101,00;Venezuela 2016;VEN16;88,86;1,01;0,39;0,43
862,00;Venezuela (Bolivarian Republic of);2017;862;Venezuela;VEN;101,00;Venezuela 2017;VEN17;143,98;1,01;1,23;1,10
862,00;Venezuela (Bolivarian Republic of);2018;862;Venezuela;VEN;101,00;Venezuela 2018;VEN18;84,89;1,02;0,20;1,11
862,00;Venezuela (Bolivarian Republic of);2019;862;Venezuela;VEN;101,00;Venezuela 2019;VEN19;136,91;1,03;1,57;1,13
862,00;Venezuela (Bolivarian Republic of);2020;862;Venezuela;VEN;101,00;Venezuela 2020;VEN20;125,95;1,04;1,26;1,14
862,00;Venezuela (Bolivarian Republic of);2021;862;Venezuela;VEN;101,00;Venezuela 2021;VEN21;95,55;1,13;0,35;1,14
862,00;Venezuela (Bolivarian Republic of);2022;862;Venezuela;VEN;101,00;Venezuela 2022;VEN22;105,82;1,11;0,65;1,14
862,00;Venezuela (Bolivarian Republic of);2023;862;Venezuela;VEN;101,00;Venezuela 2023;VEN23;88,07;1,06;0,52;0,59
887,00;Yemen;1990;887;Yemen;YEM;679,00;Yemen 1990;YEM90;228,20;2,19;2,97;0,42
887,00;Yemen;1991;887;Yemen;YEM;679,00;Yemen 1991;YEM91;226,79;2,16;3,06;0,33
887,00;Yemen;1992;887;Yemen;YEM;679,00;Yemen 1992;YEM92;226,46;2,13;3,10;0,31
887,00;Yemen;1993;887;Yemen;YEM;679,00;Yemen 1993;YEM93;226,39;2,11;3,04;0,38
887,00;Yemen;1994;887;Yemen;YEM;679,00;Yemen 1994;YEM94;223,02;1,93;3,28;0,24
887,00;Yemen;1995;887;Yemen;YEM;679,00;Yemen 1995;YEM95;204,41;1,91;2,86;0,23
887,00;Yemen;1996;887;Yemen;YEM;679,00;Yemen 1996;YEM96;200,43;1,94;2,61;0,35
887,00;Yemen;1997;887;Yemen;YEM;679,00;Yemen 1997;YEM97;222,98;1,92;2,72;1,41
887,00;Yemen;1998;887;Yemen;YEM;679,00;Yemen 1998;YEM98;221,88;1,96;2,71;1,35
887,00;Yemen;1999;887;Yemen;YEM;679,00;Yemen 1999;YEM99;215,26;1,94;2,57;1,34
887,00;Yemen;2000;887;Yemen;YEM;679,00;Yemen 2000;YEM00;204,35;1,76;2,46;1,33
887,00;Yemen;2001;887;Yemen;YEM;679,00;Yemen 2001;YEM01;206,11;1,76;2,58;1,26
887,00;Yemen;2002;887;Yemen;YEM;679,00;Yemen 2002;YEM02;220,96;1,79;2,90;1,31
887,00;Yemen;2003;887;Yemen;YEM;679,00;Yemen 2003;YEM03;200,77;1,75;2,81;0,35
887,00;Yemen;2004;887;Yemen;YEM;679,00;Yemen 2004;YEM04;197,40;1,73;2,49;1,15
887,00;Yemen;2005;887;Yemen;YEM;679,00;Yemen 2005;YEM05;192,35;1,70;2,40;1,12
887,00;Yemen;2006;887;Yemen;YEM;679,00;Yemen 2006;YEM06;185,01;1,68;2,23;1,12
887,00;Yemen;2007;887;Yemen;YEM;679,00;Yemen 2007;YEM07;188,73;1,67;2,35;1,11
887,00;Yemen;2008;887;Yemen;YEM;679,00;Yemen 2008;YEM08;183,62;1,65;2,25;1,09
887,00;Yemen;2009;887;Yemen;YEM;679,00;Yemen 2009;YEM09;193,16;1,63;2,54;1,08
887,00;Yemen;2010;887;Yemen;YEM;679,00;Yemen 2010;YEM10;185,33;1,61;2,36;1,07
887,00;Yemen;2011;887;Yemen;YEM;679,00;Yemen 2011;YEM11;188,72;1,62;2,45;1,06
887,00;Yemen;2012;887;Yemen;YEM;679,00;Yemen 2012;YEM12;183,07;1,60;2,32;1,05
887,00;Yemen;2013;887;Yemen;YEM;679,00;Yemen 2013;YEM13;177,66;1,58;2,20;1,05
887,00;Yemen;2014;887;Yemen;YEM;679,00;Yemen 2014;YEM14;174,61;1,57;2,18;1,01
887,00;Yemen;2015;887;Yemen;YEM;679,00;Yemen 2015;YEM15;111,32;0,00;2,23;0,82
887,00;Yemen;2016;887;Yemen;YEM;679,00;Yemen 2016;YEM16;111,84;0,02;2,23;0,81
887,00;Yemen;2017;887;Yemen;YEM;679,00;Yemen 2017;YEM17;111,68;0,02;2,23;0,81
894,00;Zambia;1990;894;Zambia;ZMB;551,00;Zambia 1990;ZMB90;147,29;1,18;2,32;0,11
894,00;Zambia;1991;894;Zambia;ZMB;551,00;Zambia 1991;ZMB91;124,04;1,16;1,76;0,12
894,00;Zambia;1992;894;Zambia;ZMB;551,00;Zambia 1992;ZMB92;127,45;1,12;1,86;0,16
894,00;Zambia;1993;894;Zambia;ZMB;551,00;Zambia 1993;ZMB93;97,96;1,09;1,18;0,14
894,00;Zambia;1994;894;Zambia;ZMB;551,00;Zambia 1994;ZMB94;116,27;1,08;1,31;0,15
894,00;Zambia;1995;894;Zambia;ZMB;551,00;Zambia 1995;ZMB95;99,91;0,91;1,15;0,13
894,00;Zambia;1996;894;Zambia;ZMB;551,00;Zambia 1996;ZMB96;86,89;0,89;0,89;0,13
894,00;Zambia;1997;894;Zambia;ZMB;551,00;Zambia 1997;ZMB97;84,98;0,89;0,85;0,13
894,00;Zambia;1998;894;Zambia;ZMB;551,00;Zambia 1998;ZMB98;83,65;0,88;0,84;0,12
894,00;Zambia;1999;894;Zambia;ZMB;551,00;Zambia 1999;ZMB99;99,00;0,86;1,19;0,12
894,00;Zambia;2000;894;Zambia;ZMB;551,00;Zambia 2000;ZMB00;91,63;0,85;1,30;0,12
894,00;Zambia;2001;894;Zambia;ZMB;551,00;Zambia 2001;ZMB01;89,03;0,83;1,26;0,10
894,00;Zambia;2002;894;Zambia;ZMB;551,00;Zambia 2002;ZMB02;86,70;0,82;1,23;0,10
894,00;Zambia;2004;894;Zambia;ZMB;551,00;Zambia 2004;ZMB04;96,22;0,70;1,20;0,73
894,00;Zambia;2005;894;Zambia;ZMB;551,00;Zambia 2005;ZMB05;106,70;0,67;1,31;0,94
894,00;Zambia;2006;894;Zambia;ZMB;551,00;Zambia 2006;ZMB06;105,06;0,66;1,28;0,93
894,00;Zambia;2007;894;Zambia;ZMB;551,00;Zambia 2007;ZMB07;111,11;0,64;1,48;0,92
894,00;Zambia;2008;894;Zambia;ZMB;551,00;Zambia 2008;ZMB08;108,76;0,60;1,50;0,88
894,00;Zambia;2009;894;Zambia;ZMB;551,00;Zambia 2009;ZMB09;102,68;0,65;1,29;0,87
894,00;Zambia;2010;894;Zambia;ZMB;551,00;Zambia 2010;ZMB10;96,63;0,63;1,16;0,86
894,00;Zambia;2011;894;Zambia;ZMB;551,00;Zambia 2011;ZMB11;92,64;0,60;1,09;0,86
894,00;Zambia;2012;894;Zambia;ZMB;551,00;Zambia 2012;ZMB12;95,37;0,60;1,16;0,85
894,00;Zambia;2013;894;Zambia;ZMB;551,00;Zambia 2013;ZMB13;96,31;0,63;1,16;0,85
894,00;Zambia;2014;894;Zambia;ZMB;551,00;Zambia 2014;ZMB14;101,93;0,61;1,33;0,85
894,00;Zambia;2015;894;Zambia;ZMB;551,00;Zambia 2015;ZMB15;102,48;0,60;1,35;0,85
894,00;Zambia;2016;894;Zambia;ZMB;551,00;Zambia 2016;ZMB16;89,43;0,58;1,17;0,70
894,00;Zambia;2017;894;Zambia;ZMB;551,00;Zambia 2017;ZMB17;85,13;0,57;1,07;0,70
894,00;Zambia;2018;894;Zambia;ZMB;551,00;Zambia 2018;ZMB18;79,53;0,56;1,15;0,48
894,00;Zambia;2019;894;Zambia;ZMB;551,00;Zambia 2019;ZMB19;72,50;0,55;0,99;0,46
894,00;Zambia;2020;894;Zambia;ZMB;551,00;Zambia 2020;ZMB20;70,29;0,55;0,95;0,44
894,00;Zambia;2021;894;Zambia;ZMB;551,00;Zambia 2021;ZMB21;66,40;0,60;0,83;0,40
894,00;Zambia;2022;894;Zambia;ZMB;551,00;Zambia 2022;ZMB22;68,11;0,57;0,92;0,40
894,00;Zambia;2023;894;Zambia;ZMB;551,00;Zambia 2023;ZMB23;72,51;0,58;1,02;0,40
